
> apex-chaos-vite-refactor@0.1.0 test:arsenal:headless /home/runner/work/APEX-CHAOS/APEX-CHAOS
> pnpm arsenal:sfx:materialize && node tools/testArsenalQuestHeadless.mjs


> apex-chaos-vite-refactor@0.1.0 arsenal:sfx:materialize /home/runner/work/APEX-CHAOS/APEX-CHAOS
> node tools/materializeArsenalFinalSfx.mjs

Materialized 20 owner-approved final-lock SFX files (masters/audio, outside public/).
[Apex Chaos] SHOTGUN champion integrated {
  ok: true,
  errors: [],
  totals: {
    '1': 10,
    '2': 16,
    '3': 22.5,
    '4': 28,
    '5': 32.5,
    '6': 36,
    '7': 38.5
  },
  constants: {
    PELLET_COUNT: 7,
    PELLET_DAMAGE: 10,
    CONE_DEGREES: 60,
    RAY_WIDTH: 10,
    MAX_SHELLS: 6,
    SHOT_CYCLE: 2,
    PUMP_READY_TIME: 1.9,
    SHOT_AFTER_TIME: 0.2,
    SHOT_SPIN_START: 0.8,
    SHOT_SPIN_END: 1.5,
    SHOT_READY_TIME: 1.9,
    LONG_RELOAD_TIME: 7,
    LONG_RELOAD_FILL_TIME: 6,
    HARD_STUN_IMMUNITY: 2.5,
    HOOK_MIN_RANGE: 700,
    HOOK_MAX_RANGE: 800,
    HOOK_MIN_GAP: 700,
    HOOK_MAX_GAP: 800,
    HOOK_PULL: 85,
    HOOK_DASH: 140,
    HOOK_FLIGHT_TIME: 0.12,
    HOOK_PULL_END: 0.68,
    HOOK_SHOT_TIME: 0.72,
    HOOK_LOCK_TIME: 1,
    GUN_X: -7,
    GUN_Y: 45,
    GUN_WIDTH: 60,
    GUN_LENGTH: 238,
    GUN_RECOIL: 24,
    MUZZLE_SIDE_OFFSET: -4,
    COUNTER_RANGE: 150,
    COUNTER_RECOIL: 210,
    COUNTER_CONE_SCALE: 0.85,
    SHOT_LOCK_TIME: 0.18,
    GUN_SPIN_TIME: 0.7,
    COUNTER_SPIN_TIME: 0.34,
    HEAT_PER_SHOT: 5,
    COOLING_TIME_AT_FULL_HEAT: 15,
    BUTT_STRIKE_DAMAGE: 5,
    BUTT_STRIKE_INTERVAL: 1,
    BUTT_STRIKE_VISUAL_INTERVAL: 0.24,
    BUTT_STRIKE_VISUAL_TIME: 0.22,
    RELOAD_SPIN_TIME: 1,
    DOUBLE_DELAY: 0.22,
    MULTIPLIER: {
      '1': 1,
      '2': 0.8,
      '3': 0.75,
      '4': 0.7,
      '5': 0.65,
      '6': 0.6,
      '7': 0.55
    }
  },
  assets: {
    body: '/assets/shotgun_v1/body.webp',
    gunReady: '/assets/shotgun_v1/gun_ready.webp',
    gunAfter: '/assets/shotgun_v1/gun_after.webp',
    gunPump: '/assets/shotgun_v1/gun_pump.webp',
    muzzle: '/assets/shotgun_v1/muzzle.webp',
    pellet: '/assets/shotgun_v1/pellet.webp',
    shell: '/assets/shotgun_v1/shell.webp',
    hookRope: '/assets/shotgun_v1/hook_rope.webp',
    hookHead: '/assets/shotgun_v1/hook_head.webp',
    ring0: '/assets/shotgun_v1/ring_0.webp',
    ring1: '/assets/shotgun_v1/ring_1.webp',
    ring2: '/assets/shotgun_v1/ring_2.webp',
    ring3: '/assets/shotgun_v1/ring_3.webp',
    ring4: '/assets/shotgun_v1/ring_4.webp',
    ring5: '/assets/shotgun_v1/ring_5.webp',
    ring6: '/assets/shotgun_v1/ring_6.webp',
    pickButton: '/assets/shotgun_v1/pick_button.webp',
    picked: '/assets/shotgun_v1/picked.webp'
  }
}
[Apex Chaos] ENGINEER champion integrated { assets: 40, spec: 'scrap-build-merge-war-machine' }
[Apex Final] canonical identity + balance merge loaded [
  'RUBBER',   'ICE',       'VAMPIRE',
  'STRING',   'VOLCANO',   'MAGNET',
  'FLASH',    'ELECTRIC',  'ORBIT',
  'TOXIC',    'MIRROR',    'BLACK_HOLE',
  'SAW',      'BLADE',     'NOVA',
  'HUNTER',   'CRYSTAL',   'VIRUS',
  'DRUM',     'CARD',      'MATH',
  'MATH_V2',  'SNIPER',    'SLIME',
  'TIME',     'WOLF',      'PUPPET',
  'WITCH',    'PIRATE',    'PAINTER',
  'KUNGFU',   'SUPERSTAR', 'SHOTGUN',
  'ENGINEER'
]
[Apex Chaos] roster replacement loaded {
  removed: [ 'MAGNET', 'MATH_V2', 'HUNTER', 'PAINTER', 'WITCH' ],
  added: [ 'MUSICIAN', 'MASTER_CHEF', 'MASK', 'ARCADE', 'NINJA' ],
  roster: [
    'RUBBER',      'ICE',        'VAMPIRE',
    'STRING',      'VOLCANO',    'FLASH',
    'ELECTRIC',    'ORBIT',      'TOXIC',
    'MIRROR',      'BLACK_HOLE', 'SAW',
    'BLADE',       'NOVA',       'CRYSTAL',
    'VIRUS',       'DRUM',       'CARD',
    'MATH',        'SNIPER',     'SLIME',
    'TIME',        'WOLF',       'PUPPET',
    'PIRATE',      'KUNGFU',     'SUPERSTAR',
    'SHOTGUN',     'ENGINEER',   'MUSICIAN',
    'MASTER_CHEF', 'MASK',       'ARCADE',
    'NINJA'
  ],
  count: 34
}
[Apex Chaos] text hygiene failed ReferenceError: CanvasRenderingContext2D is not defined
    at patchCanvasText (eval at loadScript (file:///home/runner/work/APEX-CHAOS/APEX-CHAOS/tools/testArsenalQuestHeadless.mjs:212:9), <anonymous>:107:21)
    at apexTextHygiene (eval at loadScript (file:///home/runner/work/APEX-CHAOS/APEX-CHAOS/tools/testArsenalQuestHeadless.mjs:212:9), <anonymous>:118:5)
    at eval (eval at loadScript (file:///home/runner/work/APEX-CHAOS/APEX-CHAOS/tools/testArsenalQuestHeadless.mjs:212:9), <anonymous>:134:3)
    at eval (<anonymous>)
    at loadScript (file:///home/runner/work/APEX-CHAOS/APEX-CHAOS/tools/testArsenalQuestHeadless.mjs:212:9)
    at file:///home/runner/work/APEX-CHAOS/APEX-CHAOS/tools/testArsenalQuestHeadless.mjs:227:3
    at ModuleJob.run (node:internal/modules/esm/module_job:343:25)
    at async onImport.tracePromise.__proto__ (node:internal/modules/esm/loader:681:26)
    at async asyncRunEntryPointWithESMLoader (node:internal/modules/run_main:117:5)
[Apex Chaos] ICE visual, audio, and Rage ICE AGE integrated {
  mainStatic: 'assets/ice_v1/normalized/iceMainStatic.webp',
  fingerGunPose: 'assets/ice_v1/normalized/iceFingerGunPose.webp',
  laneStartSegment: 'assets/ice_v1/normalized/iceLaneStartSegment.webp',
  shardProjectile: 'assets/ice_v1/normalized/iceShardProjectile.webp',
  frozenText: 'assets/ice_v1/normalized/frozenText.webp',
  iceBlockOverlay: 'assets/ice_v1/normalized/iceBlockOverlay.webp',
  fullArenaFrozenOverlay: 'assets/ice_v1/normalized/fullArenaFrozenOverlay.webp',
  iceAgeText: 'assets/ice_v1/normalized/iceAgeText.webp'
} {
  castHaki: 'assets/ice_v1/audio/cast_haki.mp3',
  castFreeze: 'assets/ice_v1/audio/cast_freeze_hq.mp3',
  iceAgeCall: 'assets/ice_v1/audio/ice_age_call.mp3',
  ambientWind: 'assets/ice_v1/audio/ambient_wind.mp3',
  ambientIceCrack: 'assets/ice_v1/audio/ambient_ice_crack.mp3',
  ambientFreezeCrack: 'assets/ice_v1/audio/ambient_freeze_crack.mp3',
  freezeTarget: 'assets/ice_v1/audio/freeze_target.mp3',
  iceDartFly: 'assets/ice_v1/audio/ice_dart_fly.mp3',
  iceDartHit: 'assets/ice_v1/audio/ice_dart_hit.mp3'
}
[Apex Chaos] KATANA champion integrated {
  registered: 1,
  frames: 48,
  releaseFrame: 17,
  pickButton: '/assets/katana_v1/pickButton.webp',
  picked: '/assets/katana_v1/picked.webp',
  visualWarmupReady: false
}
[Apex Chaos] FANG V7 integrated {
  registered: 1,
  frames: { normal: 13, hunt: 22, howl: 48 },
  pounceSpeed: 1904.7619047619048,
  pickButton: '/assets/fang_v1/selectionButton.webp',
  picked: '/assets/fang_v1/selectionVisual.webp'
}
PASS  runtime-registered  — {"bootLoadErrors":["/game/fighters/soccerChampionRuntime.js"]}
PASS  normal-modes-launch  — {"selectState":"SELECT","menuState":"MENU","menuVisible":true,"normalMatchState":"PLAYING","normalFighters":["ICE","TOXIC"],"normalSimMoved":true,"menuAfterMatch":"MENU"}
[AQ] MODE_ENTER mode=ARSENAL_QUEST
PASS  entry-state  — {"gameState":"ARSENAL","hero":{"name":"HERO","hp":1000,"maxHp":1000,"x":220,"y":500,"weapon":"NONE","weaponPhase":null,"shotsFired":0},"rival":{"name":"RIVAL","hp":1000,"maxHp":1000,"x":780,"y":500,"weapon":"NONE","weaponPhase":null,"shotsFired":0},"hudOpacity":"1","menuHidden":true,"p1Name":"HERO","p2Name":"RIVAL"}
[AQ] MODE_ENTER mode=ARSENAL_QUEST
[AQ] SPAWN_SLOT id=1 x=647 y=305 lead=2.00
Not implemented: HTMLMediaElement's pause() method
Not implemented: HTMLMediaElement's pause() method
Not implemented: HTMLMediaElement's pause() method
Not implemented: HTMLMediaElement's pause() method
Not implemented: HTMLMediaElement's pause() method
Not implemented: HTMLMediaElement's pause() method
Not implemented: HTMLMediaElement's pause() method
Not implemented: HTMLMediaElement's pause() method
Not implemented: HTMLMediaElement's pause() method
[AQ] REVEAL id=1 weapon=GLOCK_17 eta=null lead=2.00 fighter=TIMEOUT force=true
[AQ] SPAWN_SLOT id=2 x=293 y=392 lead=2.00
[AQ] REVEAL id=2 weapon=TEC_9 eta=null lead=2.00 fighter=TIMEOUT force=true
[AQ] SPAWN_SLOT id=3 x=395 y=901 lead=2.00
[AQ] REVEAL id=3 weapon=MBR eta=null lead=2.00 fighter=TIMEOUT force=true
[AQ] SPAWN_SLOT id=4 x=714 y=715 lead=2.00
[AQ] REVEAL id=4 weapon=PISTOL eta=null lead=2.00 fighter=TIMEOUT force=true
[AQ] SPAWN_SLOT id=5 x=360 y=100 lead=2.00
PASS  spawn-cadence-3.0s  — spawnTimes=[0.1,4.6,9.1,13.6,18.1] gaps=[4.5,4.5,4.5,4.5]
PASS  reveal-lead-fixed-2.0  — [2,2,2,2,2]
PASS  multi-slot-coexist  — maxActiveSlots=5
PASS  force-reveals-only-while-unapproached  — reveals=4 (all force=true, identity null while hidden)
[AQ] MODE_ENTER mode=ARSENAL_QUEST
Not implemented: HTMLMediaElement's pause() method
Not implemented: HTMLMediaElement's pause() method
Not implemented: HTMLMediaElement's pause() method
Not implemented: HTMLMediaElement's pause() method
Not implemented: HTMLMediaElement's pause() method
Not implemented: HTMLMediaElement's pause() method
Not implemented: HTMLMediaElement's pause() method
Not implemented: HTMLMediaElement's pause() method
Not implemented: HTMLMediaElement's pause() method
[AQ] REVEAL id=1 weapon=PISTOL eta=null lead=2.00 fighter=TIMEOUT force=true
[AQ] PICKUP id=1 fighter=HERO weapon=PISTOL
[AQ] USE fighter=HERO weapon=PISTOL
[AQ] SHOT fighter=HERO weapon=PISTOL t=4.083
[AQ] HIT source=HERO target=RIVAL weapon=PISTOL damage=47.3
[AQ] SHOT fighter=HERO weapon=PISTOL t=4.300
[AQ] HIT source=HERO target=RIVAL weapon=PISTOL damage=31.5
[AQ] SHOT fighter=HERO weapon=PISTOL t=4.517
[AQ] REVEAL id=2 weapon=MAGNUM_500 eta=1.36 lead=2.00 fighter=HERO force=false
PASS  hidden-until-force-age-3.0  — {"id":1,"phase":"TELEGRAPH","age":2.9,"weaponId":null,"revealLeadSeconds":2,"predictedHeroETA":null,"predictedRivalETA":null,"earliestETA":null,"predictedFighter":null}
PASS  telegraph-no-identity
PASS  force-reveal-at-3.0-not-autopickup  — [AQ] REVEAL id=1 weapon=PISTOL eta=null lead=2.00 fighter=TIMEOUT force=true
PASS  movement-reveal-lead-2.0  — [AQ] REVEAL id=2 weapon=MAGNUM_500 eta=1.36 lead=2.00 fighter=HERO force=false eta=1.36
[AQ] MODE_ENTER mode=ARSENAL_QUEST
Not implemented: HTMLMediaElement's pause() method
Not implemented: HTMLMediaElement's pause() method
Not implemented: HTMLMediaElement's pause() method
Not implemented: HTMLMediaElement's pause() method
Not implemented: HTMLMediaElement's pause() method
Not implemented: HTMLMediaElement's pause() method
Not implemented: HTMLMediaElement's pause() method
Not implemented: HTMLMediaElement's pause() method
Not implemented: HTMLMediaElement's pause() method
[AQ] REVEAL id=2 weapon=SHOTGUN eta=0.80 lead=2.00 fighter=HERO force=false
[AQ] REVEAL id=3 weapon=MOSSBERG_500 eta=0.06 lead=2.00 fighter=HERO force=false
[AQ] PICKUP id=3 fighter=HERO weapon=MOSSBERG_500
PASS  near-miss-outside-circle-stays-hidden  — {"nearMissStayedHidden":true,"edgeOfCircleReveals":true,"edgeLog":"[AQ] REVEAL id=2 weapon=SHOTGUN eta=0.80 lead=2.00 fighter=HERO force=false","hiddenBeforeBounce":true,"revealedAfterBounce":true,"bounceLog":"[AQ] REVEAL id=3 weapon=MOSSBERG_500 eta=0.06 lead=2.00 fighter=HERO force=false"}
PASS  edge-of-circle-approach-reveals  — [AQ] REVEAL id=2 weapon=SHOTGUN eta=0.80 lead=2.00 fighter=HERO force=false
PASS  no-reveal-before-bounce  — hidden=true after=true [AQ] REVEAL id=3 weapon=MOSSBERG_500 eta=0.06 lead=2.00 fighter=HERO force=false
[AQ] MODE_ENTER mode=ARSENAL_QUEST
[AQ] MELEE_DECIDE fighter=RIVAL weapon=SABRE decision=throw
[AQ] PICKUP id=1 fighter=RIVAL weapon=SABRE
[AQ] THROW fighter=RIVAL weapon=SABRE ricochets=3
[AQ] CONSUME fighter=RIVAL weapon=SABRE reason=thrown
Not implemented: HTMLMediaElement's pause() method
Not implemented: HTMLMediaElement's pause() method
Not implemented: HTMLMediaElement's pause() method
Not implemented: HTMLMediaElement's pause() method
Not implemented: HTMLMediaElement's pause() method
Not implemented: HTMLMediaElement's pause() method
Not implemented: HTMLMediaElement's pause() method
Not implemented: HTMLMediaElement's pause() method
Not implemented: HTMLMediaElement's pause() method
[AQ] PICKUP id=2 fighter=HERO weapon=SMG
[AQ] HIT source=RIVAL target=HERO weapon=SABRE damage=126.0
[AQ] THROWN_PIN weapon=SABRE target=HERO pin=1s
[AQ] REJECT_PICKUP fighter=HERO id=3 reason=already-armed
[AQ] USE fighter=HERO weapon=SMG
[AQ] SHOT fighter=HERO weapon=SMG t=0.657
[AQ] HIT source=HERO target=RIVAL weapon=SMG damage=15.8
[AQ] SHOT fighter=HERO weapon=SMG t=0.740
[AQ] SHOT fighter=HERO weapon=SMG t=0.823
[AQ] HIT source=HERO target=RIVAL weapon=SMG damage=15.8
PASS  rival-can-collect
PASS  hero-can-collect
PASS  armed-fighter-cannot-vacuum
[AQ] MODE_ENTER mode=ARSENAL_QUEST
[AQ] SPAWN_SUPPRESSED active=5 cap=5
PASS  soft-cap-suppresses-and-logs
[AQ] MODE_ENTER mode=ARSENAL_QUEST
Not implemented: HTMLMediaElement's pause() method
Not implemented: HTMLMediaElement's pause() method
Not implemented: HTMLMediaElement's pause() method
Not implemented: HTMLMediaElement's pause() method
Not implemented: HTMLMediaElement's pause() method
Not implemented: HTMLMediaElement's pause() method
Not implemented: HTMLMediaElement's pause() method
Not implemented: HTMLMediaElement's pause() method
Not implemented: HTMLMediaElement's pause() method
[AQ] USE fighter=HERO weapon=PISTOL
[AQ] SHOT fighter=HERO weapon=PISTOL t=0.350
[AQ] HIT source=HERO target=RIVAL weapon=PISTOL damage=31.5
[AQ] SHOT fighter=HERO weapon=PISTOL t=0.567
[AQ] HIT source=HERO target=RIVAL weapon=PISTOL damage=31.5
[AQ] SHOT fighter=HERO weapon=PISTOL t=0.783
[AQ] HIT source=HERO target=RIVAL weapon=PISTOL damage=31.5
[AQ] CONSUME fighter=HERO weapon=PISTOL reason=sequence-complete
PASS  weapon-PISTOL  — dmg=94.5 USE=1 HIT=3 CONSUME=1
[AQ] MODE_ENTER mode=ARSENAL_QUEST
Not implemented: HTMLMediaElement's pause() method
Not implemented: HTMLMediaElement's pause() method
Not implemented: HTMLMediaElement's pause() method
Not implemented: HTMLMediaElement's pause() method
Not implemented: HTMLMediaElement's pause() method
Not implemented: HTMLMediaElement's pause() method
Not implemented: HTMLMediaElement's pause() method
Not implemented: HTMLMediaElement's pause() method
Not implemented: HTMLMediaElement's pause() method
[AQ] USE fighter=HERO weapon=SHOTGUN
[AQ] SHOT fighter=HERO weapon=SHOTGUN t=0.350
[AQ] HIT source=HERO target=RIVAL weapon=SHOTGUN damage=14.0
[AQ] HIT source=HERO target=RIVAL weapon=SHOTGUN damage=14.0
[AQ] HIT source=HERO target=RIVAL weapon=SHOTGUN damage=14.0
[AQ] HIT source=HERO target=RIVAL weapon=SHOTGUN damage=14.0
[AQ] HIT source=HERO target=RIVAL weapon=SHOTGUN damage=14.0
[AQ] HIT source=HERO target=RIVAL weapon=SHOTGUN damage=14.0
[AQ] SHOT fighter=HERO weapon=SHOTGUN t=0.617
[AQ] CONSUME fighter=HERO weapon=SHOTGUN reason=sequence-complete
[AQ] HIT source=HERO target=RIVAL weapon=SHOTGUN damage=14.0
[AQ] HIT source=HERO target=RIVAL weapon=SHOTGUN damage=14.0
[AQ] HIT source=HERO target=RIVAL weapon=SHOTGUN damage=14.0
[AQ] HIT source=HERO target=RIVAL weapon=SHOTGUN damage=14.0
[AQ] HIT source=HERO target=RIVAL weapon=SHOTGUN damage=14.0
[AQ] HIT source=HERO target=RIVAL weapon=SHOTGUN damage=14.0
PASS  weapon-SHOTGUN  — dmg=168 USE=1 HIT=12 CONSUME=1
[AQ] MODE_ENTER mode=ARSENAL_QUEST
Not implemented: HTMLMediaElement's pause() method
Not implemented: HTMLMediaElement's pause() method
Not implemented: HTMLMediaElement's pause() method
Not implemented: HTMLMediaElement's pause() method
Not implemented: HTMLMediaElement's pause() method
Not implemented: HTMLMediaElement's pause() method
Not implemented: HTMLMediaElement's pause() method
Not implemented: HTMLMediaElement's pause() method
Not implemented: HTMLMediaElement's pause() method
[AQ] USE fighter=HERO weapon=SMG
[AQ] SHOT fighter=HERO weapon=SMG t=0.350
[AQ] HIT source=HERO target=RIVAL weapon=SMG damage=15.8
[AQ] SHOT fighter=HERO weapon=SMG t=0.433
[AQ] HIT source=HERO target=RIVAL weapon=SMG damage=15.8
[AQ] SHOT fighter=HERO weapon=SMG t=0.517
[AQ] HIT source=HERO target=RIVAL weapon=SMG damage=15.8
[AQ] SHOT fighter=HERO weapon=SMG t=0.600
[AQ] HIT source=HERO target=RIVAL weapon=SMG damage=15.8
[AQ] SHOT fighter=HERO weapon=SMG t=0.683
[AQ] HIT source=HERO target=RIVAL weapon=SMG damage=15.8
[AQ] SHOT fighter=HERO weapon=SMG t=0.767
[AQ] HIT source=HERO target=RIVAL weapon=SMG damage=15.8
[AQ] SHOT fighter=HERO weapon=SMG t=0.850
[AQ] HIT source=HERO target=RIVAL weapon=SMG damage=15.8
[AQ] SHOT fighter=HERO weapon=SMG t=0.933
[AQ] HIT source=HERO target=RIVAL weapon=SMG damage=15.8
[AQ] CONSUME fighter=HERO weapon=SMG reason=sequence-complete
PASS  weapon-SMG  — dmg=126 USE=1 HIT=8 CONSUME=1
[AQ] MODE_ENTER mode=ARSENAL_QUEST
Not implemented: HTMLMediaElement's pause() method
Not implemented: HTMLMediaElement's pause() method
Not implemented: HTMLMediaElement's pause() method
Not implemented: HTMLMediaElement's pause() method
Not implemented: HTMLMediaElement's pause() method
Not implemented: HTMLMediaElement's pause() method
Not implemented: HTMLMediaElement's pause() method
Not implemented: HTMLMediaElement's pause() method
Not implemented: HTMLMediaElement's pause() method
[AQ] USE fighter=HERO weapon=SNIPER
[AQ] SHOT fighter=HERO weapon=SNIPER t=1.133
[AQ] CONSUME fighter=HERO weapon=SNIPER reason=shot-fired
[AQ] HIT source=HERO target=RIVAL weapon=SNIPER damage=266.0
PASS  weapon-SNIPER  — dmg=266 USE=1 HIT=1 CONSUME=1
[AQ] MODE_ENTER mode=ARSENAL_QUEST
Not implemented: HTMLMediaElement's pause() method
Not implemented: HTMLMediaElement's pause() method
Not implemented: HTMLMediaElement's pause() method
Not implemented: HTMLMediaElement's pause() method
Not implemented: HTMLMediaElement's pause() method
Not implemented: HTMLMediaElement's pause() method
Not implemented: HTMLMediaElement's pause() method
Not implemented: HTMLMediaElement's pause() method
Not implemented: HTMLMediaElement's pause() method
[AQ] USE fighter=HERO weapon=GRENADE
[AQ] CONSUME fighter=HERO weapon=GRENADE reason=thrown
[AQ] HIT source=HERO target=RIVAL weapon=GRENADE damage=73.0
[AQ] EXPLODE weapon=GRENADE x=689 y=500
PASS  weapon-GRENADE  — dmg=73 USE=1 HIT=1 CONSUME=1
[AQ] MODE_ENTER mode=ARSENAL_QUEST
[AQ] MELEE_DECIDE fighter=HERO weapon=SABRE decision=strike
[AQ] USE fighter=HERO weapon=SABRE
Not implemented: HTMLMediaElement's pause() method
Not implemented: HTMLMediaElement's pause() method
Not implemented: HTMLMediaElement's pause() method
Not implemented: HTMLMediaElement's pause() method
Not implemented: HTMLMediaElement's pause() method
Not implemented: HTMLMediaElement's pause() method
Not implemented: HTMLMediaElement's pause() method
Not implemented: HTMLMediaElement's pause() method
Not implemented: HTMLMediaElement's pause() method
[AQ] HIT source=HERO target=RIVAL weapon=SABRE damage=126.0
[AQ] CONSUME fighter=HERO weapon=SABRE reason=melee-resolved
PASS  weapon-SABRE  — dmg=126 USE=1 HIT=1 CONSUME=1
[AQ] MODE_ENTER mode=ARSENAL_QUEST
[AQ] MELEE_DECIDE fighter=HERO weapon=BATTLE_AXE decision=strike
[AQ] USE fighter=HERO weapon=BATTLE_AXE
Not implemented: HTMLMediaElement's pause() method
Not implemented: HTMLMediaElement's pause() method
Not implemented: HTMLMediaElement's pause() method
Not implemented: HTMLMediaElement's pause() method
Not implemented: HTMLMediaElement's pause() method
Not implemented: HTMLMediaElement's pause() method
Not implemented: HTMLMediaElement's pause() method
Not implemented: HTMLMediaElement's pause() method
Not implemented: HTMLMediaElement's pause() method
[AQ] HIT source=HERO target=RIVAL weapon=BATTLE_AXE damage=273.0
[AQ] CONSUME fighter=HERO weapon=BATTLE_AXE reason=melee-resolved
PASS  weapon-BATTLE_AXE  — dmg=273 USE=1 HIT=1 CONSUME=1
[AQ] MODE_ENTER mode=ARSENAL_QUEST
[AQ] MELEE_DECIDE fighter=HERO weapon=DAGGER decision=strike
[AQ] USE fighter=HERO weapon=DAGGER
Not implemented: HTMLMediaElement's pause() method
Not implemented: HTMLMediaElement's pause() method
Not implemented: HTMLMediaElement's pause() method
Not implemented: HTMLMediaElement's pause() method
Not implemented: HTMLMediaElement's pause() method
Not implemented: HTMLMediaElement's pause() method
Not implemented: HTMLMediaElement's pause() method
Not implemented: HTMLMediaElement's pause() method
Not implemented: HTMLMediaElement's pause() method
[AQ] HIT source=HERO target=RIVAL weapon=DAGGER damage=94.5
[AQ] CONSUME fighter=HERO weapon=DAGGER reason=stab-landed
PASS  weapon-DAGGER  — dmg=94.5 USE=1 HIT=1 CONSUME=1
[AQ] MODE_ENTER mode=ARSENAL_QUEST
[AQ] MELEE_DECIDE fighter=HERO weapon=SPEAR decision=strike
[AQ] USE fighter=HERO weapon=SPEAR
Not implemented: HTMLMediaElement's pause() method
Not implemented: HTMLMediaElement's pause() method
Not implemented: HTMLMediaElement's pause() method
Not implemented: HTMLMediaElement's pause() method
Not implemented: HTMLMediaElement's pause() method
Not implemented: HTMLMediaElement's pause() method
Not implemented: HTMLMediaElement's pause() method
Not implemented: HTMLMediaElement's pause() method
Not implemented: HTMLMediaElement's pause() method
[AQ] HIT source=HERO target=RIVAL weapon=SPEAR damage=157.5
[AQ] CONSUME fighter=HERO weapon=SPEAR reason=melee-resolved
PASS  weapon-SPEAR  — dmg=157.5 USE=1 HIT=1 CONSUME=1
[AQ] MODE_ENTER mode=ARSENAL_QUEST
[AQ] MELEE_DECIDE fighter=HERO weapon=SPIKED_CLUB decision=strike
[AQ] USE fighter=HERO weapon=SPIKED_CLUB
Not implemented: HTMLMediaElement's pause() method
Not implemented: HTMLMediaElement's pause() method
Not implemented: HTMLMediaElement's pause() method
Not implemented: HTMLMediaElement's pause() method
Not implemented: HTMLMediaElement's pause() method
Not implemented: HTMLMediaElement's pause() method
Not implemented: HTMLMediaElement's pause() method
Not implemented: HTMLMediaElement's pause() method
Not implemented: HTMLMediaElement's pause() method
[AQ] HIT source=HERO target=RIVAL weapon=SPIKED_CLUB damage=189.0
[AQ] CONSUME fighter=HERO weapon=SPIKED_CLUB reason=melee-resolved
PASS  weapon-SPIKED_CLUB  — dmg=189 USE=1 HIT=1 CONSUME=1
PASS  pistol-3-shots  — hits=3
PASS  smg-8-shots  — hits=8
PASS  sniper-single-high-damage  — dmg=266
PASS  sniper-aim-telegraph-window  — phase@0.3s=READY phase@0.65s=AIM
PASS  club-stun-applied  — ["stun"]
PASS  axe-knockback-applied  — ["push"]
[AQ] MODE_ENTER mode=ARSENAL_QUEST
Not implemented: HTMLMediaElement's pause() method
Not implemented: HTMLMediaElement's pause() method
Not implemented: HTMLMediaElement's pause() method
Not implemented: HTMLMediaElement's pause() method
Not implemented: HTMLMediaElement's pause() method
Not implemented: HTMLMediaElement's pause() method
Not implemented: HTMLMediaElement's pause() method
Not implemented: HTMLMediaElement's pause() method
Not implemented: HTMLMediaElement's pause() method
[AQ] USE fighter=HERO weapon=GRENADE
[AQ] CONSUME fighter=HERO weapon=GRENADE reason=thrown
[AQ] HIT source=HERO target=RIVAL weapon=GRENADE damage=70.0
[AQ] EXPLODE weapon=GRENADE x=643 y=500
PASS  grenade-throw-consumes-immediately
PASS  grenade-resolves-after-fuse  — rivalHp=930
[AQ] MODE_ENTER mode=ARSENAL_QUEST
[AQ] MELEE_DECIDE fighter=HERO weapon=BATTLE_AXE decision=throw
[AQ] THROW fighter=HERO weapon=BATTLE_AXE ricochets=1
[AQ] CONSUME fighter=HERO weapon=BATTLE_AXE reason=thrown
Not implemented: HTMLMediaElement's pause() method
Not implemented: HTMLMediaElement's pause() method
Not implemented: HTMLMediaElement's pause() method
Not implemented: HTMLMediaElement's pause() method
Not implemented: HTMLMediaElement's pause() method
Not implemented: HTMLMediaElement's pause() method
Not implemented: HTMLMediaElement's pause() method
Not implemented: HTMLMediaElement's pause() method
Not implemented: HTMLMediaElement's pause() method
[AQ] HIT source=HERO target=RIVAL weapon=BATTLE_AXE damage=273.0
[AQ] THROWN_PIN weapon=BATTLE_AXE target=RIVAL pin=1s
[AQ] MELEE_DECIDE fighter=HERO weapon=BATTLE_AXE decision=strike
[AQ] USE fighter=HERO weapon=BATTLE_AXE
[AQ] HIT source=HERO target=RIVAL weapon=BATTLE_AXE damage=273.0
[AQ] CONSUME fighter=HERO weapon=BATTLE_AXE reason=melee-resolved
PASS  melee-not-wasted-out-of-range  — {"farHolder":null,"farRivalHp":727,"thrown":true,"throwLogged":true,"nearHolder":null,"nearRivalHp":454}
PASS  melee-activates-in-range
[AQ] MODE_ENTER mode=ARSENAL_QUEST
[AQ] USE fighter=HERO weapon=SWIRL_SHIELD
Not implemented: HTMLMediaElement's pause() method
Not implemented: HTMLMediaElement's pause() method
Not implemented: HTMLMediaElement's pause() method
Not implemented: HTMLMediaElement's pause() method
Not implemented: HTMLMediaElement's pause() method
Not implemented: HTMLMediaElement's pause() method
Not implemented: HTMLMediaElement's pause() method
Not implemented: HTMLMediaElement's pause() method
Not implemented: HTMLMediaElement's pause() method
[AQ] USE fighter=RIVAL weapon=SNIPER
[AQ] SHOT fighter=RIVAL weapon=SNIPER t=1.133
[AQ] CONSUME fighter=RIVAL weapon=SNIPER reason=shot-fired
[AQ] REFLECT fighter=HERO weapon=SWIRL_SHIELD projectileFrom=RIVAL
[AQ] CONSUME fighter=HERO weapon=SWIRL_SHIELD reason=reflect-resolved
[AQ] HIT source=HERO target=RIVAL weapon=SNIPER damage=266.0
PASS  swirl-reflects-projectile  — heroHp=1000 rivalHp=734
PASS  swirl-reflect-ownership-correct  — reflected bullet source=HERO target=RIVAL
[AQ] MODE_ENTER mode=ARSENAL_QUEST
[AQ] USE fighter=HERO weapon=TOWER_SHIELD
Not implemented: HTMLMediaElement's pause() method
Not implemented: HTMLMediaElement's pause() method
Not implemented: HTMLMediaElement's pause() method
Not implemented: HTMLMediaElement's pause() method
Not implemented: HTMLMediaElement's pause() method
Not implemented: HTMLMediaElement's pause() method
Not implemented: HTMLMediaElement's pause() method
Not implemented: HTMLMediaElement's pause() method
Not implemented: HTMLMediaElement's pause() method
[AQ] HIT source=RIVAL target=HERO weapon=TEST_PROBE damage=2.5
[AQ] CONSUME fighter=HERO weapon=TOWER_SHIELD reason=expired
[AQ] HIT source=RIVAL target=HERO weapon=TEST_PROBE damage=10.0
PASS  tower-shield-reduces-damage  — withShield 10->undefined, without 10->10
PASS  tower-shield-slow-while-active
PASS  tower-shield-expires-to-unarmed
[AQ] MODE_ENTER mode=ARSENAL_QUEST
Not implemented: HTMLMediaElement's pause() method
Not implemented: HTMLMediaElement's pause() method
Not implemented: HTMLMediaElement's pause() method
Not implemented: HTMLMediaElement's pause() method
Not implemented: HTMLMediaElement's pause() method
Not implemented: HTMLMediaElement's pause() method
Not implemented: HTMLMediaElement's pause() method
Not implemented: HTMLMediaElement's pause() method
Not implemented: HTMLMediaElement's pause() method
[AQ] USE fighter=HERO weapon=SNIPER
[AQ] SHOT fighter=HERO weapon=SNIPER t=1.133
[AQ] CONSUME fighter=HERO weapon=SNIPER reason=shot-fired
[AQ] HIT source=HERO target=RIVAL weapon=SNIPER damage=266.0
[AQ] USE fighter=RIVAL weapon=TOWER_SHIELD
[AQ] MODE_EXIT mode=ARSENAL_QUEST
PASS  exit-cleanup  — {"gameStateAfter":"MENU","menuVisible":true,"hudHidden":true,"slotsCleared":true,"aqProjectilesCleared":true,"heroHolderCleared":true,"exitLogged":true}
[AQ] MODE_ENTER mode=ARSENAL_QUEST
PASS  f3-debug-overlay-toggle
[ENGINEER] asset failed main visual.webp
[ENGINEER] asset failed đế chung cho cả turret và rocket.webp
[ENGINEER] asset failed Turret 2.webp
[ENGINEER] asset failed turret bulllet.webp
[ENGINEER] asset failed mine lv2.webp
[ENGINEER] asset failed repair station.webp
[ENGINEER] asset failed healing nexus.webp
[ENGINEER] asset failed factory lv1.webp
[ENGINEER] asset failed factory lv1.webp
[ENGINEER] asset failed mega factory.webp
[ENGINEER] asset failed đế chung cho cả turret và rocket.webp
[ENGINEER] asset failed thân trên trục xoay rocket.webp
[ENGINEER] asset failed thân súng trên trục xoay rocket nhưng đang reload.webp
[ENGINEER] asset failed rocket bullet.webp
[ENGINEER] asset failed war machine.webp
[ENGINEER] asset failed đế war machine.webp
[ENGINEER] asset failed thân súng war machine.webp
[ENGINEER] asset failed war machine bullet.webp
[ENGINEER] asset failed linh kiện.webp
[ENGINEER] asset failed Component 1.webp
[ENGINEER] asset failed Component 2.webp
[ENGINEER] asset failed Component 3.webp
[ENGINEER] asset failed Component 4.webp
[ENGINEER] asset failed Component 5.webp
[ENGINEER] asset failed thu linh kiện về.webp
[ENGINEER] asset failed tia từ hút linh kiện và các vật thể hợp nhất.webp
[ENGINEER] asset failed magnetic line.webp
[ENGINEER] asset failed SHIELD of nexus healing.webp
[ENGINEER] asset failed SHIELD of RAGE.webp
[ENGINEER] asset failed war machine laser strip.webp
[ENGINEER] asset failed war machine fushion with ENGINEER.webp
[ENGINEER] asset failed upgrade circle in 0%.webp
[ENGINEER] asset failed upgrade circle in 100%.webp
[ENGINEER] asset failed vòng tròn loading xây dựng 0%.webp
[ENGINEER] asset failed vòng tròn loading xây dựng 100%.webp
[AQ] MODE_ENTER mode=ARSENAL_QUEST
Not implemented: HTMLMediaElement's pause() method
Not implemented: HTMLMediaElement's pause() method
Not implemented: HTMLMediaElement's pause() method
Not implemented: HTMLMediaElement's pause() method
Not implemented: HTMLMediaElement's pause() method
Not implemented: HTMLMediaElement's pause() method
Not implemented: HTMLMediaElement's pause() method
Not implemented: HTMLMediaElement's pause() method
Not implemented: HTMLMediaElement's pause() method
[AQ] USE fighter=RIVAL weapon=SWIRL_SHIELD
[AQ] PICKUP id=4 fighter=RIVAL weapon=SWIRL_SHIELD
[AQ] PICKUP id=6 fighter=HERO weapon=SNIPER
[AQ] MODE_ENTER mode=ARSENAL_QUEST
[AQ] MELEE_DECIDE fighter=RIVAL weapon=SPIKED_CLUB decision=throw
[AQ] PICKUP id=1 fighter=RIVAL weapon=SPIKED_CLUB
[AQ] THROW fighter=RIVAL weapon=SPIKED_CLUB ricochets=1
[AQ] CONSUME fighter=RIVAL weapon=SPIKED_CLUB reason=thrown
Not implemented: HTMLMediaElement's pause() method
Not implemented: HTMLMediaElement's pause() method
Not implemented: HTMLMediaElement's pause() method
Not implemented: HTMLMediaElement's pause() method
Not implemented: HTMLMediaElement's pause() method
Not implemented: HTMLMediaElement's pause() method
Not implemented: HTMLMediaElement's pause() method
Not implemented: HTMLMediaElement's pause() method
Not implemented: HTMLMediaElement's pause() method
[AQ] MODE_ENTER mode=ARSENAL_QUEST
Not implemented: HTMLMediaElement's pause() method
Not implemented: HTMLMediaElement's pause() method
Not implemented: HTMLMediaElement's pause() method
Not implemented: HTMLMediaElement's pause() method
Not implemented: HTMLMediaElement's pause() method
Not implemented: HTMLMediaElement's pause() method
Not implemented: HTMLMediaElement's pause() method
Not implemented: HTMLMediaElement's pause() method
Not implemented: HTMLMediaElement's pause() method
[AQ] USE fighter=HERO weapon=SNIPER
[AQ] MODE_ENTER mode=ARSENAL_QUEST
Not implemented: HTMLMediaElement's pause() method
Not implemented: HTMLMediaElement's pause() method
Not implemented: HTMLMediaElement's pause() method
Not implemented: HTMLMediaElement's pause() method
Not implemented: HTMLMediaElement's pause() method
Not implemented: HTMLMediaElement's pause() method
Not implemented: HTMLMediaElement's pause() method
Not implemented: HTMLMediaElement's pause() method
Not implemented: HTMLMediaElement's pause() method
[AQ] USE fighter=RIVAL weapon=PISTOL
[AQ] SHOT fighter=RIVAL weapon=PISTOL t=0.350
[AQ] HIT source=RIVAL target=HERO weapon=PISTOL damage=31.5
[AQ] SHOT fighter=RIVAL weapon=PISTOL t=0.567
[AQ] MODE_ENTER mode=ARSENAL_QUEST
[AQ] MELEE_DECIDE fighter=HERO weapon=BATTLE_AXE decision=strike
[AQ] USE fighter=HERO weapon=BATTLE_AXE
Not implemented: HTMLMediaElement's pause() method
Not implemented: HTMLMediaElement's pause() method
Not implemented: HTMLMediaElement's pause() method
Not implemented: HTMLMediaElement's pause() method
Not implemented: HTMLMediaElement's pause() method
Not implemented: HTMLMediaElement's pause() method
Not implemented: HTMLMediaElement's pause() method
Not implemented: HTMLMediaElement's pause() method
Not implemented: HTMLMediaElement's pause() method
[AQ] HIT source=HERO target=RIVAL weapon=BATTLE_AXE damage=273.0
[AQ] CONSUME fighter=HERO weapon=BATTLE_AXE reason=melee-resolved
[AQ] MODE_ENTER mode=ARSENAL_QUEST
[AQ] USE fighter=HERO weapon=TOWER_SHIELD
Not implemented: HTMLMediaElement's pause() method
Not implemented: HTMLMediaElement's pause() method
Not implemented: HTMLMediaElement's pause() method
Not implemented: HTMLMediaElement's pause() method
Not implemented: HTMLMediaElement's pause() method
Not implemented: HTMLMediaElement's pause() method
Not implemented: HTMLMediaElement's pause() method
Not implemented: HTMLMediaElement's pause() method
Not implemented: HTMLMediaElement's pause() method
[AQ] HIT source=RIVAL target=HERO weapon=TEST_PROBE damage=2.5
[AQ] MODE_ENTER mode=ARSENAL_QUEST
[AQ] USE fighter=HERO weapon=SWIRL_SHIELD
Not implemented: HTMLMediaElement's pause() method
Not implemented: HTMLMediaElement's pause() method
Not implemented: HTMLMediaElement's pause() method
Not implemented: HTMLMediaElement's pause() method
Not implemented: HTMLMediaElement's pause() method
Not implemented: HTMLMediaElement's pause() method
Not implemented: HTMLMediaElement's pause() method
Not implemented: HTMLMediaElement's pause() method
Not implemented: HTMLMediaElement's pause() method
[AQ] USE fighter=RIVAL weapon=SNIPER
[AQ] SHOT fighter=RIVAL weapon=SNIPER t=1.133
[AQ] CONSUME fighter=RIVAL weapon=SNIPER reason=shot-fired
[AQ] REFLECT fighter=HERO weapon=SWIRL_SHIELD projectileFrom=RIVAL
[AQ] CONSUME fighter=HERO weapon=SWIRL_SHIELD reason=reflect-resolved
[AQ] HIT source=HERO target=RIVAL weapon=SNIPER damage=266.0
[AQ] MODE_ENTER mode=ARSENAL_QUEST
[AQ] SPAWN_SLOT id=1 x=408 y=539 lead=2.00
Not implemented: HTMLMediaElement's pause() method
Not implemented: HTMLMediaElement's pause() method
Not implemented: HTMLMediaElement's pause() method
Not implemented: HTMLMediaElement's pause() method
Not implemented: HTMLMediaElement's pause() method
Not implemented: HTMLMediaElement's pause() method
Not implemented: HTMLMediaElement's pause() method
Not implemented: HTMLMediaElement's pause() method
Not implemented: HTMLMediaElement's pause() method
[AQ] REVEAL id=1 weapon=ZBROYAR_Z15_S2 eta=null lead=2.00 fighter=TIMEOUT force=true
[AQ] PICKUP id=1 fighter=HERO weapon=ZBROYAR_Z15_S2
[AQ] USE fighter=HERO weapon=ZBROYAR_Z15_S2
[AQ] SHOT fighter=HERO weapon=ZBROYAR_Z15_S2 t=3.800
[AQ] HIT source=HERO target=RIVAL weapon=ZBROYAR_Z15_S2 damage=33.3
[AQ] SHOT fighter=HERO weapon=ZBROYAR_Z15_S2 t=3.950
[AQ] HIT source=HERO target=RIVAL weapon=ZBROYAR_Z15_S2 damage=33.3
PASS  av-runtime-registered
PASS  av-muzzle-uses-warm-c-family  — ["vfx/c/muzzle_0.png","vfx/c/muzzle_1.png","vfx/c/muzzle_2.png","vfx/c/muzzle_3.png","vfx/c/muzzle_4.png","vfx/c/muzzle_5.png"]
PASS  av-no-laser-charge-sfx  — ["telegraph","reveal","pickup","pickup_pistol","pickup_smg_mac10","pickup_smg_mp5","pickup_smg_p90","pickup_rifle_ak","pickup_rifle_m16","pickup_rifle_z15","pickup_rifle_mbr","pickup_rifle_mbr2","pickup_rifle_m249","pickup_rifle_szecsei","pickup_shotgun","pickup_sniper","pickup_sniper_lock","pistol_shot","smg_shot","shotgun_shot","sniper_shot","pistol_mech","shotgun_rack_pull","shotgun_rack_push","sniper_chamber","sniper_bolt_lock","axe_swing","axe_hit","club_swing","club_hit","dagger_swing","dagger_hit","sabre_swing","sabre_hit","spear_swing","spear_hit","swirl_block","tower_block","explosion","casing_land","shotgun_shell_land","ricochet","newbie_dash","newbie_fail","storm_windup"]
PASS  av-asset-map-complete  — {"telegraph":["sfx/scifi/forceField_001.ogg"],"reveal":["sfx/rpg/metalClick.ogg","sfx/impact/impactGeneric_light_002.ogg"],"pickup":["sfx/rpg/metalLatch.ogg"],"pickup_pistol":["sfx/feel/pickup_pistol.mp3"],"pickup_smg_mac10":["sfx/feel/rifle_take_05.mp3"],"pickup_smg_mp5":["sfx/feel/rifle_take_02.mp3"],"pickup_smg_p90":["sfx/feel/rifle_take_09.mp3"],"pickup_rifle_ak":["sfx/feel/rifle_take_01.mp3"],"pickup_rifle_m16":["sfx/feel/rifle_take_03.mp3"],"pickup_rifle_z15":["sfx/feel/rifle_take_04.mp3"],"pickup_rifle_mbr":["sfx/feel/rifle_take_07.mp3"],"pickup_rifle_mbr2":["sfx/feel/rifle_take_08.mp3"],"pickup_rifle_m249":["sfx/feel/rifle_take_10.mp3"],"pickup_rifle_szecsei":["sfx/feel/rifle_take_11.mp3"],"pickup_shotgun":["sfx/feel/pickup_shotgun.mp3"],"pickup_sniper":["sfx/feel/pickup_sniper.mp3"],"pickup_sniper_lock":["sfx/c-final/SNIPER/sniper_bolt_lock.mp3"],"pistol_shot":["sfx/guns/cz.mp3"],"smg_shot":["sfx/guns/sks.mp3"],"shotgun_shot":["sfx/guns/shotty.mp3"],"sniper_shot":["sfx/guns/mosin.mp3"],"pistol_mech":["sfx/c-final/PISTOL/pistol_mech_click.mp3"],"shotgun_rack_pull":["sfx/c-final/SHOTGUN/shotgun_rack_pull.mp3"],"shotgun_rack_push":["sfx/c-final/SHOTGUN/shotgun_rack_push.mp3"],"sniper_chamber":["sfx/c-final/SNIPER/sniper_chamber.mp3"],"sniper_bolt_lock":["sfx/c-final/SNIPER/sniper_bolt_lock.mp3"],"axe_swing":["sfx/c-final/BATTLE_AXE/axe_motion.mp3"],"axe_hit":["sfx/c-final/BATTLE_AXE/axe_contact.mp3","sfx/c-final/BATTLE_AXE/axe_body.mp3"],"club_swing":["sfx/c-final/SPIKED_CLUB/club_swing.mp3"],"club_hit":["sfx/c-final/SPIKED_CLUB/club_body.mp3"],"dagger_swing":["sfx/c-final/DAGGER/dagger_motion.mp3"],"dagger_hit":["sfx/c-final/DAGGER/dagger_contact.mp3"],"sabre_swing":["sfx/c-final/SABRE/sabre_motion.mp3"],"sabre_hit":["sfx/c-final/SABRE/sabre_cut.mp3"],"spear_swing":["sfx/c-final/SPEAR/spear_motion.mp3"],"spear_hit":["sfx/c-final/SPEAR/spear_impact.mp3"],"swirl_block":["sfx/c-final/SWIRL_SHIELD/swirl_shield_block.mp3"],"tower_block":["sfx/c-final/TOWER_SHIELD/tower_shield_block.mp3"],"explosion":["sfx/c-final/GRENADE/grenade_core.mp3","sfx/c-final/GRENADE/grenade_low.mp3"],"casing_land":["sfx/feel/casing_01.mp3"],"shotgun_shell_land":["sfx/feel/shell_01.mp3"],"ricochet":["sfx/impact/impactPlate_light_001.ogg"],"newbie_dash":["sfx/scifi/forceField_001.ogg"],"newbie_fail":["sfx/rpg/metalClick.ogg"],"storm_windup":["sfx/scifi/forceField_001.ogg"]}
PASS  av-melee-contact-transients  — {"SABRE":"vfx/c/spark_05.webp","BATTLE_AXE":"vfx/c/spark_07.webp","SPEAR":"vfx/c/spark_05.webp","SPIKED_CLUB":"vfx/c/spark_07.webp","DAGGER":"vfx/c/spark_05.webp"}
[AQ] MODE_ENTER mode=ARSENAL_QUEST
[AQ] SPAWN_SLOT id=1 x=796 y=279 lead=2.00
Not implemented: HTMLMediaElement's pause() method
Not implemented: HTMLMediaElement's pause() method
Not implemented: HTMLMediaElement's pause() method
Not implemented: HTMLMediaElement's pause() method
Not implemented: HTMLMediaElement's pause() method
Not implemented: HTMLMediaElement's pause() method
Not implemented: HTMLMediaElement's pause() method
Not implemented: HTMLMediaElement's pause() method
Not implemented: HTMLMediaElement's pause() method
[AQ] MODE_ENTER mode=ARSENAL_QUEST
Not implemented: HTMLMediaElement's pause() method
Not implemented: HTMLMediaElement's pause() method
Not implemented: HTMLMediaElement's pause() method
Not implemented: HTMLMediaElement's pause() method
Not implemented: HTMLMediaElement's pause() method
Not implemented: HTMLMediaElement's pause() method
Not implemented: HTMLMediaElement's pause() method
Not implemented: HTMLMediaElement's pause() method
Not implemented: HTMLMediaElement's pause() method
[AQ] REVEAL id=1 weapon=TEC_9 eta=null lead=1.50 fighter=TIMEOUT force=true
[AQ] MODE_ENTER mode=ARSENAL_QUEST
Not implemented: HTMLMediaElement's pause() method
Not implemented: HTMLMediaElement's pause() method
Not implemented: HTMLMediaElement's pause() method
Not implemented: HTMLMediaElement's pause() method
Not implemented: HTMLMediaElement's pause() method
Not implemented: HTMLMediaElement's pause() method
Not implemented: HTMLMediaElement's pause() method
Not implemented: HTMLMediaElement's pause() method
Not implemented: HTMLMediaElement's pause() method
[AQ] USE fighter=HERO weapon=PISTOL
[AQ] SHOT fighter=HERO weapon=PISTOL t=0.350
[AQ] HIT source=HERO target=RIVAL weapon=PISTOL damage=31.5
[AQ] SHOT fighter=HERO weapon=PISTOL t=0.567
[AQ] MODE_ENTER mode=ARSENAL_QUEST
Not implemented: HTMLMediaElement's pause() method
Not implemented: HTMLMediaElement's pause() method
Not implemented: HTMLMediaElement's pause() method
Not implemented: HTMLMediaElement's pause() method
Not implemented: HTMLMediaElement's pause() method
Not implemented: HTMLMediaElement's pause() method
Not implemented: HTMLMediaElement's pause() method
Not implemented: HTMLMediaElement's pause() method
Not implemented: HTMLMediaElement's pause() method
[AQ] USE fighter=HERO weapon=SHOTGUN
[AQ] SHOT fighter=HERO weapon=SHOTGUN t=0.350
[AQ] HIT source=HERO target=RIVAL weapon=SHOTGUN damage=14.0
[AQ] HIT source=HERO target=RIVAL weapon=SHOTGUN damage=14.0
[AQ] HIT source=HERO target=RIVAL weapon=SHOTGUN damage=14.0
[AQ] HIT source=HERO target=RIVAL weapon=SHOTGUN damage=14.0
[AQ] HIT source=HERO target=RIVAL weapon=SHOTGUN damage=14.0
[AQ] HIT source=HERO target=RIVAL weapon=SHOTGUN damage=14.0
[AQ] MODE_ENTER mode=ARSENAL_QUEST
Not implemented: HTMLMediaElement's pause() method
Not implemented: HTMLMediaElement's pause() method
Not implemented: HTMLMediaElement's pause() method
Not implemented: HTMLMediaElement's pause() method
Not implemented: HTMLMediaElement's pause() method
Not implemented: HTMLMediaElement's pause() method
Not implemented: HTMLMediaElement's pause() method
Not implemented: HTMLMediaElement's pause() method
Not implemented: HTMLMediaElement's pause() method
[AQ] USE fighter=HERO weapon=SMG
[AQ] SHOT fighter=HERO weapon=SMG t=0.350
[AQ] HIT source=HERO target=RIVAL weapon=SMG damage=15.8
[AQ] SHOT fighter=HERO weapon=SMG t=0.433
[AQ] HIT source=HERO target=RIVAL weapon=SMG damage=15.8
[AQ] SHOT fighter=HERO weapon=SMG t=0.517
[AQ] HIT source=HERO target=RIVAL weapon=SMG damage=15.8
[AQ] SHOT fighter=HERO weapon=SMG t=0.600
[AQ] HIT source=HERO target=RIVAL weapon=SMG damage=15.8
[AQ] SHOT fighter=HERO weapon=SMG t=0.683
[AQ] HIT source=HERO target=RIVAL weapon=SMG damage=15.8
[AQ] SHOT fighter=HERO weapon=SMG t=0.767
[AQ] MODE_ENTER mode=ARSENAL_QUEST
Not implemented: HTMLMediaElement's pause() method
Not implemented: HTMLMediaElement's pause() method
Not implemented: HTMLMediaElement's pause() method
Not implemented: HTMLMediaElement's pause() method
Not implemented: HTMLMediaElement's pause() method
Not implemented: HTMLMediaElement's pause() method
Not implemented: HTMLMediaElement's pause() method
Not implemented: HTMLMediaElement's pause() method
Not implemented: HTMLMediaElement's pause() method
[AQ] USE fighter=HERO weapon=SNIPER
[AQ] SHOT fighter=HERO weapon=SNIPER t=1.133
[AQ] CONSUME fighter=HERO weapon=SNIPER reason=shot-fired
[AQ] MODE_ENTER mode=ARSENAL_QUEST
Not implemented: HTMLMediaElement's pause() method
Not implemented: HTMLMediaElement's pause() method
Not implemented: HTMLMediaElement's pause() method
Not implemented: HTMLMediaElement's pause() method
Not implemented: HTMLMediaElement's pause() method
Not implemented: HTMLMediaElement's pause() method
Not implemented: HTMLMediaElement's pause() method
Not implemented: HTMLMediaElement's pause() method
Not implemented: HTMLMediaElement's pause() method
[AQ] USE fighter=HERO weapon=GRENADE
[AQ] CONSUME fighter=HERO weapon=GRENADE reason=thrown
[AQ] HIT source=HERO target=RIVAL weapon=GRENADE damage=88.2
[AQ] EXPLODE weapon=GRENADE x=689 y=500
[AQ] MODE_ENTER mode=ARSENAL_QUEST
[AQ] MELEE_DECIDE fighter=HERO weapon=SABRE decision=strike
[AQ] USE fighter=HERO weapon=SABRE
Not implemented: HTMLMediaElement's pause() method
Not implemented: HTMLMediaElement's pause() method
Not implemented: HTMLMediaElement's pause() method
Not implemented: HTMLMediaElement's pause() method
Not implemented: HTMLMediaElement's pause() method
Not implemented: HTMLMediaElement's pause() method
Not implemented: HTMLMediaElement's pause() method
Not implemented: HTMLMediaElement's pause() method
Not implemented: HTMLMediaElement's pause() method
[AQ] HIT source=HERO target=RIVAL weapon=SABRE damage=126.0
[AQ] CONSUME fighter=HERO weapon=SABRE reason=melee-resolved
[AQ] MODE_ENTER mode=ARSENAL_QUEST
[AQ] MELEE_DECIDE fighter=HERO weapon=BATTLE_AXE decision=strike
[AQ] USE fighter=HERO weapon=BATTLE_AXE
Not implemented: HTMLMediaElement's pause() method
Not implemented: HTMLMediaElement's pause() method
Not implemented: HTMLMediaElement's pause() method
Not implemented: HTMLMediaElement's pause() method
Not implemented: HTMLMediaElement's pause() method
Not implemented: HTMLMediaElement's pause() method
Not implemented: HTMLMediaElement's pause() method
Not implemented: HTMLMediaElement's pause() method
Not implemented: HTMLMediaElement's pause() method
[AQ] HIT source=HERO target=RIVAL weapon=BATTLE_AXE damage=273.0
[AQ] CONSUME fighter=HERO weapon=BATTLE_AXE reason=melee-resolved
[AQ] MODE_ENTER mode=ARSENAL_QUEST
[AQ] MELEE_DECIDE fighter=HERO weapon=DAGGER decision=strike
[AQ] USE fighter=HERO weapon=DAGGER
[AQ] HIT source=HERO target=RIVAL weapon=DAGGER damage=94.5
Not implemented: HTMLMediaElement's pause() method
Not implemented: HTMLMediaElement's pause() method
Not implemented: HTMLMediaElement's pause() method
Not implemented: HTMLMediaElement's pause() method
Not implemented: HTMLMediaElement's pause() method
Not implemented: HTMLMediaElement's pause() method
Not implemented: HTMLMediaElement's pause() method
Not implemented: HTMLMediaElement's pause() method
Not implemented: HTMLMediaElement's pause() method
[AQ] MODE_ENTER mode=ARSENAL_QUEST
[AQ] MELEE_DECIDE fighter=HERO weapon=SPEAR decision=strike
[AQ] USE fighter=HERO weapon=SPEAR
Not implemented: HTMLMediaElement's pause() method
Not implemented: HTMLMediaElement's pause() method
Not implemented: HTMLMediaElement's pause() method
Not implemented: HTMLMediaElement's pause() method
Not implemented: HTMLMediaElement's pause() method
Not implemented: HTMLMediaElement's pause() method
Not implemented: HTMLMediaElement's pause() method
Not implemented: HTMLMediaElement's pause() method
Not implemented: HTMLMediaElement's pause() method
[AQ] HIT source=HERO target=RIVAL weapon=SPEAR damage=157.5
[AQ] CONSUME fighter=HERO weapon=SPEAR reason=melee-resolved
[AQ] MODE_ENTER mode=ARSENAL_QUEST
[AQ] MELEE_DECIDE fighter=HERO weapon=SPIKED_CLUB decision=strike
[AQ] USE fighter=HERO weapon=SPIKED_CLUB
Not implemented: HTMLMediaElement's pause() method
Not implemented: HTMLMediaElement's pause() method
Not implemented: HTMLMediaElement's pause() method
Not implemented: HTMLMediaElement's pause() method
Not implemented: HTMLMediaElement's pause() method
Not implemented: HTMLMediaElement's pause() method
Not implemented: HTMLMediaElement's pause() method
Not implemented: HTMLMediaElement's pause() method
Not implemented: HTMLMediaElement's pause() method
[AQ] HIT source=HERO target=RIVAL weapon=SPIKED_CLUB damage=189.0
[AQ] CONSUME fighter=HERO weapon=SPIKED_CLUB reason=melee-resolved
[AQ] MODE_ENTER mode=ARSENAL_QUEST
[AQ] USE fighter=HERO weapon=SWIRL_SHIELD
Not implemented: HTMLMediaElement's pause() method
Not implemented: HTMLMediaElement's pause() method
Not implemented: HTMLMediaElement's pause() method
Not implemented: HTMLMediaElement's pause() method
Not implemented: HTMLMediaElement's pause() method
Not implemented: HTMLMediaElement's pause() method
Not implemented: HTMLMediaElement's pause() method
Not implemented: HTMLMediaElement's pause() method
Not implemented: HTMLMediaElement's pause() method
[AQ] MODE_ENTER mode=ARSENAL_QUEST
[AQ] USE fighter=RIVAL weapon=TOWER_SHIELD
Not implemented: HTMLMediaElement's pause() method
Not implemented: HTMLMediaElement's pause() method
Not implemented: HTMLMediaElement's pause() method
Not implemented: HTMLMediaElement's pause() method
Not implemented: HTMLMediaElement's pause() method
Not implemented: HTMLMediaElement's pause() method
Not implemented: HTMLMediaElement's pause() method
Not implemented: HTMLMediaElement's pause() method
Not implemented: HTMLMediaElement's pause() method
[AQ] MODE_ENTER mode=ARSENAL_QUEST
[AQ] SPAWN_SLOT id=1 x=404 y=310 lead=2.00
Not implemented: HTMLMediaElement's pause() method
Not implemented: HTMLMediaElement's pause() method
Not implemented: HTMLMediaElement's pause() method
Not implemented: HTMLMediaElement's pause() method
Not implemented: HTMLMediaElement's pause() method
Not implemented: HTMLMediaElement's pause() method
Not implemented: HTMLMediaElement's pause() method
Not implemented: HTMLMediaElement's pause() method
Not implemented: HTMLMediaElement's pause() method
[AQ] REVEAL id=1 weapon=M16 eta=null lead=2.00 fighter=TIMEOUT force=true
[AQ] SPAWN_SLOT id=2 x=126 y=429 lead=2.00
[AQ] REVEAL id=2 weapon=MAGNUM_500 eta=null lead=2.00 fighter=TIMEOUT force=true
[AQ] PICKUP id=1 fighter=RIVAL weapon=M16
[AQ] USE fighter=RIVAL weapon=M16
[AQ] SHOT fighter=RIVAL weapon=M16 t=8.583
[AQ] HIT source=RIVAL target=HERO weapon=M16 damage=25.2
[AQ] SHOT fighter=RIVAL weapon=M16 t=8.650
[AQ] HIT source=RIVAL target=HERO weapon=M16 damage=25.2
[AQ] SHOT fighter=RIVAL weapon=M16 t=8.733
[AQ] HIT source=RIVAL target=HERO weapon=M16 damage=25.2
[AQ] SPAWN_SLOT id=3 x=314 y=484 lead=2.00
[AQ] SHOT fighter=RIVAL weapon=M16 t=9.017
[AQ] HIT source=RIVAL target=HERO weapon=M16 damage=25.2
[AQ] SHOT fighter=RIVAL weapon=M16 t=9.100
[AQ] HIT source=RIVAL target=HERO weapon=M16 damage=25.2
[AQ] SHOT fighter=RIVAL weapon=M16 t=9.183
[AQ] HIT source=RIVAL target=HERO weapon=M16 damage=25.2
[AQ] CONSUME fighter=RIVAL weapon=M16 reason=sequence-complete
[AQ] MODE_ENTER mode=ARSENAL_QUEST
[AQ] SPAWN_SLOT id=1 x=634 y=605 lead=2.00
Not implemented: HTMLMediaElement's pause() method
Not implemented: HTMLMediaElement's pause() method
Not implemented: HTMLMediaElement's pause() method
Not implemented: HTMLMediaElement's pause() method
Not implemented: HTMLMediaElement's pause() method
Not implemented: HTMLMediaElement's pause() method
Not implemented: HTMLMediaElement's pause() method
Not implemented: HTMLMediaElement's pause() method
Not implemented: HTMLMediaElement's pause() method
[AQ] MODE_ENTER mode=ARSENAL_QUEST
Not implemented: HTMLMediaElement's pause() method
Not implemented: HTMLMediaElement's pause() method
Not implemented: HTMLMediaElement's pause() method
Not implemented: HTMLMediaElement's pause() method
Not implemented: HTMLMediaElement's pause() method
Not implemented: HTMLMediaElement's pause() method
Not implemented: HTMLMediaElement's pause() method
Not implemented: HTMLMediaElement's pause() method
Not implemented: HTMLMediaElement's pause() method
[AQ] USE fighter=RUBBER weapon=SNIPER
[AQ] MODE_ENTER mode=ARSENAL_QUEST
[AQ] SPAWN_SLOT id=2 x=280 y=719 lead=2.00
[AQ] REVEAL id=1 weapon=M249_SAW eta=0.78 lead=1.00 fighter=RUBBER force=false
Not implemented: HTMLMediaElement's pause() method
Not implemented: HTMLMediaElement's pause() method
Not implemented: HTMLMediaElement's pause() method
Not implemented: HTMLMediaElement's pause() method
Not implemented: HTMLMediaElement's pause() method
Not implemented: HTMLMediaElement's pause() method
Not implemented: HTMLMediaElement's pause() method
Not implemented: HTMLMediaElement's pause() method
Not implemented: HTMLMediaElement's pause() method
[AQ] MODE_ENTER mode=ARSENAL_QUEST
[AQ] SPAWN_SLOT id=2 x=120 y=628 lead=2.00
Not implemented: HTMLMediaElement's pause() method
Not implemented: HTMLMediaElement's pause() method
Not implemented: HTMLMediaElement's pause() method
Not implemented: HTMLMediaElement's pause() method
Not implemented: HTMLMediaElement's pause() method
Not implemented: HTMLMediaElement's pause() method
Not implemented: HTMLMediaElement's pause() method
Not implemented: HTMLMediaElement's pause() method
Not implemented: HTMLMediaElement's pause() method
PASS  av-assets-preloaded  — {"images":"45/45","audio":"50/50","imgFail":0,"sfxFail":0}
PASS  weapon-cset-floor-sprite-rendered  — draws=5
PASS  weapon-cset-equipped-sprite-rendered  — draws=27
PASS  weapon-cset-all-12-authored  — ["PISTOL","SMG","SHOTGUN","SNIPER","AK_47","BERETTA_93R","MAC_10","MOSSBERG_500","ZBROYAR_Z15","ZBROYAR_Z15_S1","ZBROYAR_Z15_S2","ZBROYAR_Z15_S3","DESERT_DEAGLE","GLOCK_17","M16","M249_SAW","MAGNUM_500","P90","JACKHAMMER","MBR","MBR2","SAWED_OFF","SZECSEI_FUCHS","TEC_9","GRENADE","CASING","SABRE","DAGGER","SPEAR","BATTLE_AXE","SPIKED_CLUB","SWIRL_SHIELD","TOWER_SHIELD","STORMBREAKER"]
PASS  c-projectile-speeds-v2  — {"p":2600,"s":3100,"g":2500,"n":5800}
PASS  av-telegraph-audio-bound
PASS  av-reveal-audio-bound
PASS  av-pickup-audio-bound
PASS  av-all-12-weapons-cued  — 48
PASS  av-smg-shots-trimmed  — [{"rel":"sfx/guns/sks.mp3","offset":0,"dur":0.24,"vol":0.5},{"rel":"sfx/guns/sks.mp3","offset":0,"dur":0.24,"vol":0.5},{"rel":"sfx/guns/sks.mp3","offset":0,"dur":0.24,"vol":0.5}]
PASS  av-smg-voice-cap-enforced  — {"notReady":107,"sfx/guns/sks.mp3":6,"sfx/scifi/forceField_001.ogg":1}
PASS  av-mosin-pistol-trimmed
PASS  av-vfx-expire-no-leak  — {"activeAfterQuiet":0,"peak":13}
PASS  av-no-asset-load-failures
[AQ] MODE_ENTER mode=ARSENAL_QUEST
[AQ] SPAWN_SLOT id=1 x=483 y=900 lead=2.00
Not implemented: HTMLMediaElement's pause() method
Not implemented: HTMLMediaElement's pause() method
Not implemented: HTMLMediaElement's pause() method
Not implemented: HTMLMediaElement's pause() method
Not implemented: HTMLMediaElement's pause() method
Not implemented: HTMLMediaElement's pause() method
Not implemented: HTMLMediaElement's pause() method
Not implemented: HTMLMediaElement's pause() method
Not implemented: HTMLMediaElement's pause() method
[AQ] REVEAL id=1 weapon=GLOCK_17 eta=null lead=2.00 fighter=TIMEOUT force=true
[AQ] SPAWN_SLOT id=2 x=848 y=608 lead=2.00
[AQ] REVEAL id=2 weapon=M249_SAW eta=null lead=2.00 fighter=TIMEOUT force=true
[AQ] SPAWN_SLOT id=3 x=567 y=160 lead=2.00
[AQ] PICKUP id=2 fighter=ICE weapon=M249_SAW
[AQ] USE fighter=ICE weapon=M249_SAW
[AQ] SHOT fighter=ICE weapon=M249_SAW t=9.367
[AQ] SHOT fighter=ICE weapon=M249_SAW t=9.433
[AQ] SHOT fighter=ICE weapon=M249_SAW t=9.500
[AQ] HIT source=ICE target=RUBBER weapon=M249_SAW damage=17.5
[AQ] SHOT fighter=ICE weapon=M249_SAW t=9.567
[AQ] SHOT fighter=ICE weapon=M249_SAW t=9.633
[AQ] HIT source=ICE target=RUBBER weapon=M249_SAW damage=17.5
[AQ] SHOT fighter=ICE weapon=M249_SAW t=9.733
[AQ] SHOT fighter=ICE weapon=M249_SAW t=9.800
[AQ] SHOT fighter=ICE weapon=M249_SAW t=9.867
[AQ] SHOT fighter=ICE weapon=M249_SAW t=9.933
[AQ] HIT source=ICE target=RUBBER weapon=M249_SAW damage=17.5
[AQ] SHOT fighter=ICE weapon=M249_SAW t=10.033
[AQ] SHOT fighter=ICE weapon=M249_SAW t=10.100
[AQ] SHOT fighter=ICE weapon=M249_SAW t=10.167
[AQ] REJECT_PICKUP fighter=ICE id=1 reason=already-armed
[AQ] CONSUME fighter=ICE weapon=M249_SAW reason=sequence-complete
[AQ] PICKUP id=1 fighter=ICE weapon=GLOCK_17
[AQ] USE fighter=ICE weapon=GLOCK_17
[AQ] SHOT fighter=ICE weapon=GLOCK_17 t=10.600
[AQ] SHOT fighter=ICE weapon=GLOCK_17 t=10.700
[AQ] HIT source=ICE target=RUBBER weapon=GLOCK_17 damage=24.5
[AQ] SHOT fighter=ICE weapon=GLOCK_17 t=10.833
[AQ] HIT source=ICE target=RUBBER weapon=GLOCK_17 damage=24.5
[AQ] SHOT fighter=ICE weapon=GLOCK_17 t=10.933
[AQ] HIT source=ICE target=RUBBER weapon=GLOCK_17 damage=24.5
[AQ] HIT source=ICE target=RUBBER weapon=GLOCK_17 damage=24.5
[AQ] CONSUME fighter=ICE weapon=GLOCK_17 reason=sequence-complete
[AQ] SPAWN_SLOT id=4 x=132 y=475 lead=2.00
[AQ] REVEAL id=3 weapon=MAC_10 eta=1.11 lead=2.00 fighter=ICE force=false
[AQ] REVEAL id=4 weapon=ZBROYAR_Z15_S1 eta=0.06 lead=2.00 fighter=ICE force=false
[AQ] PICKUP id=4 fighter=ICE weapon=ZBROYAR_Z15_S1
[AQ] USE fighter=ICE weapon=ZBROYAR_Z15_S1
[AQ] SHOT fighter=ICE weapon=ZBROYAR_Z15_S1 t=11.867
[AQ] HIT source=ICE target=RUBBER weapon=ZBROYAR_Z15_S1 damage=33.3
[AQ] SPAWN_HEAL id=5 heal=HEAL_H3 restore=196
[AQ] REJECT_HEAL fighter=ICE id=5 reason=full-health
[AQ] SHOT fighter=ICE weapon=ZBROYAR_Z15_S1 t=12.000
[AQ] HIT source=ICE target=RUBBER weapon=ZBROYAR_Z15_S1 damage=33.3
[AQ] SHOT fighter=ICE weapon=ZBROYAR_Z15_S1 t=12.167
[AQ] HIT source=ICE target=RUBBER weapon=ZBROYAR_Z15_S1 damage=33.3
[AQ] SHOT fighter=ICE weapon=ZBROYAR_Z15_S1 t=12.333
[AQ] HIT source=ICE target=RUBBER weapon=ZBROYAR_Z15_S1 damage=33.3
[AQ] REJECT_PICKUP fighter=ICE id=3 reason=already-armed
[AQ] CONSUME fighter=ICE weapon=ZBROYAR_Z15_S1 reason=sequence-complete
[AQ] PICKUP id=3 fighter=ICE weapon=MAC_10
[AQ] USE fighter=ICE weapon=MAC_10
[AQ] SHOT fighter=ICE weapon=MAC_10 t=12.867
[AQ] SHOT fighter=ICE weapon=MAC_10 t=12.900
[AQ] SHOT fighter=ICE weapon=MAC_10 t=12.967
[AQ] SHOT fighter=ICE weapon=MAC_10 t=13.000
[AQ] HIT source=ICE target=RUBBER weapon=MAC_10 damage=14.0
[AQ] HIT source=ICE target=RUBBER weapon=MAC_10 damage=14.0
[AQ] SHOT fighter=ICE weapon=MAC_10 t=13.067
[AQ] HIT source=ICE target=RUBBER weapon=MAC_10 damage=14.0
[AQ] HIT source=ICE target=RUBBER weapon=MAC_10 damage=14.0
[AQ] SHOT fighter=ICE weapon=MAC_10 t=13.133
[AQ] HIT source=ICE target=RUBBER weapon=MAC_10 damage=14.0
[AQ] SHOT fighter=ICE weapon=MAC_10 t=13.167
[AQ] HIT source=ICE target=RUBBER weapon=MAC_10 damage=14.0
[AQ] SHOT fighter=ICE weapon=MAC_10 t=13.233
[AQ] HIT source=ICE target=RUBBER weapon=MAC_10 damage=14.0
[AQ] CONSUME fighter=ICE weapon=MAC_10 reason=sequence-complete
[AQ] HIT source=ICE target=RUBBER weapon=MAC_10 damage=14.0
[AQ] SPAWN_SLOT id=6 x=546 y=775 lead=2.00
[AQ] PICKUP_HEAL id=5 fighter=RUBBER restore=196
[AQ] REVEAL id=6 weapon=SAWED_OFF eta=null lead=2.00 fighter=TIMEOUT force=true
[AQ] SPAWN_SLOT id=7 x=102 y=183 lead=2.00
[AQ] PICKUP id=6 fighter=RUBBER weapon=SAWED_OFF
[AQ] USE fighter=RUBBER weapon=SAWED_OFF
[AQ] CONSUME fighter=RUBBER weapon=SAWED_OFF reason=blast-resolved
[AQ] SPAWN_SLOT id=8 x=494 y=262 lead=2.00
[AQ] HIT source=RUBBER target=ICE weapon=SAWED_OFF damage=17.2
[AQ] HIT source=RUBBER target=ICE weapon=SAWED_OFF damage=17.2
[AQ] HIT source=RUBBER target=ICE weapon=SAWED_OFF damage=17.2
[AQ] HIT source=RUBBER target=ICE weapon=SAWED_OFF damage=17.2
[AQ] REVEAL id=7 weapon=SAWED_OFF eta=null lead=2.00 fighter=TIMEOUT force=true
[AQ] SPAWN_HEAL id=9 heal=HEAL_H5 restore=385
[AQ] PICKUP_HEAL id=9 fighter=RUBBER restore=256.76840000000004
[AQ] REVEAL id=8 weapon=MBR2 eta=null lead=2.00 fighter=TIMEOUT force=true
[AQ] SPAWN_SLOT id=10 x=639 y=890 lead=2.00
[AQ] REVEAL id=10 weapon=SMG eta=0.27 lead=2.00 fighter=ICE force=false
[AQ] PICKUP id=10 fighter=RUBBER weapon=SMG
[AQ] USE fighter=RUBBER weapon=SMG
[AQ] SHOT fighter=RUBBER weapon=SMG t=24.137
[AQ] HIT source=RUBBER target=ICE weapon=SMG damage=15.8
[AQ] SHOT fighter=RUBBER weapon=SMG t=24.203
[AQ] HIT source=RUBBER target=ICE weapon=SMG damage=15.8
[AQ] SHOT fighter=RUBBER weapon=SMG t=24.303
[AQ] SHOT fighter=RUBBER weapon=SMG t=24.370
[AQ] HIT source=RUBBER target=ICE weapon=SMG damage=15.8
[AQ] SHOT fighter=RUBBER weapon=SMG t=24.470
[AQ] HIT source=RUBBER target=ICE weapon=SMG damage=15.8
[AQ] SHOT fighter=RUBBER weapon=SMG t=24.537
[AQ] SHOT fighter=RUBBER weapon=SMG t=24.637
[AQ] HIT source=RUBBER target=ICE weapon=SMG damage=15.8
[AQ] SHOT fighter=RUBBER weapon=SMG t=24.703
[AQ] HIT source=RUBBER target=ICE weapon=SMG damage=15.8
[AQ] CONSUME fighter=RUBBER weapon=SMG reason=sequence-complete
[AQ] HIT source=RUBBER target=ICE weapon=SMG damage=15.8
[AQ] HIT source=RUBBER target=ICE weapon=SMG damage=15.8
[AQ] PICKUP id=8 fighter=RUBBER weapon=MBR2
[AQ] USE fighter=RUBBER weapon=MBR2
[AQ] SHOT fighter=RUBBER weapon=MBR2 t=26.237
[AQ] REJECT_PICKUP fighter=RUBBER id=7 reason=already-armed
[AQ] HIT source=RUBBER target=ICE weapon=MBR2 damage=98.0
[AQ] SHOT fighter=RUBBER weapon=MBR2 t=26.743
[AQ] CONSUME fighter=RUBBER weapon=MBR2 reason=shot-fired
[AQ] PICKUP id=7 fighter=RUBBER weapon=SAWED_OFF
[AQ] HIT source=RUBBER target=ICE weapon=MBR2 damage=98.0
[AQ] USE fighter=RUBBER weapon=SAWED_OFF
[AQ] CONSUME fighter=RUBBER weapon=SAWED_OFF reason=blast-resolved
[AQ] SPAWN_SLOT id=11 x=468 y=632 lead=2.00
[AQ] HIT source=RUBBER target=ICE weapon=SAWED_OFF damage=17.2
[AQ] HIT source=RUBBER target=ICE weapon=SAWED_OFF damage=17.2
[AQ] HIT source=RUBBER target=ICE weapon=SAWED_OFF damage=17.2
[AQ] HIT source=RUBBER target=ICE weapon=SAWED_OFF damage=17.2
[AQ] REVEAL id=11 weapon=AK_47 eta=0.38 lead=2.00 fighter=ICE force=false
[AQ] PICKUP id=11 fighter=ICE weapon=AK_47
[AQ] USE fighter=ICE weapon=AK_47
[AQ] SHOT fighter=ICE weapon=AK_47 t=29.820
[AQ] HIT source=ICE target=RUBBER weapon=AK_47 damage=26.6
[AQ] SPAWN_HEAL id=12 heal=HEAL_H4 restore=280
[AQ] SHOT fighter=ICE weapon=AK_47 t=29.920
[AQ] HIT source=ICE target=RUBBER weapon=AK_47 damage=26.6
[AQ] SHOT fighter=ICE weapon=AK_47 t=30.020
[AQ] HIT source=ICE target=RUBBER weapon=AK_47 damage=26.6
[AQ] SHOT fighter=ICE weapon=AK_47 t=30.120
[AQ] HIT source=ICE target=RUBBER weapon=AK_47 damage=26.6
[AQ] SHOT fighter=ICE weapon=AK_47 t=30.253
[AQ] HIT source=ICE target=RUBBER weapon=AK_47 damage=26.6
[AQ] SHOT fighter=ICE weapon=AK_47 t=30.353
[AQ] HIT source=ICE target=RUBBER weapon=AK_47 damage=26.6
[AQ] CONSUME fighter=ICE weapon=AK_47 reason=sequence-complete
[AQ] SPAWN_SLOT id=13 x=858 y=239 lead=2.00
[AQ] PICKUP_HEAL id=12 fighter=ICE restore=280
[AQ] REVEAL id=13 weapon=PISTOL eta=1.79 lead=2.00 fighter=ICE force=false
[AQ] PICKUP id=13 fighter=ICE weapon=PISTOL
[AQ] USE fighter=ICE weapon=PISTOL
[AQ] SHOT fighter=ICE weapon=PISTOL t=34.587
[AQ] SHOT fighter=ICE weapon=PISTOL t=34.787
[AQ] SPAWN_SLOT id=14 x=801 y=728 lead=2.00
[AQ] SHOT fighter=ICE weapon=PISTOL t=35.020
[AQ] CONSUME fighter=ICE weapon=PISTOL reason=sequence-complete
[AQ] SPAWN_SLOT id=15 x=844 y=349 lead=2.00
[AQ] REVEAL id=14 weapon=ZBROYAR_Z15_S3 eta=1.90 lead=2.00 fighter=RUBBER force=false
[AQ] PICKUP id=14 fighter=RUBBER weapon=ZBROYAR_Z15_S3
[AQ] USE fighter=RUBBER weapon=ZBROYAR_Z15_S3
[AQ] SHOT fighter=RUBBER weapon=ZBROYAR_Z15_S3 t=38.220
[AQ] REVEAL id=15 weapon=JACKHAMMER eta=null lead=2.00 fighter=TIMEOUT force=true
[AQ] HIT source=RUBBER target=ICE weapon=ZBROYAR_Z15_S3 damage=33.3
[AQ] SHOT fighter=RUBBER weapon=ZBROYAR_Z15_S3 t=38.353
[AQ] HIT source=RUBBER target=ICE weapon=ZBROYAR_Z15_S3 damage=33.3
[AQ] SHOT fighter=RUBBER weapon=ZBROYAR_Z15_S3 t=38.520
[AQ] HIT source=RUBBER target=ICE weapon=ZBROYAR_Z15_S3 damage=49.9
[AQ] SHOT fighter=RUBBER weapon=ZBROYAR_Z15_S3 t=38.687
[AQ] HIT source=RUBBER target=ICE weapon=ZBROYAR_Z15_S3 damage=33.3
[AQ] CONSUME fighter=RUBBER weapon=ZBROYAR_Z15_S3 reason=sequence-complete
[AQ] SPAWN_HEAL id=16 heal=HEAL_H1 restore=70
[AQ] SPAWN_SLOT id=17 x=210 y=824 lead=2.00
[AQ] PICKUP id=15 fighter=ICE weapon=JACKHAMMER
[AQ] USE fighter=ICE weapon=JACKHAMMER
[AQ] SHOT fighter=ICE weapon=JACKHAMMER t=41.020
[AQ] HIT source=ICE target=RUBBER weapon=JACKHAMMER damage=16.8
[AQ] SHOT fighter=ICE weapon=JACKHAMMER t=41.153
[AQ] HIT source=ICE target=RUBBER weapon=JACKHAMMER damage=16.8
[AQ] HIT source=ICE target=RUBBER weapon=JACKHAMMER damage=16.8
[AQ] HIT source=ICE target=RUBBER weapon=JACKHAMMER damage=16.8
[AQ] HIT source=ICE target=RUBBER weapon=JACKHAMMER damage=16.8
[AQ] SHOT fighter=ICE weapon=JACKHAMMER t=41.287
[AQ] CONSUME fighter=ICE weapon=JACKHAMMER reason=sequence-complete
[AQ] SPAWN_SLOT id=18 x=727 y=859 lead=2.00
[AQ] HIT source=ICE target=RUBBER weapon=JACKHAMMER damage=16.8
[AQ] HIT source=ICE target=RUBBER weapon=JACKHAMMER damage=16.8
[AQ] HIT source=ICE target=RUBBER weapon=JACKHAMMER damage=16.8
[AQ] HIT source=ICE target=RUBBER weapon=JACKHAMMER damage=16.8
[AQ] REVEAL id=17 weapon=AK_47 eta=null lead=2.00 fighter=TIMEOUT force=true
[AQ] PICKUP id=17 fighter=RUBBER weapon=AK_47
[AQ] USE fighter=RUBBER weapon=AK_47
[AQ] SHOT fighter=RUBBER weapon=AK_47 t=44.320
[AQ] HIT source=RUBBER target=ICE weapon=AK_47 damage=26.6
[AQ] REVEAL id=18 weapon=MBR eta=null lead=2.00 fighter=TIMEOUT force=true
[AQ] SHOT fighter=RUBBER weapon=AK_47 t=44.420
[AQ] HIT source=RUBBER target=ICE weapon=AK_47 damage=26.6
[AQ] SHOT fighter=RUBBER weapon=AK_47 t=44.520
[AQ] HIT source=RUBBER target=ICE weapon=AK_47 damage=26.6
[AQ] SHOT fighter=RUBBER weapon=AK_47 t=44.620
[AQ] HIT source=RUBBER target=ICE weapon=AK_47 damage=26.6
[AQ] SHOT fighter=RUBBER weapon=AK_47 t=44.753
[AQ] HIT source=RUBBER target=ICE weapon=AK_47 damage=26.6
[AQ] SHOT fighter=RUBBER weapon=AK_47 t=44.853
[AQ] HIT source=RUBBER target=ICE weapon=AK_47 damage=26.6
[AQ] CONSUME fighter=RUBBER weapon=AK_47 reason=sequence-complete
[AQ] SPAWN_SLOT id=19 x=451 y=898 lead=2.00
[AQ] PICKUP id=18 fighter=ICE weapon=MBR
[AQ] USE fighter=ICE weapon=MBR
[AQ] SHOT fighter=ICE weapon=MBR t=46.653
[AQ] HIT source=ICE target=RUBBER weapon=MBR damage=77.0
[AQ] SHOT fighter=ICE weapon=MBR t=47.127
[AQ] CONSUME fighter=ICE weapon=MBR reason=shot-fired
[AQ] SPAWN_SLOT id=20 x=853 y=799 lead=2.00
[AQ] HIT source=ICE target=RUBBER weapon=MBR damage=77.0
[AQ] REVEAL id=19 weapon=PISTOL eta=0.42 lead=2.00 fighter=ICE force=false
[AQ] REVEAL id=20 weapon=ZBROYAR_Z15_S3 eta=1.21 lead=2.00 fighter=ICE force=false
[AQ] PICKUP id=19 fighter=ICE weapon=PISTOL
[AQ] USE fighter=ICE weapon=PISTOL
[AQ] SHOT fighter=ICE weapon=PISTOL t=48.367
[AQ] SHOT fighter=ICE weapon=PISTOL t=48.567
[AQ] REJECT_PICKUP fighter=ICE id=20 reason=already-armed
[AQ] SHOT fighter=ICE weapon=PISTOL t=48.800
[AQ] CONSUME fighter=ICE weapon=PISTOL reason=sequence-complete
[AQ] PICKUP id=20 fighter=ICE weapon=ZBROYAR_Z15_S3
[AQ] USE fighter=ICE weapon=ZBROYAR_Z15_S3
[AQ] SHOT fighter=ICE weapon=ZBROYAR_Z15_S3 t=49.367
[AQ] HIT source=ICE target=RUBBER weapon=ZBROYAR_Z15_S3 damage=33.3
[AQ] SHOT fighter=ICE weapon=ZBROYAR_Z15_S3 t=49.500
[AQ] HIT source=ICE target=RUBBER weapon=ZBROYAR_Z15_S3 damage=33.3
[AQ] SHOT fighter=ICE weapon=ZBROYAR_Z15_S3 t=49.667
[AQ] HIT source=ICE target=RUBBER weapon=ZBROYAR_Z15_S3 damage=33.3
[AQ] SHOT fighter=ICE weapon=ZBROYAR_Z15_S3 t=49.833
[AQ] HIT source=ICE target=RUBBER weapon=ZBROYAR_Z15_S3 damage=33.3
[AQ] CONSUME fighter=ICE weapon=ZBROYAR_Z15_S3 reason=sequence-complete
[AQ] SPAWN_SLOT id=21 x=514 y=902 lead=2.00
[AQ] EXPIRE_HEAL id=16
[AQ] SPAWN_HEAL id=22 heal=HEAL_H3 restore=196
[AQ] REVEAL id=21 weapon=BERETTA_93R eta=null lead=2.00 fighter=TIMEOUT force=true
[AQ] PICKUP id=21 fighter=RUBBER weapon=BERETTA_93R
[AQ] USE fighter=RUBBER weapon=BERETTA_93R
[AQ] SHOT fighter=RUBBER weapon=BERETTA_93R t=54.033
[AQ] SHOT fighter=RUBBER weapon=BERETTA_93R t=54.067
[AQ] PICKUP_HEAL id=22 fighter=RUBBER restore=196
[AQ] SHOT fighter=RUBBER weapon=BERETTA_93R t=54.133
[AQ] HIT source=RUBBER target=ICE weapon=BERETTA_93R damage=21.0
[AQ] HIT source=RUBBER target=ICE weapon=BERETTA_93R damage=21.0
[AQ] HIT source=RUBBER target=ICE weapon=BERETTA_93R damage=21.0
[AQ] SHOT fighter=RUBBER weapon=BERETTA_93R t=54.367
[AQ] SHOT fighter=RUBBER weapon=BERETTA_93R t=54.433
[AQ] SHOT fighter=RUBBER weapon=BERETTA_93R t=54.467
[AQ] SPAWN_SLOT id=23 x=422 y=306 lead=2.00
[AQ] COUNTER_RESERVED id=23 for=ICE shield=SWIRL_SHIELD vs=BERETTA_93R
[AQ] CONSUME fighter=RUBBER weapon=BERETTA_93R reason=sequence-complete
[AQ] SPAWN_SLOT id=24 x=162 y=800 lead=2.00
[AQ] COUNTER_RELEASE id=23 reason=invalid
[AQ] REVEAL id=23 weapon=TEC_9 eta=0.26 lead=2.00 fighter=ICE force=false
[AQ] HIT source=RUBBER target=ICE weapon=BERETTA_93R damage=21.0
[AQ] HIT source=RUBBER target=ICE weapon=BERETTA_93R damage=21.0
[AQ] PICKUP id=23 fighter=ICE weapon=TEC_9
[AQ] HIT source=RUBBER target=ICE weapon=BERETTA_93R damage=21.0
[AQ] USE fighter=ICE weapon=TEC_9
[AQ] SHOT fighter=ICE weapon=TEC_9 t=55.033
[AQ] SHOT fighter=ICE weapon=TEC_9 t=55.100
[AQ] HIT source=ICE target=RUBBER weapon=TEC_9 damage=21.0
[AQ] SHOT fighter=ICE weapon=TEC_9 t=55.200
[AQ] HIT source=ICE target=RUBBER weapon=TEC_9 damage=21.0
[AQ] SHOT fighter=ICE weapon=TEC_9 t=55.300
[AQ] HIT source=ICE target=RUBBER weapon=TEC_9 damage=21.0
[AQ] SHOT fighter=ICE weapon=TEC_9 t=55.367
[AQ] HIT source=ICE target=RUBBER weapon=TEC_9 damage=21.0
[AQ] CONSUME fighter=ICE weapon=TEC_9 reason=sequence-complete
[AQ] HIT source=ICE target=RUBBER weapon=TEC_9 damage=21.0
[AQ] SPAWN_SLOT id=25 x=112 y=216 lead=2.00
[AQ] REVEAL id=24 weapon=ZBROYAR_Z15 eta=null lead=2.00 fighter=TIMEOUT force=true
[AQ] REVEAL id=25 weapon=SZECSEI_FUCHS eta=null lead=2.00 fighter=TIMEOUT force=true
[AQ] SPAWN_SLOT id=26 x=640 y=483 lead=2.00
[AQ] SPAWN_HEAL id=27 heal=HEAL_H3 restore=196
[AQ] PICKUP id=25 fighter=ICE weapon=SZECSEI_FUCHS
[AQ] USE fighter=ICE weapon=SZECSEI_FUCHS
[AQ] SHOT fighter=ICE weapon=SZECSEI_FUCHS t=60.800
[AQ] HIT source=ICE target=RUBBER weapon=SZECSEI_FUCHS damage=105.0
[AQ] SHOT fighter=ICE weapon=SZECSEI_FUCHS t=61.373
[AQ] CONSUME fighter=ICE weapon=SZECSEI_FUCHS reason=shot-fired
[AQ] HIT source=ICE target=RUBBER weapon=SZECSEI_FUCHS damage=105.0
[AQ] REVEAL id=26 weapon=M249_SAW eta=null lead=2.00 fighter=TIMEOUT force=true
[AQ] PICKUP_HEAL id=27 fighter=RUBBER restore=196
[AQ] SPAWN_SLOT id=28 x=888 y=166 lead=2.00
[AQ] REVEAL id=28 weapon=MBR eta=0.76 lead=2.00 fighter=ICE force=false
[AQ] PICKUP id=26 fighter=RUBBER weapon=M249_SAW
[AQ] PICKUP id=28 fighter=ICE weapon=MBR
[AQ] USE fighter=RUBBER weapon=M249_SAW
[AQ] SHOT fighter=RUBBER weapon=M249_SAW t=65.147
[AQ] SHOT fighter=RUBBER weapon=M249_SAW t=65.213
[AQ] HIT source=RUBBER target=ICE weapon=M249_SAW damage=17.5
[AQ] SHOT fighter=RUBBER weapon=M249_SAW t=65.280
[AQ] HIT source=RUBBER target=ICE weapon=M249_SAW damage=17.5
[AQ] SHOT fighter=RUBBER weapon=M249_SAW t=65.347
[AQ] USE fighter=ICE weapon=MBR
[AQ] HIT source=RUBBER target=ICE weapon=M249_SAW damage=17.5
[AQ] SHOT fighter=RUBBER weapon=M249_SAW t=65.413
[AQ] HIT source=RUBBER target=ICE weapon=M249_SAW damage=17.5
[AQ] SHOT fighter=RUBBER weapon=M249_SAW t=65.513
[AQ] HIT source=RUBBER target=ICE weapon=M249_SAW damage=17.5
[AQ] SHOT fighter=RUBBER weapon=M249_SAW t=65.580
[AQ] HIT source=RUBBER target=ICE weapon=M249_SAW damage=17.5
[AQ] SHOT fighter=RUBBER weapon=M249_SAW t=65.647
[AQ] SHOT fighter=ICE weapon=MBR t=65.647
[AQ] HIT source=RUBBER target=ICE weapon=M249_SAW damage=17.5
[AQ] SHOT fighter=RUBBER weapon=M249_SAW t=65.713
[AQ] HIT source=ICE target=RUBBER weapon=MBR damage=77.0
[AQ] HIT source=RUBBER target=ICE weapon=M249_SAW damage=17.5
[AQ] HIT source=RUBBER target=ICE weapon=M249_SAW damage=17.5
[AQ] SHOT fighter=RUBBER weapon=M249_SAW t=65.820
[AQ] SHOT fighter=RUBBER weapon=M249_SAW t=65.887
[AQ] HIT source=RUBBER target=ICE weapon=M249_SAW damage=17.5
[AQ] SHOT fighter=RUBBER weapon=M249_SAW t=65.953
[AQ] HIT source=RUBBER target=ICE weapon=M249_SAW damage=17.5
[AQ] CONSUME fighter=RUBBER weapon=M249_SAW reason=sequence-complete
[AQ] HIT source=RUBBER target=ICE weapon=M249_SAW damage=17.5
[AQ] SHOT fighter=ICE weapon=MBR t=66.120
[AQ] CONSUME fighter=ICE weapon=MBR reason=shot-fired
[AQ] HIT source=ICE target=RUBBER weapon=MBR damage=115.5
[AQ] SPAWN_SLOT id=29 x=770 y=512 lead=2.00
[AQ] SPAWN_HEAL id=30 heal=HEAL_H1 restore=70
[AQ] PICKUP_HEAL id=30 fighter=ICE restore=70
[AQ] REVEAL id=29 weapon=MBR2 eta=0.80 lead=2.00 fighter=RUBBER force=false
[AQ] PICKUP id=29 fighter=RUBBER weapon=MBR2
[AQ] PICKUP id=24 fighter=ICE weapon=ZBROYAR_Z15
[AQ] USE fighter=RUBBER weapon=MBR2
[AQ] SPAWN_SLOT id=31 x=328 y=570 lead=2.00
[AQ] SHOT fighter=RUBBER weapon=MBR2 t=73.493
[AQ] USE fighter=ICE weapon=ZBROYAR_Z15
[AQ] SHOT fighter=ICE weapon=ZBROYAR_Z15 t=73.493
[AQ] HIT source=ICE target=RUBBER weapon=ZBROYAR_Z15 damage=33.3
[AQ] HIT source=RUBBER target=ICE weapon=MBR2 damage=98.0
[AQ] SHOT fighter=ICE weapon=ZBROYAR_Z15 t=73.633
[AQ] HIT source=ICE target=RUBBER weapon=ZBROYAR_Z15 damage=49.9
[AQ] SHOT fighter=ICE weapon=ZBROYAR_Z15 t=73.800
[AQ] HIT source=ICE target=RUBBER weapon=ZBROYAR_Z15 damage=33.3
[AQ] KO winner=ICE
[AQ] MODE_ENTER mode=ARSENAL_QUEST
[AQ] SPAWN_SLOT id=1 x=476 y=205 lead=2.00
[AQ] REVEAL id=1 weapon=ZBROYAR_Z15 eta=0.75 lead=2.00 fighter=ICE force=false
Not implemented: HTMLMediaElement's pause() method
Not implemented: HTMLMediaElement's pause() method
Not implemented: HTMLMediaElement's pause() method
Not implemented: HTMLMediaElement's pause() method
Not implemented: HTMLMediaElement's pause() method
Not implemented: HTMLMediaElement's pause() method
Not implemented: HTMLMediaElement's pause() method
Not implemented: HTMLMediaElement's pause() method
Not implemented: HTMLMediaElement's pause() method
[AQ] PICKUP id=1 fighter=ICE weapon=ZBROYAR_Z15
[AQ] USE fighter=ICE weapon=ZBROYAR_Z15
[AQ] SHOT fighter=ICE weapon=ZBROYAR_Z15 t=0.933
[AQ] HIT source=ICE target=RUBBER weapon=ZBROYAR_Z15 damage=33.3
[AQ] SHOT fighter=ICE weapon=ZBROYAR_Z15 t=1.067
[AQ] HIT source=ICE target=RUBBER weapon=ZBROYAR_Z15 damage=33.3
[AQ] SHOT fighter=ICE weapon=ZBROYAR_Z15 t=1.233
[AQ] HIT source=ICE target=RUBBER weapon=ZBROYAR_Z15 damage=33.3
[AQ] SHOT fighter=ICE weapon=ZBROYAR_Z15 t=1.400
[AQ] HIT source=ICE target=RUBBER weapon=ZBROYAR_Z15 damage=49.9
[AQ] CONSUME fighter=ICE weapon=ZBROYAR_Z15 reason=sequence-complete
[AQ] SPAWN_SLOT id=2 x=138 y=653 lead=2.00
[AQ] REVEAL id=2 weapon=SAWED_OFF eta=null lead=2.00 fighter=TIMEOUT force=true
[AQ] PICKUP id=2 fighter=RUBBER weapon=SAWED_OFF
[AQ] USE fighter=RUBBER weapon=SAWED_OFF
[AQ] CONSUME fighter=RUBBER weapon=SAWED_OFF reason=blast-resolved
[AQ] SPAWN_SLOT id=3 x=107 y=94 lead=2.00
[AQ] HIT source=RUBBER target=ICE weapon=SAWED_OFF damage=17.2
[AQ] HIT source=RUBBER target=ICE weapon=SAWED_OFF damage=17.2
[AQ] HIT source=RUBBER target=ICE weapon=SAWED_OFF damage=17.2
[AQ] HIT source=RUBBER target=ICE weapon=SAWED_OFF damage=17.2
[AQ] HIT source=RUBBER target=ICE weapon=SAWED_OFF damage=17.2
[AQ] REVEAL id=3 weapon=DESERT_DEAGLE eta=null lead=2.00 fighter=TIMEOUT force=true
[AQ] SPAWN_SLOT id=4 x=747 y=846 lead=2.00
[AQ] PICKUP id=3 fighter=RUBBER weapon=DESERT_DEAGLE
[AQ] USE fighter=RUBBER weapon=DESERT_DEAGLE
[AQ] SHOT fighter=RUBBER weapon=DESERT_DEAGLE t=10.370
[AQ] SHOT fighter=RUBBER weapon=DESERT_DEAGLE t=10.737
[AQ] HIT source=RUBBER target=ICE weapon=DESERT_DEAGLE damage=73.5
[AQ] CONSUME fighter=RUBBER weapon=DESERT_DEAGLE reason=sequence-complete
[AQ] SPAWN_SLOT id=5 x=765 y=674 lead=2.00
[AQ] REVEAL id=5 weapon=MOSSBERG_500 eta=0.32 lead=2.00 fighter=RUBBER force=false
[AQ] PICKUP id=5 fighter=RUBBER weapon=MOSSBERG_500
[AQ] REVEAL id=4 weapon=MBR2 eta=null lead=2.00 fighter=TIMEOUT force=true
[AQ] USE fighter=RUBBER weapon=MOSSBERG_500
[AQ] CONSUME fighter=RUBBER weapon=MOSSBERG_500 reason=blast-resolved
[AQ] HIT source=RUBBER target=ICE weapon=MOSSBERG_500 damage=19.6
[AQ] HIT source=RUBBER target=ICE weapon=MOSSBERG_500 damage=19.6
[AQ] HIT source=RUBBER target=ICE weapon=MOSSBERG_500 damage=19.6
[AQ] HIT source=RUBBER target=ICE weapon=MOSSBERG_500 damage=19.6
[AQ] HIT source=RUBBER target=ICE weapon=MOSSBERG_500 damage=19.6
[AQ] SPAWN_HEAL id=6 heal=HEAL_H5 restore=385
[AQ] HIT source=RUBBER target=ICE weapon=MOSSBERG_500 damage=19.6
[AQ] PICKUP_HEAL id=6 fighter=RUBBER restore=171.29070000000013
[AQ] SPAWN_SLOT id=7 x=140 y=696 lead=2.00
[AQ] REVEAL id=7 weapon=MAC_10 eta=null lead=2.00 fighter=TIMEOUT force=true
[AQ] SPAWN_SLOT id=8 x=712 y=598 lead=2.00
[AQ] PICKUP id=4 fighter=ICE weapon=MBR2
[AQ] USE fighter=ICE weapon=MBR2
[AQ] SHOT fighter=ICE weapon=MBR2 t=21.640
[AQ] HIT source=ICE target=RUBBER weapon=MBR2 damage=98.0
[AQ] SHOT fighter=ICE weapon=MBR2 t=22.147
[AQ] CONSUME fighter=ICE weapon=MBR2 reason=shot-fired
[AQ] HIT source=ICE target=RUBBER weapon=MBR2 damage=98.0
[AQ] SPAWN_HEAL id=9 heal=HEAL_H4 restore=280
[AQ] REVEAL id=8 weapon=DAGGER eta=null lead=2.00 fighter=TIMEOUT force=true
[AQ] PICKUP_HEAL id=9 fighter=RUBBER restore=224.3807999999999
[AQ] SPAWN_SLOT id=10 x=851 y=474 lead=2.00
[AQ] PICKUP id=7 fighter=ICE weapon=MAC_10
[AQ] USE fighter=ICE weapon=MAC_10
[AQ] SHOT fighter=ICE weapon=MAC_10 t=25.387
[AQ] SHOT fighter=ICE weapon=MAC_10 t=25.420
[AQ] SHOT fighter=ICE weapon=MAC_10 t=25.487
[AQ] SHOT fighter=ICE weapon=MAC_10 t=25.520
[AQ] COUNTER_RESERVED id=10 for=RUBBER shield=SWIRL_SHIELD vs=MAC_10
[AQ] SHOT fighter=ICE weapon=MAC_10 t=25.587
[AQ] HIT source=ICE target=RUBBER weapon=MAC_10 damage=14.0
[AQ] USE fighter=RUBBER weapon=SWIRL_SHIELD
[AQ] PICKUP id=10 fighter=RUBBER weapon=SWIRL_SHIELD
[AQ] SHOT fighter=ICE weapon=MAC_10 t=25.653
[AQ] REFLECT fighter=RUBBER weapon=SWIRL_SHIELD projectileFrom=ICE
[AQ] SHOT fighter=ICE weapon=MAC_10 t=25.687
[AQ] REFLECT fighter=RUBBER weapon=SWIRL_SHIELD projectileFrom=ICE
[AQ] SHOT fighter=ICE weapon=MAC_10 t=25.753
[AQ] REFLECT fighter=RUBBER weapon=SWIRL_SHIELD projectileFrom=ICE
[AQ] CONSUME fighter=ICE weapon=MAC_10 reason=sequence-complete
[AQ] SPAWN_SLOT id=11 x=109 y=141 lead=2.00
[AQ] REFLECT fighter=RUBBER weapon=SWIRL_SHIELD projectileFrom=ICE
[AQ] REFLECT fighter=RUBBER weapon=SWIRL_SHIELD projectileFrom=ICE
[AQ] REVEAL id=11 weapon=MAGNUM_500 eta=0.36 lead=2.00 fighter=ICE force=false
[AQ] REFLECT fighter=RUBBER weapon=SWIRL_SHIELD projectileFrom=ICE
[AQ] CONSUME fighter=RUBBER weapon=SWIRL_SHIELD reason=bound-over
[AQ] PICKUP id=11 fighter=ICE weapon=MAGNUM_500
[AQ] MELEE_DECIDE fighter=RUBBER weapon=DAGGER decision=throw
[AQ] PICKUP id=8 fighter=RUBBER weapon=DAGGER
[AQ] THROW fighter=RUBBER weapon=DAGGER ricochets=4
[AQ] CONSUME fighter=RUBBER weapon=DAGGER reason=thrown
[AQ] USE fighter=ICE weapon=MAGNUM_500
[AQ] SHOT fighter=ICE weapon=MAGNUM_500 t=26.487
[AQ] CONSUME fighter=ICE weapon=MAGNUM_500 reason=sequence-complete
[AQ] SPAWN_SLOT id=12 x=92 y=413 lead=2.00
[AQ] HIT source=RUBBER target=ICE weapon=DAGGER damage=94.5
[AQ] THROWN_PIN weapon=DAGGER target=ICE pin=1s
[AQ] REVEAL id=12 weapon=SAWED_OFF eta=0.63 lead=2.00 fighter=RUBBER force=false
[AQ] PICKUP id=12 fighter=RUBBER weapon=SAWED_OFF
[AQ] USE fighter=RUBBER weapon=SAWED_OFF
[AQ] CONSUME fighter=RUBBER weapon=SAWED_OFF reason=blast-resolved
[AQ] SPAWN_SLOT id=13 x=291 y=274 lead=2.00
[AQ] HIT source=RUBBER target=ICE weapon=SAWED_OFF damage=17.2
[AQ] HIT source=RUBBER target=ICE weapon=SAWED_OFF damage=17.2
[AQ] HIT source=RUBBER target=ICE weapon=SAWED_OFF damage=17.2
[AQ] HIT source=RUBBER target=ICE weapon=SAWED_OFF damage=17.2
[AQ] SPAWN_HEAL id=14 heal=HEAL_H5 restore=385
[AQ] REVEAL id=13 weapon=MAC_10 eta=null lead=2.00 fighter=TIMEOUT force=true
[AQ] PICKUP_HEAL id=14 fighter=ICE restore=385
[AQ] SPAWN_SLOT id=15 x=823 y=441 lead=2.00
[AQ] REVEAL id=15 weapon=STORMBREAKER eta=null lead=2.00 fighter=TIMEOUT force=true
[AQ] MELEE_DECIDE fighter=ICE weapon=STORMBREAKER decision=throw
[AQ] PICKUP id=15 fighter=ICE weapon=STORMBREAKER
[AQ] USE fighter=ICE weapon=STORMBREAKER
[AQ] THROW fighter=ICE weapon=STORMBREAKER ricochets=1
[AQ] CONSUME fighter=ICE weapon=STORMBREAKER reason=thrown
[AQ] HIT source=ICE target=RUBBER weapon=STORMBREAKER damage=446.0
[AQ] STORM_IMPACT target=RUBBER x=844 y=207
[AQ] STORM_FLOOR_STRIKE target=RUBBER x=889 y=139
[AQ] SPAWN_SLOT id=16 x=225 y=535 lead=2.00
[AQ] PICKUP id=13 fighter=ICE weapon=MAC_10
[AQ] USE fighter=ICE weapon=MAC_10
[AQ] SHOT fighter=ICE weapon=MAC_10 t=40.907
[AQ] SPAWN_HEAL id=17 heal=HEAL_H4 restore=280
[AQ] SHOT fighter=ICE weapon=MAC_10 t=40.940
[AQ] SHOT fighter=ICE weapon=MAC_10 t=41.007
[AQ] SHOT fighter=ICE weapon=MAC_10 t=41.040
[AQ] HIT source=ICE target=RUBBER weapon=MAC_10 damage=14.0
[AQ] SHOT fighter=ICE weapon=MAC_10 t=41.107
[AQ] HIT source=ICE target=RUBBER weapon=MAC_10 damage=14.0
[AQ] SHOT fighter=ICE weapon=MAC_10 t=41.173
[AQ] SHOT fighter=ICE weapon=MAC_10 t=41.207
[AQ] HIT source=ICE target=RUBBER weapon=MAC_10 damage=14.0
[AQ] SHOT fighter=ICE weapon=MAC_10 t=41.273
[AQ] HIT source=ICE target=RUBBER weapon=MAC_10 damage=14.0
[AQ] HIT source=ICE target=RUBBER weapon=MAC_10 damage=14.0
[AQ] CONSUME fighter=ICE weapon=MAC_10 reason=sequence-complete
[AQ] SPAWN_SLOT id=18 x=809 y=482 lead=2.00
[AQ] PICKUP_HEAL id=17 fighter=RUBBER restore=280
[AQ] REVEAL id=16 weapon=SPEAR eta=null lead=2.00 fighter=TIMEOUT force=true
[AQ] MELEE_DECIDE fighter=ICE weapon=SPEAR decision=throw
[AQ] PICKUP id=16 fighter=ICE weapon=SPEAR
[AQ] THROW fighter=ICE weapon=SPEAR ricochets=2
[AQ] CONSUME fighter=ICE weapon=SPEAR reason=thrown
[AQ] REVEAL id=18 weapon=GLOCK_17 eta=0.59 lead=2.00 fighter=RUBBER force=false
[AQ] THROWN_RICOCHET weapon=SPEAR left=1
[AQ] PICKUP id=18 fighter=RUBBER weapon=GLOCK_17
[AQ] THROWN_RICOCHET weapon=SPEAR left=0
[AQ] USE fighter=RUBBER weapon=GLOCK_17
[AQ] SHOT fighter=RUBBER weapon=GLOCK_17 t=43.940
[AQ] HIT source=RUBBER target=ICE weapon=GLOCK_17 damage=24.5
[AQ] SHOT fighter=RUBBER weapon=GLOCK_17 t=44.040
[AQ] HIT source=RUBBER target=ICE weapon=GLOCK_17 damage=24.5
[AQ] SHOT fighter=RUBBER weapon=GLOCK_17 t=44.173
[AQ] SHOT fighter=RUBBER weapon=GLOCK_17 t=44.273
[AQ] HIT source=RUBBER target=ICE weapon=GLOCK_17 damage=24.5
[AQ] CONSUME fighter=RUBBER weapon=GLOCK_17 reason=sequence-complete
[AQ] SPAWN_SLOT id=19 x=883 y=467 lead=2.00
[AQ] REVEAL id=19 weapon=PISTOL eta=null lead=2.00 fighter=TIMEOUT force=true
[AQ] PICKUP id=19 fighter=ICE weapon=PISTOL
[AQ] USE fighter=ICE weapon=PISTOL
[AQ] SHOT fighter=ICE weapon=PISTOL t=47.940
[AQ] SHOT fighter=ICE weapon=PISTOL t=48.140
[AQ] HIT source=ICE target=RUBBER weapon=PISTOL damage=31.5
[AQ] HIT source=ICE target=RUBBER weapon=PISTOL damage=31.5
[AQ] SHOT fighter=ICE weapon=PISTOL t=48.373
[AQ] HIT source=ICE target=RUBBER weapon=PISTOL damage=31.5
[AQ] CONSUME fighter=ICE weapon=PISTOL reason=sequence-complete
[AQ] SPAWN_SLOT id=20 x=510 y=884 lead=2.00
[AQ] REVEAL id=20 weapon=BERETTA_93R eta=1.89 lead=2.00 fighter=RUBBER force=false
[AQ] SPAWN_HEAL id=21 heal=HEAL_H4 restore=280
[AQ] PICKUP id=20 fighter=RUBBER weapon=BERETTA_93R
[AQ] USE fighter=RUBBER weapon=BERETTA_93R
[AQ] SHOT fighter=RUBBER weapon=BERETTA_93R t=51.507
[AQ] SHOT fighter=RUBBER weapon=BERETTA_93R t=51.540
[AQ] SHOT fighter=RUBBER weapon=BERETTA_93R t=51.607
[AQ] SHOT fighter=RUBBER weapon=BERETTA_93R t=51.840
[AQ] SHOT fighter=RUBBER weapon=BERETTA_93R t=51.907
[AQ] SHOT fighter=RUBBER weapon=BERETTA_93R t=51.940
[AQ] CONSUME fighter=RUBBER weapon=BERETTA_93R reason=sequence-complete
[AQ] SPAWN_SLOT id=22 x=726 y=260 lead=2.00
[AQ] PICKUP_HEAL id=21 fighter=RUBBER restore=280
[AQ] REVEAL id=22 weapon=SMG eta=null lead=2.00 fighter=TIMEOUT force=true
[AQ] SPAWN_SLOT id=23 x=889 y=385 lead=2.00
[AQ] REVEAL id=23 weapon=GLOCK_17 eta=null lead=2.00 fighter=TIMEOUT force=true
[AQ] PICKUP id=22 fighter=RUBBER weapon=SMG
[AQ] USE fighter=RUBBER weapon=SMG
[AQ] SHOT fighter=RUBBER weapon=SMG t=60.807
[AQ] HIT source=RUBBER target=ICE weapon=SMG damage=15.8
[AQ] SHOT fighter=RUBBER weapon=SMG t=60.873
[AQ] HIT source=RUBBER target=ICE weapon=SMG damage=15.8
[AQ] REJECT_PICKUP fighter=RUBBER id=23 reason=already-armed
[AQ] SHOT fighter=RUBBER weapon=SMG t=60.973
[AQ] HIT source=RUBBER target=ICE weapon=SMG damage=15.8
[AQ] SPAWN_SLOT id=24 x=872 y=793 lead=2.00
[AQ] SHOT fighter=RUBBER weapon=SMG t=61.040
[AQ] HIT source=RUBBER target=ICE weapon=SMG damage=15.8
[AQ] SHOT fighter=RUBBER weapon=SMG t=61.140
[AQ] HIT source=RUBBER target=ICE weapon=SMG damage=15.8
[AQ] SHOT fighter=RUBBER weapon=SMG t=61.207
[AQ] HIT source=RUBBER target=ICE weapon=SMG damage=15.8
[AQ] PICKUP id=23 fighter=ICE weapon=GLOCK_17
[AQ] SHOT fighter=RUBBER weapon=SMG t=61.307
[AQ] HIT source=RUBBER target=ICE weapon=SMG damage=15.8
[AQ] SHOT fighter=RUBBER weapon=SMG t=61.373
[AQ] HIT source=RUBBER target=ICE weapon=SMG damage=15.8
[AQ] SPAWN_HEAL id=25 heal=HEAL_H3 restore=196
[AQ] CONSUME fighter=RUBBER weapon=SMG reason=sequence-complete
[AQ] USE fighter=ICE weapon=GLOCK_17
[AQ] SHOT fighter=ICE weapon=GLOCK_17 t=61.607
[AQ] HIT source=ICE target=RUBBER weapon=GLOCK_17 damage=24.5
[AQ] SHOT fighter=ICE weapon=GLOCK_17 t=61.707
[AQ] HIT source=ICE target=RUBBER weapon=GLOCK_17 damage=24.5
[AQ] SHOT fighter=ICE weapon=GLOCK_17 t=61.840
[AQ] HIT source=ICE target=RUBBER weapon=GLOCK_17 damage=24.5
[AQ] SHOT fighter=ICE weapon=GLOCK_17 t=61.940
[AQ] HIT source=ICE target=RUBBER weapon=GLOCK_17 damage=36.8
[AQ] CONSUME fighter=ICE weapon=GLOCK_17 reason=sequence-complete
[AQ] SPAWN_SLOT id=26 x=432 y=801 lead=2.00
[AQ] REVEAL id=26 weapon=GLOCK_17 eta=0.50 lead=2.00 fighter=ICE force=false
[AQ] PICKUP id=26 fighter=ICE weapon=GLOCK_17
[AQ] USE fighter=ICE weapon=GLOCK_17
[AQ] SHOT fighter=ICE weapon=GLOCK_17 t=62.773
[AQ] HIT source=ICE target=RUBBER weapon=GLOCK_17 damage=24.5
[AQ] SHOT fighter=ICE weapon=GLOCK_17 t=62.873
[AQ] HIT source=ICE target=RUBBER weapon=GLOCK_17 damage=24.5
[AQ] SHOT fighter=ICE weapon=GLOCK_17 t=63.007
[AQ] HIT source=ICE target=RUBBER weapon=GLOCK_17 damage=24.5
[AQ] SHOT fighter=ICE weapon=GLOCK_17 t=63.107
[AQ] HIT source=ICE target=RUBBER weapon=GLOCK_17 damage=24.5
[AQ] CONSUME fighter=ICE weapon=GLOCK_17 reason=sequence-complete
[AQ] SPAWN_SLOT id=27 x=600 y=190 lead=2.00
[AQ] REVEAL id=27 weapon=SZECSEI_FUCHS eta=1.35 lead=2.00 fighter=ICE force=false
[AQ] REVEAL id=24 weapon=PISTOL eta=null lead=2.00 fighter=TIMEOUT force=true
[AQ] PICKUP_HEAL id=25 fighter=ICE restore=196
[AQ] PICKUP id=27 fighter=RUBBER weapon=SZECSEI_FUCHS
[AQ] PICKUP id=24 fighter=ICE weapon=PISTOL
[AQ] USE fighter=RUBBER weapon=SZECSEI_FUCHS
[AQ] USE fighter=ICE weapon=PISTOL
[AQ] SHOT fighter=ICE weapon=PISTOL t=67.073
[AQ] SHOT fighter=RUBBER weapon=SZECSEI_FUCHS t=67.140
[AQ] HIT source=RUBBER target=ICE weapon=SZECSEI_FUCHS damage=105.0
[AQ] SHOT fighter=ICE weapon=PISTOL t=67.280
[AQ] SHOT fighter=ICE weapon=PISTOL t=67.513
[AQ] SHOT fighter=RUBBER weapon=SZECSEI_FUCHS t=67.713
[AQ] CONSUME fighter=RUBBER weapon=SZECSEI_FUCHS reason=shot-fired
[AQ] CONSUME fighter=ICE weapon=PISTOL reason=sequence-complete
[AQ] SPAWN_SLOT id=28 x=212 y=128 lead=2.00
[AQ] HIT source=RUBBER target=ICE weapon=SZECSEI_FUCHS damage=105.0
[AQ] SPAWN_HEAL id=29 heal=HEAL_H3 restore=196
[AQ] REVEAL id=28 weapon=GLOCK_17 eta=null lead=2.00 fighter=TIMEOUT force=true
[AQ] PICKUP_HEAL id=29 fighter=RUBBER restore=196
[AQ] PICKUP id=28 fighter=RUBBER weapon=GLOCK_17
[AQ] USE fighter=RUBBER weapon=GLOCK_17
[AQ] SHOT fighter=RUBBER weapon=GLOCK_17 t=72.153
[AQ] SPAWN_SLOT id=30 x=140 y=468 lead=2.00
[AQ] HIT source=RUBBER target=ICE weapon=GLOCK_17 damage=24.5
[AQ] SHOT fighter=RUBBER weapon=GLOCK_17 t=72.253
[AQ] HIT source=RUBBER target=ICE weapon=GLOCK_17 damage=24.5
[AQ] SHOT fighter=RUBBER weapon=GLOCK_17 t=72.387
[AQ] HIT source=RUBBER target=ICE weapon=GLOCK_17 damage=24.5
[AQ] SHOT fighter=RUBBER weapon=GLOCK_17 t=72.487
[AQ] HIT source=RUBBER target=ICE weapon=GLOCK_17 damage=36.8
[AQ] CONSUME fighter=RUBBER weapon=GLOCK_17 reason=sequence-complete
[AQ] SPAWN_SLOT id=31 x=703 y=625 lead=2.00
[AQ] REVEAL id=31 weapon=TEC_9 eta=0.71 lead=2.00 fighter=ICE force=false
[AQ] REVEAL id=30 weapon=SMG eta=1.58 lead=2.00 fighter=RUBBER force=false
[AQ] PICKUP id=31 fighter=RUBBER weapon=TEC_9
[AQ] USE fighter=RUBBER weapon=TEC_9
[AQ] SHOT fighter=RUBBER weapon=TEC_9 t=74.487
[AQ] HIT source=RUBBER target=ICE weapon=TEC_9 damage=21.0
[AQ] SHOT fighter=RUBBER weapon=TEC_9 t=74.553
[AQ] HIT source=RUBBER target=ICE weapon=TEC_9 damage=21.0
[AQ] SHOT fighter=RUBBER weapon=TEC_9 t=74.653
[AQ] HIT source=RUBBER target=ICE weapon=TEC_9 damage=21.0
[AQ] SHOT fighter=RUBBER weapon=TEC_9 t=74.753
[AQ] HIT source=RUBBER target=ICE weapon=TEC_9 damage=21.0
[AQ] SHOT fighter=RUBBER weapon=TEC_9 t=74.820
[AQ] HIT source=RUBBER target=ICE weapon=TEC_9 damage=31.5
[AQ] CONSUME fighter=RUBBER weapon=TEC_9 reason=sequence-complete
[AQ] PICKUP id=30 fighter=RUBBER weapon=SMG
[AQ] USE fighter=RUBBER weapon=SMG
[AQ] SHOT fighter=RUBBER weapon=SMG t=75.620
[AQ] HIT source=RUBBER target=ICE weapon=SMG damage=15.8
[AQ] SHOT fighter=RUBBER weapon=SMG t=75.687
[AQ] HIT source=RUBBER target=ICE weapon=SMG damage=15.8
[AQ] SHOT fighter=RUBBER weapon=SMG t=75.787
[AQ] HIT source=RUBBER target=ICE weapon=SMG damage=15.8
[AQ] SHOT fighter=RUBBER weapon=SMG t=75.853
[AQ] HIT source=RUBBER target=ICE weapon=SMG damage=23.6
[AQ] SHOT fighter=RUBBER weapon=SMG t=75.953
[AQ] HIT source=RUBBER target=ICE weapon=SMG damage=15.8
[AQ] SHOT fighter=RUBBER weapon=SMG t=76.020
[AQ] HIT source=RUBBER target=ICE weapon=SMG damage=15.8
[AQ] SHOT fighter=RUBBER weapon=SMG t=76.120
[AQ] HIT source=RUBBER target=ICE weapon=SMG damage=15.8
[AQ] SHOT fighter=RUBBER weapon=SMG t=76.187
[AQ] HIT source=RUBBER target=ICE weapon=SMG damage=15.8
[AQ] CONSUME fighter=RUBBER weapon=SMG reason=sequence-complete
[AQ] SPAWN_SLOT id=32 x=652 y=868 lead=2.00
[AQ] REVEAL id=32 weapon=M249_SAW eta=0.99 lead=2.00 fighter=RUBBER force=false
[AQ] PICKUP id=32 fighter=RUBBER weapon=M249_SAW
[AQ] USE fighter=RUBBER weapon=M249_SAW
[AQ] SHOT fighter=RUBBER weapon=M249_SAW t=77.453
[AQ] HIT source=RUBBER target=ICE weapon=M249_SAW damage=17.5
[AQ] SHOT fighter=RUBBER weapon=M249_SAW t=77.520
[AQ] HIT source=RUBBER target=ICE weapon=M249_SAW damage=17.5
[AQ] SHOT fighter=RUBBER weapon=M249_SAW t=77.587
[AQ] HIT source=RUBBER target=ICE weapon=M249_SAW damage=17.5
[AQ] SHOT fighter=RUBBER weapon=M249_SAW t=77.653
[AQ] HIT source=RUBBER target=ICE weapon=M249_SAW damage=17.5
[AQ] SHOT fighter=RUBBER weapon=M249_SAW t=77.720
[AQ] HIT source=RUBBER target=ICE weapon=M249_SAW damage=17.5
[AQ] SHOT fighter=RUBBER weapon=M249_SAW t=77.820
[AQ] HIT source=RUBBER target=ICE weapon=M249_SAW damage=17.5
[AQ] SHOT fighter=RUBBER weapon=M249_SAW t=77.887
[AQ] HIT source=RUBBER target=ICE weapon=M249_SAW damage=17.5
[AQ] SHOT fighter=RUBBER weapon=M249_SAW t=77.953
[AQ] HIT source=RUBBER target=ICE weapon=M249_SAW damage=17.5
[AQ] SHOT fighter=RUBBER weapon=M249_SAW t=78.020
[AQ] HIT source=RUBBER target=ICE weapon=M249_SAW damage=17.5
[AQ] SHOT fighter=RUBBER weapon=M249_SAW t=78.120
[AQ] HIT source=RUBBER target=ICE weapon=M249_SAW damage=17.5
[AQ] SHOT fighter=RUBBER weapon=M249_SAW t=78.187
[AQ] HIT source=RUBBER target=ICE weapon=M249_SAW damage=17.5
[AQ] SHOT fighter=RUBBER weapon=M249_SAW t=78.253
[AQ] CONSUME fighter=RUBBER weapon=M249_SAW reason=sequence-complete
[AQ] HIT source=RUBBER target=ICE weapon=M249_SAW damage=17.5
[AQ] SPAWN_SLOT id=33 x=773 y=423 lead=2.00
[AQ] REVEAL id=33 weapon=ZBROYAR_Z15_S3 eta=0.36 lead=2.00 fighter=RUBBER force=false
[AQ] PICKUP id=33 fighter=RUBBER weapon=ZBROYAR_Z15_S3
[AQ] USE fighter=RUBBER weapon=ZBROYAR_Z15_S3
[AQ] SHOT fighter=RUBBER weapon=ZBROYAR_Z15_S3 t=79.020
[AQ] SHOT fighter=RUBBER weapon=ZBROYAR_Z15_S3 t=79.153
[AQ] SHOT fighter=RUBBER weapon=ZBROYAR_Z15_S3 t=79.320
[AQ] SPAWN_HEAL id=34 heal=HEAL_H2 restore=126
[AQ] PICKUP_HEAL id=34 fighter=ICE restore=126
[AQ] SHOT fighter=RUBBER weapon=ZBROYAR_Z15_S3 t=79.487
[AQ] HIT source=RUBBER target=ICE weapon=ZBROYAR_Z15_S3 damage=33.3
[AQ] CONSUME fighter=RUBBER weapon=ZBROYAR_Z15_S3 reason=sequence-complete
[AQ] HIT source=RUBBER target=ICE weapon=ZBROYAR_Z15_S3 damage=49.9
[AQ] SPAWN_SLOT id=35 x=554 y=325 lead=2.00
[AQ] REVEAL id=35 weapon=GLOCK_17 eta=null lead=2.00 fighter=TIMEOUT force=true
[AQ] PICKUP id=35 fighter=RUBBER weapon=GLOCK_17
[AQ] USE fighter=RUBBER weapon=GLOCK_17
[AQ] SHOT fighter=RUBBER weapon=GLOCK_17 t=83.253
[AQ] HIT source=RUBBER target=ICE weapon=GLOCK_17 damage=24.5
[AQ] SHOT fighter=RUBBER weapon=GLOCK_17 t=83.353
[AQ] HIT source=RUBBER target=ICE weapon=GLOCK_17 damage=24.5
[AQ] SHOT fighter=RUBBER weapon=GLOCK_17 t=83.487
[AQ] HIT source=RUBBER target=ICE weapon=GLOCK_17 damage=24.5
[AQ] SHOT fighter=RUBBER weapon=GLOCK_17 t=83.587
[AQ] HIT source=RUBBER target=ICE weapon=GLOCK_17 damage=24.5
[AQ] CONSUME fighter=RUBBER weapon=GLOCK_17 reason=sequence-complete
[AQ] SPAWN_SLOT id=36 x=537 y=159 lead=2.00
[AQ] REVEAL id=36 weapon=MAC_10 eta=null lead=2.00 fighter=TIMEOUT force=true
[AQ] SPAWN_SLOT id=37 x=909 y=489 lead=2.00
[AQ] REVEAL id=37 weapon=SHOTGUN eta=1.24 lead=2.00 fighter=RUBBER force=false
[AQ] SPAWN_HEAL id=38 heal=HEAL_H3 restore=196
[AQ] PICKUP_HEAL id=38 fighter=ICE restore=196
[AQ] PICKUP id=37 fighter=RUBBER weapon=SHOTGUN
[AQ] PICKUP id=36 fighter=ICE weapon=MAC_10
[AQ] USE fighter=RUBBER weapon=SHOTGUN
[AQ] SHOT fighter=RUBBER weapon=SHOTGUN t=89.653
[AQ] HIT source=RUBBER target=ICE weapon=SHOTGUN damage=14.0
[AQ] HIT source=RUBBER target=ICE weapon=SHOTGUN damage=14.0
[AQ] HIT source=RUBBER target=ICE weapon=SHOTGUN damage=14.0
[AQ] HIT source=RUBBER target=ICE weapon=SHOTGUN damage=14.0
[AQ] USE fighter=ICE weapon=MAC_10
[AQ] SHOT fighter=ICE weapon=MAC_10 t=89.853
[AQ] SHOT fighter=ICE weapon=MAC_10 t=89.887
[AQ] SHOT fighter=RUBBER weapon=SHOTGUN t=89.920
[AQ] CONSUME fighter=RUBBER weapon=SHOTGUN reason=sequence-complete
[AQ] HIT source=ICE target=RUBBER weapon=MAC_10 damage=14.0
[AQ] SHOT fighter=ICE weapon=MAC_10 t=89.953
[AQ] HIT source=ICE target=RUBBER weapon=MAC_10 damage=14.0
[AQ] SHOT fighter=ICE weapon=MAC_10 t=89.987
[AQ] HIT source=RUBBER target=ICE weapon=SHOTGUN damage=14.0
[AQ] HIT source=RUBBER target=ICE weapon=SHOTGUN damage=14.0
[AQ] HIT source=ICE target=RUBBER weapon=MAC_10 damage=14.0
[AQ] HIT source=RUBBER target=ICE weapon=SHOTGUN damage=14.0
[AQ] HIT source=RUBBER target=ICE weapon=SHOTGUN damage=14.0
[AQ] SHOT fighter=ICE weapon=MAC_10 t=90.053
[AQ] HIT source=ICE target=RUBBER weapon=MAC_10 damage=14.0
[AQ] SHOT fighter=ICE weapon=MAC_10 t=90.120
[AQ] HIT source=ICE target=RUBBER weapon=MAC_10 damage=14.0
[AQ] SHOT fighter=ICE weapon=MAC_10 t=90.153
[AQ] HIT source=ICE target=RUBBER weapon=MAC_10 damage=14.0
[AQ] SHOT fighter=ICE weapon=MAC_10 t=90.220
[AQ] HIT source=ICE target=RUBBER weapon=MAC_10 damage=14.0
[AQ] CONSUME fighter=ICE weapon=MAC_10 reason=sequence-complete
[AQ] SPAWN_SLOT id=39 x=867 y=411 lead=2.00
[AQ] HIT source=ICE target=RUBBER weapon=MAC_10 damage=14.0
[AQ] REVEAL id=39 weapon=BERETTA_93R eta=null lead=2.00 fighter=TIMEOUT force=true
[AQ] PICKUP id=39 fighter=RUBBER weapon=BERETTA_93R
[AQ] USE fighter=RUBBER weapon=BERETTA_93R
[AQ] SHOT fighter=RUBBER weapon=BERETTA_93R t=93.720
[AQ] SHOT fighter=RUBBER weapon=BERETTA_93R t=93.753
[AQ] HIT source=RUBBER target=ICE weapon=BERETTA_93R damage=21.0
[AQ] HIT source=RUBBER target=ICE weapon=BERETTA_93R damage=21.0
[AQ] SHOT fighter=RUBBER weapon=BERETTA_93R t=93.820
[AQ] HIT source=RUBBER target=ICE weapon=BERETTA_93R damage=21.0
[AQ] SHOT fighter=RUBBER weapon=BERETTA_93R t=94.053
[AQ] HIT source=RUBBER target=ICE weapon=BERETTA_93R damage=21.0
[AQ] SHOT fighter=RUBBER weapon=BERETTA_93R t=94.120
[AQ] HIT source=RUBBER target=ICE weapon=BERETTA_93R damage=21.0
[AQ] SHOT fighter=RUBBER weapon=BERETTA_93R t=94.153
[AQ] HIT source=RUBBER target=ICE weapon=BERETTA_93R damage=21.0
[AQ] CONSUME fighter=RUBBER weapon=BERETTA_93R reason=sequence-complete
[AQ] SPAWN_SLOT id=40 x=562 y=841 lead=2.00
[AQ] REVEAL id=40 weapon=ZBROYAR_Z15 eta=null lead=2.00 fighter=TIMEOUT force=true
[AQ] SPAWN_HEAL id=41 heal=HEAL_H1 restore=70
[AQ] PICKUP_HEAL id=41 fighter=ICE restore=70
[AQ] SPAWN_SLOT id=42 x=716 y=177 lead=2.00
[AQ] PICKUP id=40 fighter=ICE weapon=ZBROYAR_Z15
[AQ] REVEAL id=42 weapon=DESERT_DEAGLE eta=null lead=2.00 fighter=TIMEOUT force=true
[AQ] PICKUP id=42 fighter=RUBBER weapon=DESERT_DEAGLE
[AQ] USE fighter=ICE weapon=ZBROYAR_Z15
[AQ] SHOT fighter=ICE weapon=ZBROYAR_Z15 t=102.053
[AQ] SHOT fighter=ICE weapon=ZBROYAR_Z15 t=102.187
[AQ] SHOT fighter=ICE weapon=ZBROYAR_Z15 t=102.353
[AQ] USE fighter=RUBBER weapon=DESERT_DEAGLE
[AQ] SHOT fighter=RUBBER weapon=DESERT_DEAGLE t=102.387
[AQ] SHOT fighter=ICE weapon=ZBROYAR_Z15 t=102.520
[AQ] HIT source=ICE target=RUBBER weapon=ZBROYAR_Z15 damage=49.9
[AQ] CONSUME fighter=ICE weapon=ZBROYAR_Z15 reason=sequence-complete
[AQ] SHOT fighter=RUBBER weapon=DESERT_DEAGLE t=102.753
[AQ] CONSUME fighter=RUBBER weapon=DESERT_DEAGLE reason=sequence-complete
[AQ] SPAWN_SLOT id=43 x=854 y=791 lead=2.00
[AQ] REVEAL id=43 weapon=SMG eta=null lead=2.00 fighter=TIMEOUT force=true
[AQ] SPAWN_HEAL id=44 heal=HEAL_H3 restore=196
[AQ] PICKUP_HEAL id=44 fighter=RUBBER restore=196
[AQ] SPAWN_SLOT id=45 x=601 y=516 lead=2.00
[AQ] REVEAL id=45 weapon=MOSSBERG_500 eta=null lead=2.00 fighter=TIMEOUT force=true
[AQ] SPAWN_SLOT id=46 x=824 y=476 lead=2.00
[AQ] REVEAL id=46 weapon=GRENADE eta=0.79 lead=2.00 fighter=RUBBER force=false
[AQ] PICKUP id=46 fighter=RUBBER weapon=GRENADE
[AQ] USE fighter=RUBBER weapon=GRENADE
[AQ] CONSUME fighter=RUBBER weapon=GRENADE reason=thrown
[AQ] PICKUP id=43 fighter=ICE weapon=SMG
[AQ] USE fighter=ICE weapon=SMG
[AQ] SHOT fighter=ICE weapon=SMG t=113.720
[AQ] SHOT fighter=ICE weapon=SMG t=113.787
[AQ] HIT source=ICE target=RUBBER weapon=SMG damage=15.8
[AQ] SHOT fighter=ICE weapon=SMG t=113.887
[AQ] HIT source=ICE target=RUBBER weapon=SMG damage=23.6
[AQ] SHOT fighter=ICE weapon=SMG t=113.953
[AQ] HIT source=ICE target=RUBBER weapon=SMG damage=15.8
[AQ] HIT source=ICE target=RUBBER weapon=SMG damage=23.6
[AQ] SHOT fighter=ICE weapon=SMG t=114.053
[AQ] HIT source=ICE target=RUBBER weapon=SMG damage=15.8
[AQ] SHOT fighter=ICE weapon=SMG t=114.120
[AQ] HIT source=ICE target=RUBBER weapon=SMG damage=15.8
[AQ] SHOT fighter=ICE weapon=SMG t=114.220
[AQ] HIT source=ICE target=RUBBER weapon=SMG damage=15.8
[AQ] SHOT fighter=ICE weapon=SMG t=114.287
[AQ] HIT source=ICE target=RUBBER weapon=SMG damage=15.8
[AQ] REJECT_PICKUP fighter=ICE id=45 reason=already-armed
[AQ] CONSUME fighter=ICE weapon=SMG reason=sequence-complete
[AQ] PICKUP id=45 fighter=ICE weapon=MOSSBERG_500
[AQ] EXPLODE weapon=GRENADE x=670 y=780
[AQ] SPAWN_HEAL id=47 heal=HEAL_H2 restore=126
[AQ] PICKUP_HEAL id=47 fighter=RUBBER restore=126
[AQ] USE fighter=ICE weapon=MOSSBERG_500
[AQ] CONSUME fighter=ICE weapon=MOSSBERG_500 reason=blast-resolved
[AQ] SPAWN_SLOT id=48 x=315 y=609 lead=2.00
[AQ] HIT source=ICE target=RUBBER weapon=MOSSBERG_500 damage=19.6
[AQ] HIT source=ICE target=RUBBER weapon=MOSSBERG_500 damage=19.6
[AQ] HIT source=ICE target=RUBBER weapon=MOSSBERG_500 damage=19.6
[AQ] HIT source=ICE target=RUBBER weapon=MOSSBERG_500 damage=19.6
[AQ] HIT source=ICE target=RUBBER weapon=MOSSBERG_500 damage=19.6
[AQ] HIT source=ICE target=RUBBER weapon=MOSSBERG_500 damage=19.6
[AQ] REVEAL id=48 weapon=PISTOL eta=0.06 lead=2.00 fighter=RUBBER force=false
[AQ] PICKUP id=48 fighter=RUBBER weapon=PISTOL
[AQ] USE fighter=RUBBER weapon=PISTOL
[AQ] SHOT fighter=RUBBER weapon=PISTOL t=116.657
[AQ] HIT source=RUBBER target=ICE weapon=PISTOL damage=31.5
[AQ] SHOT fighter=RUBBER weapon=PISTOL t=116.857
[AQ] HIT source=RUBBER target=ICE weapon=PISTOL damage=31.5
[AQ] SHOT fighter=RUBBER weapon=PISTOL t=117.090
[AQ] HIT source=RUBBER target=ICE weapon=PISTOL damage=31.5
[AQ] CONSUME fighter=RUBBER weapon=PISTOL reason=sequence-complete
[AQ] SPAWN_SLOT id=49 x=191 y=642 lead=2.00
[AQ] REVEAL id=49 weapon=DESERT_DEAGLE eta=1.29 lead=2.00 fighter=RUBBER force=false
[AQ] PICKUP id=49 fighter=RUBBER weapon=DESERT_DEAGLE
[AQ] USE fighter=RUBBER weapon=DESERT_DEAGLE
[AQ] SHOT fighter=RUBBER weapon=DESERT_DEAGLE t=119.423
[AQ] HIT source=RUBBER target=ICE weapon=DESERT_DEAGLE damage=73.5
[AQ] SHOT fighter=RUBBER weapon=DESERT_DEAGLE t=119.790
[AQ] HIT source=RUBBER target=ICE weapon=DESERT_DEAGLE damage=73.5
[AQ] CONSUME fighter=RUBBER weapon=DESERT_DEAGLE reason=sequence-complete
[AQ] SPAWN_SLOT id=50 x=581 y=216 lead=2.00
[AQ] REVEAL id=50 weapon=SAWED_OFF eta=null lead=2.00 fighter=TIMEOUT force=true
[AQ] SPAWN_HEAL id=51 heal=HEAL_H1 restore=70
[AQ] PICKUP_HEAL id=51 fighter=ICE restore=70
[AQ] SPAWN_SLOT id=52 x=454 y=791 lead=2.00
[AQ] REVEAL id=52 weapon=ZBROYAR_Z15_S2 eta=0.90 lead=2.00 fighter=ICE force=false
[AQ] PICKUP id=52 fighter=ICE weapon=ZBROYAR_Z15_S2
[AQ] USE fighter=ICE weapon=ZBROYAR_Z15_S2
[AQ] SHOT fighter=ICE weapon=ZBROYAR_Z15_S2 t=125.823
[AQ] HIT source=ICE target=RUBBER weapon=ZBROYAR_Z15_S2 damage=33.3
[AQ] SHOT fighter=ICE weapon=ZBROYAR_Z15_S2 t=125.957
[AQ] HIT source=ICE target=RUBBER weapon=ZBROYAR_Z15_S2 damage=33.3
[AQ] SHOT fighter=ICE weapon=ZBROYAR_Z15_S2 t=126.123
[AQ] HIT source=ICE target=RUBBER weapon=ZBROYAR_Z15_S2 damage=49.9
[AQ] SHOT fighter=ICE weapon=ZBROYAR_Z15_S2 t=126.290
[AQ] HIT source=ICE target=RUBBER weapon=ZBROYAR_Z15_S2 damage=33.3
[AQ] CONSUME fighter=ICE weapon=ZBROYAR_Z15_S2 reason=sequence-complete
[AQ] PICKUP id=50 fighter=ICE weapon=SAWED_OFF
[AQ] USE fighter=ICE weapon=SAWED_OFF
[AQ] CONSUME fighter=ICE weapon=SAWED_OFF reason=blast-resolved
[AQ] SPAWN_SLOT id=53 x=213 y=436 lead=2.00
[AQ] HIT source=ICE target=RUBBER weapon=SAWED_OFF damage=17.2
[AQ] HIT source=ICE target=RUBBER weapon=SAWED_OFF damage=17.2
[AQ] HIT source=ICE target=RUBBER weapon=SAWED_OFF damage=17.2
[AQ] HIT source=ICE target=RUBBER weapon=SAWED_OFF damage=17.2
[AQ] REVEAL id=53 weapon=PISTOL eta=0.79 lead=2.00 fighter=RUBBER force=false
[AQ] PICKUP id=53 fighter=RUBBER weapon=PISTOL
[AQ] USE fighter=RUBBER weapon=PISTOL
[AQ] SHOT fighter=RUBBER weapon=PISTOL t=132.093
[AQ] SHOT fighter=RUBBER weapon=PISTOL t=132.293
[AQ] SHOT fighter=RUBBER weapon=PISTOL t=132.527
[AQ] CONSUME fighter=RUBBER weapon=PISTOL reason=sequence-complete
[AQ] SPAWN_SLOT id=54 x=498 y=556 lead=2.00
[AQ] SPAWN_HEAL id=55 heal=HEAL_H2 restore=126
[AQ] REVEAL id=54 weapon=BERETTA_93R eta=null lead=2.00 fighter=TIMEOUT force=true
[AQ] PICKUP id=54 fighter=ICE weapon=BERETTA_93R
[AQ] SPAWN_SLOT id=56 x=504 y=578 lead=2.00
[AQ] USE fighter=ICE weapon=BERETTA_93R
[AQ] SHOT fighter=ICE weapon=BERETTA_93R t=137.527
[AQ] SHOT fighter=ICE weapon=BERETTA_93R t=137.560
[AQ] HIT source=ICE target=RUBBER weapon=BERETTA_93R damage=21.0
[AQ] SHOT fighter=ICE weapon=BERETTA_93R t=137.627
[AQ] HIT source=ICE target=RUBBER weapon=BERETTA_93R damage=21.0
[AQ] HIT source=ICE target=RUBBER weapon=BERETTA_93R damage=31.5
[AQ] SHOT fighter=ICE weapon=BERETTA_93R t=137.860
[AQ] SHOT fighter=ICE weapon=BERETTA_93R t=137.927
[AQ] SHOT fighter=ICE weapon=BERETTA_93R t=137.960
[AQ] CONSUME fighter=ICE weapon=BERETTA_93R reason=sequence-complete
[AQ] SPAWN_SLOT id=57 x=92 y=351 lead=2.00
[AQ] HIT source=ICE target=RUBBER weapon=BERETTA_93R damage=21.0
[AQ] PICKUP_HEAL id=55 fighter=ICE restore=126
[AQ] REVEAL id=56 weapon=SNIPER eta=null lead=2.00 fighter=TIMEOUT force=true
[AQ] REVEAL id=57 weapon=SMG eta=null lead=2.00 fighter=TIMEOUT force=true
[AQ] PICKUP id=57 fighter=RUBBER weapon=SMG
[AQ] SPAWN_SLOT id=58 x=646 y=731 lead=2.00
[AQ] COUNTER_RESERVED id=58 for=ICE shield=SWIRL_SHIELD vs=SMG
[AQ] SPAWN_HEAL id=59 heal=HEAL_H3 restore=196
[AQ] USE fighter=RUBBER weapon=SMG
[AQ] SHOT fighter=RUBBER weapon=SMG t=142.793
[AQ] HIT source=RUBBER target=ICE weapon=SMG damage=15.8
[AQ] SHOT fighter=RUBBER weapon=SMG t=142.860
[AQ] HIT source=RUBBER target=ICE weapon=SMG damage=15.8
[AQ] SHOT fighter=RUBBER weapon=SMG t=142.960
[AQ] HIT source=RUBBER target=ICE weapon=SMG damage=23.6
[AQ] SHOT fighter=RUBBER weapon=SMG t=143.027
[AQ] HIT source=RUBBER target=ICE weapon=SMG damage=15.8
[AQ] SHOT fighter=RUBBER weapon=SMG t=143.127
[AQ] SHOT fighter=RUBBER weapon=SMG t=143.193
[AQ] HIT source=RUBBER target=ICE weapon=SMG damage=15.8
[AQ] HIT source=RUBBER target=ICE weapon=SMG damage=15.8
[AQ] SHOT fighter=RUBBER weapon=SMG t=143.293
[AQ] PICKUP id=56 fighter=ICE weapon=SNIPER
[AQ] COUNTER_RELEASE id=58 reason=invalid
[AQ] SHOT fighter=RUBBER weapon=SMG t=143.360
[AQ] HIT source=RUBBER target=ICE weapon=SMG damage=15.8
[AQ] CONSUME fighter=RUBBER weapon=SMG reason=sequence-complete
[AQ] USE fighter=ICE weapon=SNIPER
[AQ] SHOT fighter=ICE weapon=SNIPER t=144.460
[AQ] CONSUME fighter=ICE weapon=SNIPER reason=shot-fired
[AQ] SPAWN_SLOT id=60 x=378 y=246 lead=2.00
[AQ] HIT source=ICE target=RUBBER weapon=SNIPER damage=266.0
[AQ] KO winner=ICE
[AQ] MODE_ENTER mode=ARSENAL_QUEST
[AQ] SPAWN_SLOT id=1 x=786 y=570 lead=2.00
Not implemented: HTMLMediaElement's pause() method
Not implemented: HTMLMediaElement's pause() method
Not implemented: HTMLMediaElement's pause() method
Not implemented: HTMLMediaElement's pause() method
Not implemented: HTMLMediaElement's pause() method
Not implemented: HTMLMediaElement's pause() method
Not implemented: HTMLMediaElement's pause() method
Not implemented: HTMLMediaElement's pause() method
Not implemented: HTMLMediaElement's pause() method
[AQ] REVEAL id=1 weapon=SZECSEI_FUCHS eta=null lead=2.00 fighter=TIMEOUT force=true
[AQ] SPAWN_SLOT id=2 x=910 y=843 lead=2.00
[AQ] PICKUP id=1 fighter=RUBBER weapon=SZECSEI_FUCHS
[AQ] USE fighter=RUBBER weapon=SZECSEI_FUCHS
[AQ] SHOT fighter=RUBBER weapon=SZECSEI_FUCHS t=5.500
[AQ] HIT source=RUBBER target=ICE weapon=SZECSEI_FUCHS damage=157.5
[AQ] SHOT fighter=RUBBER weapon=SZECSEI_FUCHS t=6.073
[AQ] CONSUME fighter=RUBBER weapon=SZECSEI_FUCHS reason=shot-fired
[AQ] SPAWN_SLOT id=3 x=151 y=832 lead=2.00
[AQ] HIT source=RUBBER target=ICE weapon=SZECSEI_FUCHS damage=105.0
[AQ] SPAWN_HEAL id=4 heal=HEAL_H2 restore=126
[AQ] REJECT_HEAL fighter=RUBBER id=4 reason=full-health
[AQ] REVEAL id=3 weapon=PISTOL eta=0.35 lead=2.00 fighter=ICE force=false
[AQ] PICKUP id=3 fighter=ICE weapon=PISTOL
[AQ] USE fighter=ICE weapon=PISTOL
[AQ] SHOT fighter=ICE weapon=PISTOL t=7.313
[AQ] HIT source=ICE target=RUBBER weapon=PISTOL damage=31.5
[AQ] COUNTER_RESERVED id=2 for=RUBBER shield=SWIRL_SHIELD vs=PISTOL
[AQ] SHOT fighter=ICE weapon=PISTOL t=7.513
[AQ] HIT source=ICE target=RUBBER weapon=PISTOL damage=31.5
[AQ] SHOT fighter=ICE weapon=PISTOL t=7.747
[AQ] HIT source=ICE target=RUBBER weapon=PISTOL damage=31.5
[AQ] CONSUME fighter=ICE weapon=PISTOL reason=sequence-complete
[AQ] SPAWN_SLOT id=5 x=537 y=195 lead=2.00
[AQ] COUNTER_RELEASE id=2 reason=invalid
[AQ] REVEAL id=2 weapon=GRENADE eta=0.89 lead=2.00 fighter=RUBBER force=false
[AQ] PICKUP id=2 fighter=RUBBER weapon=GRENADE
[AQ] USE fighter=RUBBER weapon=GRENADE
[AQ] CONSUME fighter=RUBBER weapon=GRENADE reason=thrown
[AQ] EXPLODE weapon=GRENADE x=544 y=377
[AQ] REVEAL id=5 weapon=SMG eta=null lead=2.00 fighter=TIMEOUT force=true
[AQ] SPAWN_SLOT id=6 x=298 y=399 lead=2.00
[AQ] REVEAL id=6 weapon=DESERT_DEAGLE eta=1.02 lead=2.00 fighter=ICE force=false
[AQ] PICKUP id=5 fighter=ICE weapon=SMG
[AQ] USE fighter=ICE weapon=SMG
[AQ] SHOT fighter=ICE weapon=SMG t=16.413
[AQ] SHOT fighter=ICE weapon=SMG t=16.480
[AQ] SHOT fighter=ICE weapon=SMG t=16.580
[AQ] SHOT fighter=ICE weapon=SMG t=16.647
[AQ] HIT source=ICE target=RUBBER weapon=SMG damage=15.8
[AQ] SHOT fighter=ICE weapon=SMG t=16.747
[AQ] HIT source=ICE target=RUBBER weapon=SMG damage=15.8
[AQ] SHOT fighter=ICE weapon=SMG t=16.813
[AQ] SHOT fighter=ICE weapon=SMG t=16.913
[AQ] HIT source=ICE target=RUBBER weapon=SMG damage=15.8
[AQ] SPAWN_SLOT id=7 x=508 y=387 lead=2.00
[AQ] SHOT fighter=ICE weapon=SMG t=16.980
[AQ] HIT source=ICE target=RUBBER weapon=SMG damage=15.8
[AQ] CONSUME fighter=ICE weapon=SMG reason=sequence-complete
[AQ] HIT source=ICE target=RUBBER weapon=SMG damage=15.8
[AQ] REVEAL id=7 weapon=GRENADE eta=0.00 lead=2.00 fighter=ICE force=false
[AQ] PICKUP id=7 fighter=ICE weapon=GRENADE
[AQ] USE fighter=ICE weapon=GRENADE
[AQ] CONSUME fighter=ICE weapon=GRENADE reason=thrown
[AQ] EXPIRE_HEAL id=4
[AQ] SPAWN_HEAL id=8 heal=HEAL_H1 restore=70
[AQ] PICKUP_HEAL id=8 fighter=RUBBER restore=70
[AQ] PICKUP id=6 fighter=RUBBER weapon=DESERT_DEAGLE
[AQ] EXPLODE weapon=GRENADE x=893 y=642
[AQ] USE fighter=RUBBER weapon=DESERT_DEAGLE
[AQ] SHOT fighter=RUBBER weapon=DESERT_DEAGLE t=18.847
[AQ] HIT source=RUBBER target=ICE weapon=DESERT_DEAGLE damage=73.5
[AQ] SHOT fighter=RUBBER weapon=DESERT_DEAGLE t=19.213
[AQ] HIT source=RUBBER target=ICE weapon=DESERT_DEAGLE damage=73.5
[AQ] CONSUME fighter=RUBBER weapon=DESERT_DEAGLE reason=sequence-complete
[AQ] SPAWN_SLOT id=9 x=733 y=342 lead=2.00
[AQ] REVEAL id=9 weapon=SAWED_OFF eta=1.01 lead=2.00 fighter=RUBBER force=false
[AQ] PICKUP id=9 fighter=ICE weapon=SAWED_OFF
[AQ] USE fighter=ICE weapon=SAWED_OFF
[AQ] CONSUME fighter=ICE weapon=SAWED_OFF reason=blast-resolved
[AQ] SPAWN_SLOT id=10 x=613 y=643 lead=2.00
[AQ] REVEAL id=10 weapon=TEC_9 eta=0.21 lead=2.00 fighter=ICE force=false
[AQ] PICKUP id=10 fighter=ICE weapon=TEC_9
[AQ] HIT source=ICE target=RUBBER weapon=SAWED_OFF damage=17.2
[AQ] HIT source=ICE target=RUBBER weapon=SAWED_OFF damage=17.2
[AQ] HIT source=ICE target=RUBBER weapon=SAWED_OFF damage=17.2
[AQ] HIT source=ICE target=RUBBER weapon=SAWED_OFF damage=17.2
[AQ] HIT source=ICE target=RUBBER weapon=SAWED_OFF damage=17.2
[AQ] USE fighter=ICE weapon=TEC_9
[AQ] SHOT fighter=ICE weapon=TEC_9 t=21.083
[AQ] SHOT fighter=ICE weapon=TEC_9 t=21.150
[AQ] HIT source=ICE target=RUBBER weapon=TEC_9 damage=21.0
[AQ] SHOT fighter=ICE weapon=TEC_9 t=21.250
[AQ] HIT source=ICE target=RUBBER weapon=TEC_9 damage=21.0
[AQ] SHOT fighter=ICE weapon=TEC_9 t=21.350
[AQ] HIT source=ICE target=RUBBER weapon=TEC_9 damage=21.0
[AQ] SHOT fighter=ICE weapon=TEC_9 t=21.417
[AQ] HIT source=ICE target=RUBBER weapon=TEC_9 damage=21.0
[AQ] HIT source=ICE target=RUBBER weapon=TEC_9 damage=21.0
[AQ] CONSUME fighter=ICE weapon=TEC_9 reason=sequence-complete
[AQ] SPAWN_SLOT id=11 x=397 y=173 lead=2.00
[AQ] REVEAL id=11 weapon=ZBROYAR_Z15_S2 eta=null lead=2.00 fighter=TIMEOUT force=true
[AQ] SPAWN_SLOT id=12 x=344 y=654 lead=2.00
[AQ] SPAWN_HEAL id=13 heal=HEAL_H2 restore=126
[AQ] PICKUP id=11 fighter=ICE weapon=ZBROYAR_Z15_S2
[AQ] USE fighter=ICE weapon=ZBROYAR_Z15_S2
[AQ] SHOT fighter=ICE weapon=ZBROYAR_Z15_S2 t=28.817
[AQ] SHOT fighter=ICE weapon=ZBROYAR_Z15_S2 t=28.950
[AQ] HIT source=ICE target=RUBBER weapon=ZBROYAR_Z15_S2 damage=33.3
[AQ] REVEAL id=12 weapon=JACKHAMMER eta=null lead=2.00 fighter=TIMEOUT force=true
[AQ] SHOT fighter=ICE weapon=ZBROYAR_Z15_S2 t=29.117
[AQ] HIT source=ICE target=RUBBER weapon=ZBROYAR_Z15_S2 damage=33.3
[AQ] SHOT fighter=ICE weapon=ZBROYAR_Z15_S2 t=29.283
[AQ] HIT source=ICE target=RUBBER weapon=ZBROYAR_Z15_S2 damage=33.3
[AQ] HIT source=ICE target=RUBBER weapon=ZBROYAR_Z15_S2 damage=33.3
[AQ] CONSUME fighter=ICE weapon=ZBROYAR_Z15_S2 reason=sequence-complete
[AQ] PICKUP id=12 fighter=ICE weapon=JACKHAMMER
[AQ] USE fighter=ICE weapon=JACKHAMMER
[AQ] SHOT fighter=ICE weapon=JACKHAMMER t=30.417
[AQ] HIT source=ICE target=RUBBER weapon=JACKHAMMER damage=16.8
[AQ] HIT source=ICE target=RUBBER weapon=JACKHAMMER damage=16.8
[AQ] SPAWN_SLOT id=14 x=356 y=748 lead=2.00
[AQ] SHOT fighter=ICE weapon=JACKHAMMER t=30.550
[AQ] SHOT fighter=ICE weapon=JACKHAMMER t=30.683
[AQ] CONSUME fighter=ICE weapon=JACKHAMMER reason=sequence-complete
[AQ] SPAWN_SLOT id=15 x=763 y=196 lead=2.00
[AQ] HIT source=ICE target=RUBBER weapon=JACKHAMMER damage=16.8
[AQ] HIT source=ICE target=RUBBER weapon=JACKHAMMER damage=16.8
[AQ] HIT source=ICE target=RUBBER weapon=JACKHAMMER damage=16.8
[AQ] PICKUP_HEAL id=13 fighter=ICE restore=126
[AQ] REVEAL id=14 weapon=PISTOL eta=1.51 lead=2.00 fighter=RUBBER force=false
[AQ] PICKUP id=14 fighter=ICE weapon=PISTOL
[AQ] USE fighter=ICE weapon=PISTOL
[AQ] SHOT fighter=ICE weapon=PISTOL t=33.683
[AQ] HIT source=ICE target=RUBBER weapon=PISTOL damage=47.3
[AQ] REVEAL id=15 weapon=SZECSEI_FUCHS eta=null lead=2.00 fighter=TIMEOUT force=true
[AQ] SHOT fighter=ICE weapon=PISTOL t=33.883
[AQ] HIT source=ICE target=RUBBER weapon=PISTOL damage=31.5
[AQ] SHOT fighter=ICE weapon=PISTOL t=34.117
[AQ] HIT source=ICE target=RUBBER weapon=PISTOL damage=31.5
[AQ] CONSUME fighter=ICE weapon=PISTOL reason=sequence-complete
[AQ] PICKUP id=15 fighter=RUBBER weapon=SZECSEI_FUCHS
[AQ] USE fighter=RUBBER weapon=SZECSEI_FUCHS
[AQ] SPAWN_SLOT id=16 x=273 y=311 lead=2.00
[AQ] SHOT fighter=RUBBER weapon=SZECSEI_FUCHS t=35.450
[AQ] HIT source=RUBBER target=ICE weapon=SZECSEI_FUCHS damage=105.0
[AQ] SHOT fighter=RUBBER weapon=SZECSEI_FUCHS t=36.023
[AQ] CONSUME fighter=RUBBER weapon=SZECSEI_FUCHS reason=shot-fired
[AQ] HIT source=RUBBER target=ICE weapon=SZECSEI_FUCHS damage=105.0
[AQ] SPAWN_SLOT id=17 x=833 y=855 lead=2.00
[AQ] SPAWN_HEAL id=18 heal=HEAL_H2 restore=126
[AQ] PICKUP_HEAL id=18 fighter=ICE restore=126
[AQ] REVEAL id=16 weapon=GLOCK_17 eta=null lead=2.00 fighter=TIMEOUT force=true
[AQ] PICKUP id=16 fighter=RUBBER weapon=GLOCK_17
[AQ] USE fighter=RUBBER weapon=GLOCK_17
[AQ] SHOT fighter=RUBBER weapon=GLOCK_17 t=38.563
[AQ] HIT source=RUBBER target=ICE weapon=GLOCK_17 damage=24.5
[AQ] SHOT fighter=RUBBER weapon=GLOCK_17 t=38.663
[AQ] HIT source=RUBBER target=ICE weapon=GLOCK_17 damage=24.5
[AQ] SHOT fighter=RUBBER weapon=GLOCK_17 t=38.797
[AQ] HIT source=RUBBER target=ICE weapon=GLOCK_17 damage=36.8
[AQ] SHOT fighter=RUBBER weapon=GLOCK_17 t=38.897
[AQ] HIT source=RUBBER target=ICE weapon=GLOCK_17 damage=24.5
[AQ] REVEAL id=17 weapon=TEC_9 eta=null lead=2.00 fighter=TIMEOUT force=true
[AQ] CONSUME fighter=RUBBER weapon=GLOCK_17 reason=sequence-complete
[AQ] SPAWN_SLOT id=19 x=475 y=671 lead=2.00
[AQ] REVEAL id=19 weapon=ZBROYAR_Z15_S2 eta=0.79 lead=2.00 fighter=RUBBER force=false
[AQ] PICKUP id=19 fighter=RUBBER weapon=ZBROYAR_Z15_S2
[AQ] USE fighter=RUBBER weapon=ZBROYAR_Z15_S2
[AQ] SHOT fighter=RUBBER weapon=ZBROYAR_Z15_S2 t=41.530
[AQ] HIT source=RUBBER target=ICE weapon=ZBROYAR_Z15_S2 damage=33.3
[AQ] SHOT fighter=RUBBER weapon=ZBROYAR_Z15_S2 t=41.663
[AQ] HIT source=RUBBER target=ICE weapon=ZBROYAR_Z15_S2 damage=33.3
[AQ] SHOT fighter=RUBBER weapon=ZBROYAR_Z15_S2 t=41.830
[AQ] HIT source=RUBBER target=ICE weapon=ZBROYAR_Z15_S2 damage=33.3
[AQ] SHOT fighter=RUBBER weapon=ZBROYAR_Z15_S2 t=41.997
[AQ] HIT source=RUBBER target=ICE weapon=ZBROYAR_Z15_S2 damage=33.3
[AQ] CONSUME fighter=RUBBER weapon=ZBROYAR_Z15_S2 reason=sequence-complete
[AQ] PICKUP id=17 fighter=ICE weapon=TEC_9
[AQ] USE fighter=ICE weapon=TEC_9
[AQ] SHOT fighter=ICE weapon=TEC_9 t=42.663
[AQ] SHOT fighter=ICE weapon=TEC_9 t=42.730
[AQ] SHOT fighter=ICE weapon=TEC_9 t=42.830
[AQ] HIT source=ICE target=RUBBER weapon=TEC_9 damage=21.0
[AQ] HIT source=ICE target=RUBBER weapon=TEC_9 damage=21.0
[AQ] SHOT fighter=ICE weapon=TEC_9 t=42.930
[AQ] HIT source=ICE target=RUBBER weapon=TEC_9 damage=21.0
[AQ] SHOT fighter=ICE weapon=TEC_9 t=42.997
[AQ] HIT source=ICE target=RUBBER weapon=TEC_9 damage=21.0
[AQ] CONSUME fighter=ICE weapon=TEC_9 reason=sequence-complete
[AQ] HIT source=ICE target=RUBBER weapon=TEC_9 damage=21.0
[AQ] SPAWN_SLOT id=20 x=630 y=308 lead=2.00
[AQ] SPAWN_HEAL id=21 heal=HEAL_H2 restore=126
[AQ] REVEAL id=20 weapon=MAC_10 eta=null lead=2.00 fighter=TIMEOUT force=true
[AQ] PICKUP id=20 fighter=RUBBER weapon=MAC_10
[AQ] USE fighter=RUBBER weapon=MAC_10
[AQ] SHOT fighter=RUBBER weapon=MAC_10 t=47.030
[AQ] SHOT fighter=RUBBER weapon=MAC_10 t=47.063
[AQ] HIT source=RUBBER target=ICE weapon=MAC_10 damage=14.0
[AQ] SHOT fighter=RUBBER weapon=MAC_10 t=47.130
[AQ] HIT source=RUBBER target=ICE weapon=MAC_10 damage=14.0
[AQ] SHOT fighter=RUBBER weapon=MAC_10 t=47.163
[AQ] HIT source=RUBBER target=ICE weapon=MAC_10 damage=14.0
[AQ] SHOT fighter=RUBBER weapon=MAC_10 t=47.230
[AQ] HIT source=RUBBER target=ICE weapon=MAC_10 damage=14.0
[AQ] SHOT fighter=RUBBER weapon=MAC_10 t=47.297
[AQ] SHOT fighter=RUBBER weapon=MAC_10 t=47.330
[AQ] HIT source=RUBBER target=ICE weapon=MAC_10 damage=14.0
[AQ] SHOT fighter=RUBBER weapon=MAC_10 t=47.397
[AQ] HIT source=RUBBER target=ICE weapon=MAC_10 damage=14.0
[AQ] HIT source=RUBBER target=ICE weapon=MAC_10 damage=14.0
[AQ] CONSUME fighter=RUBBER weapon=MAC_10 reason=sequence-complete
[AQ] SPAWN_SLOT id=22 x=121 y=465 lead=2.00
[AQ] HIT source=RUBBER target=ICE weapon=MAC_10 damage=14.0
[AQ] REVEAL id=22 weapon=M249_SAW eta=0.97 lead=2.00 fighter=RUBBER force=false
[AQ] PICKUP_HEAL id=21 fighter=RUBBER restore=126
[AQ] PICKUP id=22 fighter=RUBBER weapon=M249_SAW
[AQ] USE fighter=RUBBER weapon=M249_SAW
[AQ] SHOT fighter=RUBBER weapon=M249_SAW t=50.297
[AQ] HIT source=RUBBER target=ICE weapon=M249_SAW damage=17.5
[AQ] SHOT fighter=RUBBER weapon=M249_SAW t=50.363
[AQ] HIT source=RUBBER target=ICE weapon=M249_SAW damage=17.5
[AQ] SHOT fighter=RUBBER weapon=M249_SAW t=50.430
[AQ] HIT source=RUBBER target=ICE weapon=M249_SAW damage=17.5
[AQ] SHOT fighter=RUBBER weapon=M249_SAW t=50.497
[AQ] HIT source=RUBBER target=ICE weapon=M249_SAW damage=17.5
[AQ] SHOT fighter=RUBBER weapon=M249_SAW t=50.563
[AQ] HIT source=RUBBER target=ICE weapon=M249_SAW damage=17.5
[AQ] SHOT fighter=RUBBER weapon=M249_SAW t=50.663
[AQ] HIT source=RUBBER target=ICE weapon=M249_SAW damage=17.5
[AQ] SHOT fighter=RUBBER weapon=M249_SAW t=50.730
[AQ] HIT source=RUBBER target=ICE weapon=M249_SAW damage=17.5
[AQ] SHOT fighter=RUBBER weapon=M249_SAW t=50.797
[AQ] HIT source=RUBBER target=ICE weapon=M249_SAW damage=17.5
[AQ] SHOT fighter=RUBBER weapon=M249_SAW t=50.863
[AQ] HIT source=RUBBER target=ICE weapon=M249_SAW damage=17.5
[AQ] SHOT fighter=RUBBER weapon=M249_SAW t=50.963
[AQ] HIT source=RUBBER target=ICE weapon=M249_SAW damage=17.5
[AQ] SHOT fighter=RUBBER weapon=M249_SAW t=51.030
[AQ] HIT source=RUBBER target=ICE weapon=M249_SAW damage=17.5
[AQ] SHOT fighter=RUBBER weapon=M249_SAW t=51.097
[AQ] HIT source=RUBBER target=ICE weapon=M249_SAW damage=17.5
[AQ] CONSUME fighter=RUBBER weapon=M249_SAW reason=sequence-complete
[AQ] SPAWN_SLOT id=23 x=861 y=717 lead=2.00
[AQ] REVEAL id=23 weapon=ZBROYAR_Z15 eta=null lead=2.00 fighter=TIMEOUT force=true
[AQ] SPAWN_HEAL id=24 heal=HEAL_H2 restore=126
[AQ] SPAWN_SLOT id=25 x=594 y=144 lead=2.00
[AQ] REVEAL id=25 weapon=GLOCK_17 eta=null lead=2.00 fighter=TIMEOUT force=true
[AQ] PICKUP id=23 fighter=ICE weapon=ZBROYAR_Z15
[AQ] USE fighter=ICE weapon=ZBROYAR_Z15
[AQ] SHOT fighter=ICE weapon=ZBROYAR_Z15 t=59.797
[AQ] HIT source=ICE target=RUBBER weapon=ZBROYAR_Z15 damage=33.3
[AQ] SHOT fighter=ICE weapon=ZBROYAR_Z15 t=59.930
[AQ] HIT source=ICE target=RUBBER weapon=ZBROYAR_Z15 damage=33.3
[AQ] SHOT fighter=ICE weapon=ZBROYAR_Z15 t=60.097
[AQ] HIT source=ICE target=RUBBER weapon=ZBROYAR_Z15 damage=33.3
[AQ] SPAWN_SLOT id=26 x=437 y=425 lead=2.00
[AQ] SHOT fighter=ICE weapon=ZBROYAR_Z15 t=60.263
[AQ] HIT source=ICE target=RUBBER weapon=ZBROYAR_Z15 damage=33.3
[AQ] CONSUME fighter=ICE weapon=ZBROYAR_Z15 reason=sequence-complete
[AQ] REVEAL id=26 weapon=BERETTA_93R eta=null lead=2.00 fighter=TIMEOUT force=true
[AQ] PICKUP_HEAL id=24 fighter=RUBBER restore=126
[AQ] SPAWN_HEAL id=27 heal=HEAL_H2 restore=126
[AQ] PICKUP_HEAL id=27 fighter=ICE restore=126
[AQ] SPAWN_SLOT id=28 x=396 y=184 lead=2.00
[AQ] REVEAL id=28 weapon=GLOCK_17 eta=1.06 lead=2.00 fighter=RUBBER force=false
[AQ] PICKUP id=26 fighter=RUBBER weapon=BERETTA_93R
[AQ] USE fighter=RUBBER weapon=BERETTA_93R
[AQ] SHOT fighter=RUBBER weapon=BERETTA_93R t=65.330
[AQ] SHOT fighter=RUBBER weapon=BERETTA_93R t=65.363
[AQ] SHOT fighter=RUBBER weapon=BERETTA_93R t=65.430
[AQ] HIT source=RUBBER target=ICE weapon=BERETTA_93R damage=31.5
[AQ] REJECT_PICKUP fighter=RUBBER id=28 reason=already-armed
[AQ] SHOT fighter=RUBBER weapon=BERETTA_93R t=65.663
[AQ] SHOT fighter=RUBBER weapon=BERETTA_93R t=65.730
[AQ] SHOT fighter=RUBBER weapon=BERETTA_93R t=65.763
[AQ] CONSUME fighter=RUBBER weapon=BERETTA_93R reason=sequence-complete
[AQ] PICKUP id=28 fighter=RUBBER weapon=GLOCK_17
[AQ] HIT source=RUBBER target=ICE weapon=BERETTA_93R damage=21.0
[AQ] USE fighter=RUBBER weapon=GLOCK_17
[AQ] SHOT fighter=RUBBER weapon=GLOCK_17 t=66.197
[AQ] SHOT fighter=RUBBER weapon=GLOCK_17 t=66.297
[AQ] SHOT fighter=RUBBER weapon=GLOCK_17 t=66.430
[AQ] HIT source=RUBBER target=ICE weapon=GLOCK_17 damage=24.5
[AQ] SHOT fighter=RUBBER weapon=GLOCK_17 t=66.530
[AQ] CONSUME fighter=RUBBER weapon=GLOCK_17 reason=sequence-complete
[AQ] SPAWN_SLOT id=29 x=846 y=415 lead=2.00
[AQ] PICKUP id=25 fighter=ICE weapon=GLOCK_17
[AQ] REVEAL id=29 weapon=STORMBREAKER eta=null lead=2.00 fighter=TIMEOUT force=true
[AQ] STORM_SPAWN_VFX slot=29
[AQ] USE fighter=ICE weapon=GLOCK_17
[AQ] SHOT fighter=ICE weapon=GLOCK_17 t=72.530
[AQ] STORM_FLOOR_STRIKE target=ICE x=615 y=92
[AQ] SHOT fighter=ICE weapon=GLOCK_17 t=72.630
[AQ] SPAWN_HEAL id=30 heal=HEAL_H4 restore=280
[AQ] SHOT fighter=ICE weapon=GLOCK_17 t=72.763
[AQ] HIT source=ICE target=RUBBER weapon=GLOCK_17 damage=24.5
[AQ] SHOT fighter=ICE weapon=GLOCK_17 t=72.863
[AQ] HIT source=ICE target=RUBBER weapon=GLOCK_17 damage=24.5
[AQ] CONSUME fighter=ICE weapon=GLOCK_17 reason=sequence-complete
[AQ] SPAWN_SLOT id=31 x=594 y=860 lead=2.00
[AQ] MELEE_DECIDE fighter=RUBBER weapon=STORMBREAKER decision=throw
[AQ] PICKUP id=29 fighter=RUBBER weapon=STORMBREAKER
[AQ] USE fighter=RUBBER weapon=STORMBREAKER
[AQ] PICKUP_HEAL id=30 fighter=ICE restore=280
[AQ] THROW fighter=RUBBER weapon=STORMBREAKER ricochets=1
[AQ] CONSUME fighter=RUBBER weapon=STORMBREAKER reason=thrown
[AQ] HIT source=RUBBER target=ICE weapon=STORMBREAKER damage=446.0
[AQ] STORM_IMPACT target=ICE x=679 y=342
[AQ] STORM_FLOOR_STRIKE target=ICE x=639 y=281
[AQ] STORM_FLOOR_STRIKE target=ICE x=639 y=281
[AQ] STORM_FLOOR_STRIKE target=ICE x=639 y=281
[AQ] STORM_FLOOR_STRIKE target=ICE x=639 y=281
[AQ] REVEAL id=31 weapon=SZECSEI_FUCHS eta=null lead=2.00 fighter=TIMEOUT force=true
[AQ] PICKUP id=31 fighter=ICE weapon=SZECSEI_FUCHS
[AQ] USE fighter=ICE weapon=SZECSEI_FUCHS
[AQ] SPAWN_SLOT id=32 x=484 y=799 lead=2.00
[AQ] SHOT fighter=ICE weapon=SZECSEI_FUCHS t=77.740
[AQ] HIT source=ICE target=RUBBER weapon=SZECSEI_FUCHS damage=105.0
[AQ] SHOT fighter=ICE weapon=SZECSEI_FUCHS t=78.313
[AQ] CONSUME fighter=ICE weapon=SZECSEI_FUCHS reason=shot-fired
[AQ] HIT source=ICE target=RUBBER weapon=SZECSEI_FUCHS damage=105.0
[AQ] KO winner=ICE
[AQ] MODE_ENTER mode=ARSENAL_QUEST
[AQ] SPAWN_SLOT id=1 x=507 y=113 lead=2.00
Not implemented: HTMLMediaElement's pause() method
Not implemented: HTMLMediaElement's pause() method
Not implemented: HTMLMediaElement's pause() method
Not implemented: HTMLMediaElement's pause() method
Not implemented: HTMLMediaElement's pause() method
Not implemented: HTMLMediaElement's pause() method
Not implemented: HTMLMediaElement's pause() method
Not implemented: HTMLMediaElement's pause() method
Not implemented: HTMLMediaElement's pause() method
PASS  five-minute-no-uncaught-errors  — steps=9000 (300s @30Hz) kos=3 spawnedCumulative=94 wallClock=2303ms earlyErrors=0
PASS  reveal-lead-fixed-over-5min  — samples=5727
[AQ] MODE_ENTER mode=ARSENAL_QUEST
Not implemented: HTMLMediaElement's pause() method
Not implemented: HTMLMediaElement's pause() method
Not implemented: HTMLMediaElement's pause() method
Not implemented: HTMLMediaElement's pause() method
Not implemented: HTMLMediaElement's pause() method
Not implemented: HTMLMediaElement's pause() method
Not implemented: HTMLMediaElement's pause() method
Not implemented: HTMLMediaElement's pause() method
Not implemented: HTMLMediaElement's pause() method
[AQ] USE fighter=RUBBER weapon=SNIPER
[AQ] MODE_ENTER mode=ARSENAL_QUEST
Not implemented: HTMLMediaElement's pause() method
Not implemented: HTMLMediaElement's pause() method
Not implemented: HTMLMediaElement's pause() method
Not implemented: HTMLMediaElement's pause() method
Not implemented: HTMLMediaElement's pause() method
Not implemented: HTMLMediaElement's pause() method
Not implemented: HTMLMediaElement's pause() method
Not implemented: HTMLMediaElement's pause() method
Not implemented: HTMLMediaElement's pause() method
[AQ] USE fighter=RUBBER weapon=PISTOL
[AQ] SHOT fighter=RUBBER weapon=PISTOL t=0.350
[AQ] HIT source=RUBBER target=ICE weapon=PISTOL damage=31.5
[AQ] SHOT fighter=RUBBER weapon=PISTOL t=0.567
[AQ] HIT source=RUBBER target=ICE weapon=PISTOL damage=31.5
[AQ] SHOT fighter=RUBBER weapon=PISTOL t=0.783
PASS  aim-never-steers-fighter  — {"aimDirSame":true,"aimKeptApexTrajectory":true,"aimAngleTrackedEnemy":true,"fireDirSame":true}
[AQ] MODE_ENTER mode=ARSENAL_QUEST
[AQ] MELEE_DECIDE fighter=RUBBER weapon=DAGGER decision=strike
[AQ] USE fighter=RUBBER weapon=DAGGER
Not implemented: HTMLMediaElement's pause() method
Not implemented: HTMLMediaElement's pause() method
Not implemented: HTMLMediaElement's pause() method
Not implemented: HTMLMediaElement's pause() method
Not implemented: HTMLMediaElement's pause() method
Not implemented: HTMLMediaElement's pause() method
Not implemented: HTMLMediaElement's pause() method
Not implemented: HTMLMediaElement's pause() method
Not implemented: HTMLMediaElement's pause() method
[AQ] HIT source=RUBBER target=ICE weapon=DAGGER damage=94.5
[AQ] CONSUME fighter=RUBBER weapon=DAGGER reason=stab-landed
PASS  dagger-no-body-dash  — {"dx":0,"dy":103.99999999999966,"bodyKeptTrajectory":true,"thrustConnected":true}
PASS  dagger-weapon-only-thrust-hits  — {"dx":0,"dy":103.99999999999966,"bodyKeptTrajectory":true,"thrustConnected":true}
[AQ] MODE_ENTER mode=ARSENAL_QUEST
Not implemented: HTMLMediaElement's pause() method
Not implemented: HTMLMediaElement's pause() method
Not implemented: HTMLMediaElement's pause() method
Not implemented: HTMLMediaElement's pause() method
Not implemented: HTMLMediaElement's pause() method
Not implemented: HTMLMediaElement's pause() method
Not implemented: HTMLMediaElement's pause() method
Not implemented: HTMLMediaElement's pause() method
Not implemented: HTMLMediaElement's pause() method
[AQ] USE fighter=RUBBER weapon=PISTOL
[AQ] SHOT fighter=RUBBER weapon=PISTOL t=0.350
[AQ] HIT source=RUBBER target=ICE weapon=PISTOL damage=31.5
[AQ] SHOT fighter=RUBBER weapon=PISTOL t=0.567
[AQ] HIT source=RUBBER target=ICE weapon=PISTOL damage=31.5
[AQ] SHOT fighter=RUBBER weapon=PISTOL t=0.783
[AQ] HIT source=RUBBER target=ICE weapon=PISTOL damage=31.5
[AQ] CONSUME fighter=RUBBER weapon=PISTOL reason=sequence-complete
[AQ] MODE_ENTER mode=ARSENAL_QUEST
Not implemented: HTMLMediaElement's pause() method
Not implemented: HTMLMediaElement's pause() method
Not implemented: HTMLMediaElement's pause() method
Not implemented: HTMLMediaElement's pause() method
Not implemented: HTMLMediaElement's pause() method
Not implemented: HTMLMediaElement's pause() method
Not implemented: HTMLMediaElement's pause() method
Not implemented: HTMLMediaElement's pause() method
Not implemented: HTMLMediaElement's pause() method
[AQ] USE fighter=RUBBER weapon=SHOTGUN
[AQ] SHOT fighter=RUBBER weapon=SHOTGUN t=0.350
[AQ] HIT source=RUBBER target=ICE weapon=SHOTGUN damage=14.0
[AQ] HIT source=RUBBER target=ICE weapon=SHOTGUN damage=14.0
[AQ] HIT source=RUBBER target=ICE weapon=SHOTGUN damage=14.0
[AQ] HIT source=RUBBER target=ICE weapon=SHOTGUN damage=14.0
[AQ] HIT source=RUBBER target=ICE weapon=SHOTGUN damage=14.0
[AQ] HIT source=RUBBER target=ICE weapon=SHOTGUN damage=14.0
[AQ] SHOT fighter=RUBBER weapon=SHOTGUN t=0.617
[AQ] CONSUME fighter=RUBBER weapon=SHOTGUN reason=sequence-complete
[AQ] HIT source=RUBBER target=ICE weapon=SHOTGUN damage=14.0
[AQ] HIT source=RUBBER target=ICE weapon=SHOTGUN damage=14.0
[AQ] HIT source=RUBBER target=ICE weapon=SHOTGUN damage=14.0
[AQ] HIT source=RUBBER target=ICE weapon=SHOTGUN damage=14.0
[AQ] HIT source=RUBBER target=ICE weapon=SHOTGUN damage=14.0
[AQ] HIT source=RUBBER target=ICE weapon=SHOTGUN damage=14.0
[AQ] MODE_ENTER mode=ARSENAL_QUEST
Not implemented: HTMLMediaElement's pause() method
Not implemented: HTMLMediaElement's pause() method
Not implemented: HTMLMediaElement's pause() method
Not implemented: HTMLMediaElement's pause() method
Not implemented: HTMLMediaElement's pause() method
Not implemented: HTMLMediaElement's pause() method
Not implemented: HTMLMediaElement's pause() method
Not implemented: HTMLMediaElement's pause() method
Not implemented: HTMLMediaElement's pause() method
[AQ] USE fighter=RUBBER weapon=SMG
[AQ] SHOT fighter=RUBBER weapon=SMG t=0.350
[AQ] HIT source=RUBBER target=ICE weapon=SMG damage=15.8
[AQ] SHOT fighter=RUBBER weapon=SMG t=0.433
[AQ] HIT source=RUBBER target=ICE weapon=SMG damage=15.8
[AQ] SHOT fighter=RUBBER weapon=SMG t=0.517
[AQ] HIT source=RUBBER target=ICE weapon=SMG damage=15.8
[AQ] SHOT fighter=RUBBER weapon=SMG t=0.600
[AQ] HIT source=RUBBER target=ICE weapon=SMG damage=15.8
[AQ] SHOT fighter=RUBBER weapon=SMG t=0.683
[AQ] HIT source=RUBBER target=ICE weapon=SMG damage=15.8
[AQ] SHOT fighter=RUBBER weapon=SMG t=0.767
[AQ] HIT source=RUBBER target=ICE weapon=SMG damage=15.8
[AQ] SHOT fighter=RUBBER weapon=SMG t=0.850
[AQ] HIT source=RUBBER target=ICE weapon=SMG damage=23.6
[AQ] SHOT fighter=RUBBER weapon=SMG t=0.933
[AQ] HIT source=RUBBER target=ICE weapon=SMG damage=15.8
[AQ] CONSUME fighter=RUBBER weapon=SMG reason=sequence-complete
[AQ] MODE_ENTER mode=ARSENAL_QUEST
Not implemented: HTMLMediaElement's pause() method
Not implemented: HTMLMediaElement's pause() method
Not implemented: HTMLMediaElement's pause() method
Not implemented: HTMLMediaElement's pause() method
Not implemented: HTMLMediaElement's pause() method
Not implemented: HTMLMediaElement's pause() method
Not implemented: HTMLMediaElement's pause() method
Not implemented: HTMLMediaElement's pause() method
Not implemented: HTMLMediaElement's pause() method
[AQ] USE fighter=RUBBER weapon=SNIPER
[AQ] SHOT fighter=RUBBER weapon=SNIPER t=1.133
[AQ] CONSUME fighter=RUBBER weapon=SNIPER reason=shot-fired
[AQ] HIT source=RUBBER target=ICE weapon=SNIPER damage=266.0
[AQ] MODE_ENTER mode=ARSENAL_QUEST
Not implemented: HTMLMediaElement's pause() method
Not implemented: HTMLMediaElement's pause() method
Not implemented: HTMLMediaElement's pause() method
Not implemented: HTMLMediaElement's pause() method
Not implemented: HTMLMediaElement's pause() method
Not implemented: HTMLMediaElement's pause() method
Not implemented: HTMLMediaElement's pause() method
Not implemented: HTMLMediaElement's pause() method
Not implemented: HTMLMediaElement's pause() method
[AQ] USE fighter=RUBBER weapon=GRENADE
[AQ] CONSUME fighter=RUBBER weapon=GRENADE reason=thrown
[AQ] MODE_ENTER mode=ARSENAL_QUEST
[AQ] MELEE_DECIDE fighter=RUBBER weapon=SABRE decision=strike
[AQ] USE fighter=RUBBER weapon=SABRE
Not implemented: HTMLMediaElement's pause() method
Not implemented: HTMLMediaElement's pause() method
Not implemented: HTMLMediaElement's pause() method
Not implemented: HTMLMediaElement's pause() method
Not implemented: HTMLMediaElement's pause() method
Not implemented: HTMLMediaElement's pause() method
Not implemented: HTMLMediaElement's pause() method
Not implemented: HTMLMediaElement's pause() method
Not implemented: HTMLMediaElement's pause() method
[AQ] HIT source=RUBBER target=ICE weapon=SABRE damage=126.0
[AQ] CONSUME fighter=RUBBER weapon=SABRE reason=melee-resolved
[AQ] MODE_ENTER mode=ARSENAL_QUEST
[AQ] MELEE_DECIDE fighter=RUBBER weapon=BATTLE_AXE decision=strike
[AQ] USE fighter=RUBBER weapon=BATTLE_AXE
Not implemented: HTMLMediaElement's pause() method
Not implemented: HTMLMediaElement's pause() method
Not implemented: HTMLMediaElement's pause() method
Not implemented: HTMLMediaElement's pause() method
Not implemented: HTMLMediaElement's pause() method
Not implemented: HTMLMediaElement's pause() method
Not implemented: HTMLMediaElement's pause() method
Not implemented: HTMLMediaElement's pause() method
Not implemented: HTMLMediaElement's pause() method
[AQ] HIT source=RUBBER target=ICE weapon=BATTLE_AXE damage=273.0
[AQ] CONSUME fighter=RUBBER weapon=BATTLE_AXE reason=melee-resolved
[AQ] MODE_ENTER mode=ARSENAL_QUEST
[AQ] MELEE_DECIDE fighter=RUBBER weapon=SPIKED_CLUB decision=strike
[AQ] USE fighter=RUBBER weapon=SPIKED_CLUB
Not implemented: HTMLMediaElement's pause() method
Not implemented: HTMLMediaElement's pause() method
Not implemented: HTMLMediaElement's pause() method
Not implemented: HTMLMediaElement's pause() method
Not implemented: HTMLMediaElement's pause() method
Not implemented: HTMLMediaElement's pause() method
Not implemented: HTMLMediaElement's pause() method
Not implemented: HTMLMediaElement's pause() method
Not implemented: HTMLMediaElement's pause() method
[AQ] HIT source=RUBBER target=ICE weapon=SPIKED_CLUB damage=189.0
[AQ] CONSUME fighter=RUBBER weapon=SPIKED_CLUB reason=melee-resolved
[AQ] MODE_ENTER mode=ARSENAL_QUEST
[AQ] MELEE_DECIDE fighter=RUBBER weapon=DAGGER decision=strike
[AQ] USE fighter=RUBBER weapon=DAGGER
Not implemented: HTMLMediaElement's pause() method
Not implemented: HTMLMediaElement's pause() method
Not implemented: HTMLMediaElement's pause() method
Not implemented: HTMLMediaElement's pause() method
Not implemented: HTMLMediaElement's pause() method
Not implemented: HTMLMediaElement's pause() method
Not implemented: HTMLMediaElement's pause() method
Not implemented: HTMLMediaElement's pause() method
Not implemented: HTMLMediaElement's pause() method
[AQ] HIT source=RUBBER target=ICE weapon=DAGGER damage=94.5
[AQ] CONSUME fighter=RUBBER weapon=DAGGER reason=stab-landed
[AQ] MODE_ENTER mode=ARSENAL_QUEST
[AQ] MELEE_DECIDE fighter=RUBBER weapon=SPEAR decision=strike
[AQ] USE fighter=RUBBER weapon=SPEAR
Not implemented: HTMLMediaElement's pause() method
Not implemented: HTMLMediaElement's pause() method
Not implemented: HTMLMediaElement's pause() method
Not implemented: HTMLMediaElement's pause() method
Not implemented: HTMLMediaElement's pause() method
Not implemented: HTMLMediaElement's pause() method
Not implemented: HTMLMediaElement's pause() method
Not implemented: HTMLMediaElement's pause() method
Not implemented: HTMLMediaElement's pause() method
[AQ] HIT source=RUBBER target=ICE weapon=SPEAR damage=157.5
[AQ] CONSUME fighter=RUBBER weapon=SPEAR reason=melee-resolved
[AQ] MODE_ENTER mode=ARSENAL_QUEST
[AQ] USE fighter=RUBBER weapon=SWIRL_SHIELD
Not implemented: HTMLMediaElement's pause() method
Not implemented: HTMLMediaElement's pause() method
Not implemented: HTMLMediaElement's pause() method
Not implemented: HTMLMediaElement's pause() method
Not implemented: HTMLMediaElement's pause() method
Not implemented: HTMLMediaElement's pause() method
Not implemented: HTMLMediaElement's pause() method
Not implemented: HTMLMediaElement's pause() method
Not implemented: HTMLMediaElement's pause() method
[AQ] REFLECT fighter=RUBBER weapon=SWIRL_SHIELD projectileFrom=ICE
[AQ] CONSUME fighter=RUBBER weapon=SWIRL_SHIELD reason=reflect-resolved
[AQ] HIT source=RUBBER target=ICE weapon=PISTOL damage=28.0
[AQ] MODE_ENTER mode=ARSENAL_QUEST
[AQ] USE fighter=RUBBER weapon=TOWER_SHIELD
Not implemented: HTMLMediaElement's pause() method
Not implemented: HTMLMediaElement's pause() method
Not implemented: HTMLMediaElement's pause() method
Not implemented: HTMLMediaElement's pause() method
Not implemented: HTMLMediaElement's pause() method
Not implemented: HTMLMediaElement's pause() method
Not implemented: HTMLMediaElement's pause() method
Not implemented: HTMLMediaElement's pause() method
Not implemented: HTMLMediaElement's pause() method
[AQ] HIT source=ICE target=RUBBER weapon=PISTOL damage=17.5
PASS  motion-pistol-3-pulses-12-16px  — {"pulses":3,"maxRecoil":14,"maxRot":0.1,"bodySame":true}
PASS  motion-shotgun-heavy-recoil-24-32px  — {"ghostRecoil":28,"ghostRot":0.24,"bodySame":true}
PASS  motion-smg-8-pulses-alternating  — {"pulses":8,"signFlips":8,"maxRecoil":10,"bodySame":true}
PASS  motion-sniper-flourish-then-snap  — {"sawAim":true,"chambered":true,"midFlourish":8.99,"ghostRecoil":34,"bodySame":true}
PASS  motion-grenade-draw-then-throw  — {"drawSeen":true,"throwFwd":30,"bodySame":true}
PASS  motion-sabre-backswing-cut  — {"windupRot":-0.77,"strikeRot":0.45,"lift":0,"bodySame":true}
PASS  motion-axe-raise-chop-slower-recovery  — {"windupRot":-1.25,"strikeRot":0.75,"lift":-9.4,"bodySame":true}
PASS  motion-club-blunt-smash-heavier-easing  — {"windupRot":-1,"strikeRot":0.62,"lift":0,"bodySame":true}
PASS  motion-dagger-thrust-60-90px  — {"peakThrust":78,"bodySame":true}
PASS  motion-spear-thrust-90-120px  — {"peakThrust":108,"bodySame":true}
PASS  motion-swirl-idle-settle-reflect-pop  — {"idleFlips":4,"popRecoil":-16,"bodySame":true}
PASS  motion-tower-guard-pose-block-pushback  — {"guardX":11.8,"blockRecoil":12,"blockRot":0.14,"bodySame":true}
PASS  motion-12-distinct-recipes  — {"axeSlowerThanSabre":true,"clubSlowerThanSabre":true,"distinct":true}
[AQ] MODE_ENTER mode=ARSENAL_QUEST
[AQ] SPAWN_SLOT id=1 x=328 y=544 lead=2.00
Not implemented: HTMLMediaElement's pause() method
Not implemented: HTMLMediaElement's pause() method
Not implemented: HTMLMediaElement's pause() method
Not implemented: HTMLMediaElement's pause() method
Not implemented: HTMLMediaElement's pause() method
Not implemented: HTMLMediaElement's pause() method
Not implemented: HTMLMediaElement's pause() method
Not implemented: HTMLMediaElement's pause() method
Not implemented: HTMLMediaElement's pause() method
PASS  shells-12-playable-canonical  — {"count":12,"legacyResolvable":true}
PASS  shells-p1-p2-independent  — ["SNIPER","WITCH"]
PASS  shells-native-kits-active-in-arsenal  — {"nativeProj":2,"hp":[997.70368,1000]}
[AQ] MODE_ENTER mode=ARSENAL_QUEST
[AQ] SPAWN_SLOT id=1 x=764 y=622 lead=2.00
Not implemented: HTMLMediaElement's pause() method
Not implemented: HTMLMediaElement's pause() method
Not implemented: HTMLMediaElement's pause() method
Not implemented: HTMLMediaElement's pause() method
Not implemented: HTMLMediaElement's pause() method
Not implemented: HTMLMediaElement's pause() method
Not implemented: HTMLMediaElement's pause() method
Not implemented: HTMLMediaElement's pause() method
Not implemented: HTMLMediaElement's pause() method
[AQ] MODE_ENTER mode=ARSENAL_QUEST
Not implemented: HTMLMediaElement's pause() method
Not implemented: HTMLMediaElement's pause() method
Not implemented: HTMLMediaElement's pause() method
Not implemented: HTMLMediaElement's pause() method
Not implemented: HTMLMediaElement's pause() method
Not implemented: HTMLMediaElement's pause() method
Not implemented: HTMLMediaElement's pause() method
Not implemented: HTMLMediaElement's pause() method
Not implemented: HTMLMediaElement's pause() method
[AQ] USE fighter=RUBBER weapon=PISTOL
[AQ] SHOT fighter=RUBBER weapon=PISTOL t=0.350
[AQ] HIT source=RUBBER target=WITCH weapon=PISTOL damage=31.5
[AQ] SHOT fighter=RUBBER weapon=PISTOL t=0.567
[AQ] HIT source=RUBBER target=WITCH weapon=PISTOL damage=31.5
[AQ] SHOT fighter=RUBBER weapon=PISTOL t=0.783
[AQ] HIT source=RUBBER target=WITCH weapon=PISTOL damage=31.5
[AQ] CONSUME fighter=RUBBER weapon=PISTOL reason=sequence-complete
[AQ] SPAWN_SLOT id=1 x=366 y=230 lead=2.00
PASS  roster-encounters-classified-keep-or-adapt  — {"adapted":["VAMPIRE","MONK"],"playableRework":true}
PASS  roster-rework-ice-lane-runs  — {"laneCast":true,"iceLaneFired":true}
PASS  roster-adapt-vampire-latch-2.5  — latchTimer=2.5
PASS  roster-adapt-monk-rush-2.5  — {"rush":2.5,"stun":0.55}
PASS  roster-native-skill-and-weapon-coexist  — {"nativeFrames":20,"aqFrames":18,"bothFrames":0}
[AQ] MODE_ENTER mode=ARSENAL_QUEST
[AQ] MELEE_DECIDE fighter=RUBBER weapon=SABRE decision=strike
[AQ] USE fighter=RUBBER weapon=SABRE
Not implemented: HTMLMediaElement's pause() method
Not implemented: HTMLMediaElement's pause() method
Not implemented: HTMLMediaElement's pause() method
Not implemented: HTMLMediaElement's pause() method
Not implemented: HTMLMediaElement's pause() method
Not implemented: HTMLMediaElement's pause() method
Not implemented: HTMLMediaElement's pause() method
Not implemented: HTMLMediaElement's pause() method
Not implemented: HTMLMediaElement's pause() method
[AQ] HIT source=RUBBER target=WITCH weapon=SABRE damage=126.0
[AQ] CONSUME fighter=RUBBER weapon=SABRE reason=melee-resolved
[AQ] MELEE_DECIDE fighter=WITCH weapon=BATTLE_AXE decision=strike
[AQ] USE fighter=WITCH weapon=BATTLE_AXE
[AQ] HIT source=WITCH target=RUBBER weapon=BATTLE_AXE damage=273.0
[AQ] CONSUME fighter=WITCH weapon=BATTLE_AXE reason=melee-resolved
[AQ] USE fighter=WITCH weapon=SWIRL_SHIELD
[AQ] USE fighter=RUBBER weapon=PISTOL
[AQ] SHOT fighter=RUBBER weapon=PISTOL t=1.590
[AQ] REFLECT fighter=WITCH weapon=SWIRL_SHIELD projectileFrom=RUBBER
[AQ] CONSUME fighter=WITCH weapon=SWIRL_SHIELD reason=reflect-resolved
[AQ] HIT source=WITCH target=RUBBER weapon=PISTOL damage=31.5
[AQ] SHOT fighter=RUBBER weapon=PISTOL t=1.807
[AQ] HIT source=RUBBER target=WITCH weapon=PISTOL damage=47.3
[AQ] SHOT fighter=RUBBER weapon=PISTOL t=2.023
[AQ] HIT source=RUBBER target=WITCH weapon=PISTOL damage=31.5
[AQ] CONSUME fighter=RUBBER weapon=PISTOL reason=sequence-complete
[AQ] USE fighter=RUBBER weapon=GRENADE
[AQ] CONSUME fighter=RUBBER weapon=GRENADE reason=thrown
[AQ] HIT source=RUBBER target=WITCH weapon=GRENADE damage=107.4
[AQ] EXPLODE weapon=GRENADE x=797 y=500
PASS  no-slash-vfx-in-combat  — {"seqBefore":0,"seqAfter":0,"noSlashSeq":true,"bombAtlas":true}
PASS  bomb-explosion-vfx-remains  — {"seqBefore":0,"seqAfter":0,"noSlashSeq":true,"bombAtlas":true}
[AQ] MODE_ENTER mode=ARSENAL_QUEST
[AQ] SPAWN_SLOT id=1 x=549 y=279 lead=2.00
[AQ] REVEAL id=1 weapon=ZBROYAR_Z15_S3 eta=0.55 lead=2.00 fighter=WITCH force=false
Not implemented: HTMLMediaElement's pause() method
Not implemented: HTMLMediaElement's pause() method
Not implemented: HTMLMediaElement's pause() method
Not implemented: HTMLMediaElement's pause() method
Not implemented: HTMLMediaElement's pause() method
Not implemented: HTMLMediaElement's pause() method
Not implemented: HTMLMediaElement's pause() method
Not implemented: HTMLMediaElement's pause() method
Not implemented: HTMLMediaElement's pause() method
[AQ] PICKUP id=1 fighter=WITCH weapon=ZBROYAR_Z15_S3
[AQ] USE fighter=WITCH weapon=ZBROYAR_Z15_S3
[AQ] SHOT fighter=WITCH weapon=ZBROYAR_Z15_S3 t=0.733
[AQ] SHOT fighter=WITCH weapon=ZBROYAR_Z15_S3 t=0.883
[AQ] HIT source=WITCH target=RUBBER weapon=ZBROYAR_Z15_S3 damage=33.3
[AQ] HIT source=WITCH target=RUBBER weapon=ZBROYAR_Z15_S3 damage=33.3
[AQ] SHOT fighter=WITCH weapon=ZBROYAR_Z15_S3 t=1.050
[AQ] HIT source=WITCH target=RUBBER weapon=ZBROYAR_Z15_S3 damage=33.3
[AQ] SHOT fighter=WITCH weapon=ZBROYAR_Z15_S3 t=1.200
[AQ] HIT source=WITCH target=RUBBER weapon=ZBROYAR_Z15_S3 damage=33.3
[AQ] CONSUME fighter=WITCH weapon=ZBROYAR_Z15_S3 reason=sequence-complete
[AQ] SPAWN_SLOT id=2 x=581 y=886 lead=2.00
[AQ] MODE_ENTER mode=ARSENAL_QUEST
[AQ] SPAWN_SLOT id=1 x=497 y=274 lead=2.00
Not implemented: HTMLMediaElement's pause() method
Not implemented: HTMLMediaElement's pause() method
Not implemented: HTMLMediaElement's pause() method
Not implemented: HTMLMediaElement's pause() method
Not implemented: HTMLMediaElement's pause() method
Not implemented: HTMLMediaElement's pause() method
Not implemented: HTMLMediaElement's pause() method
Not implemented: HTMLMediaElement's pause() method
Not implemented: HTMLMediaElement's pause() method
[AQ] USE fighter=RUBBER weapon=GRENADE
[AQ] CONSUME fighter=RUBBER weapon=GRENADE reason=thrown
[AQ] MODE_ENTER mode=ARSENAL_QUEST
Not implemented: HTMLMediaElement's pause() method
Not implemented: HTMLMediaElement's pause() method
Not implemented: HTMLMediaElement's pause() method
Not implemented: HTMLMediaElement's pause() method
Not implemented: HTMLMediaElement's pause() method
Not implemented: HTMLMediaElement's pause() method
Not implemented: HTMLMediaElement's pause() method
Not implemented: HTMLMediaElement's pause() method
Not implemented: HTMLMediaElement's pause() method
[AQ] USE fighter=RUBBER weapon=PISTOL
[AQ] SHOT fighter=RUBBER weapon=PISTOL t=0.350
[AQ] HIT source=RUBBER target=WITCH weapon=PISTOL damage=31.5
[AQ] SHOT fighter=RUBBER weapon=PISTOL t=0.567
[AQ] HIT source=RUBBER target=WITCH weapon=PISTOL damage=47.3
[AQ] SHOT fighter=RUBBER weapon=PISTOL t=0.783
[AQ] HIT source=RUBBER target=WITCH weapon=PISTOL damage=31.5
[AQ] CONSUME fighter=RUBBER weapon=PISTOL reason=sequence-complete
[AQ] SPAWN_SLOT id=1 x=798 y=870 lead=2.00
PASS  c-casing-ejected-on-fire  — {"casing":true}
[AQ] MODE_ENTER mode=ARSENAL_QUEST
[AQ] SPAWN_SLOT id=1 x=869 y=206 lead=2.00
Not implemented: HTMLMediaElement's pause() method
Not implemented: HTMLMediaElement's pause() method
Not implemented: HTMLMediaElement's pause() method
Not implemented: HTMLMediaElement's pause() method
Not implemented: HTMLMediaElement's pause() method
Not implemented: HTMLMediaElement's pause() method
Not implemented: HTMLMediaElement's pause() method
Not implemented: HTMLMediaElement's pause() method
Not implemented: HTMLMediaElement's pause() method
PASS  c-native-damage-normalized  — {"nativeDealt":4.18,"weaponDealt":8.36,"telemetry":{"weapon":8.360000000000014,"native":4.17999999999995,"byMechanic":{"blast":4.17999999999995}}}
PASS  c-power-telemetry-live  — {"weapon":8.360000000000014,"native":4.17999999999995,"byMechanic":{"blast":4.17999999999995}}
[AQ] MODE_ENTER mode=ARSENAL_QUEST
Not implemented: HTMLMediaElement's pause() method
Not implemented: HTMLMediaElement's pause() method
Not implemented: HTMLMediaElement's pause() method
Not implemented: HTMLMediaElement's pause() method
Not implemented: HTMLMediaElement's pause() method
Not implemented: HTMLMediaElement's pause() method
Not implemented: HTMLMediaElement's pause() method
Not implemented: HTMLMediaElement's pause() method
Not implemented: HTMLMediaElement's pause() method
[AQ] USE fighter=RUBBER weapon=PISTOL
[AQ] SHOT fighter=RUBBER weapon=PISTOL t=0.350
[AQ] HIT source=RUBBER target=WITCH weapon=PISTOL damage=31.5
[AQ] SHOT fighter=RUBBER weapon=PISTOL t=0.567
[AQ] HIT source=RUBBER target=WITCH weapon=PISTOL damage=31.5
[AQ] SHOT fighter=RUBBER weapon=PISTOL t=0.783
[AQ] CONSUME fighter=RUBBER weapon=PISTOL reason=sequence-complete
[AQ] HIT source=RUBBER target=WITCH weapon=PISTOL damage=31.5
[AQ] SPAWN_SLOT id=1 x=515 y=530 lead=2.00
[AQ] REVEAL id=1 weapon=ZBROYAR_Z15_S3 eta=0.66 lead=2.00 fighter=RUBBER force=false
[AQ] PICKUP id=1 fighter=WITCH weapon=ZBROYAR_Z15_S3
[AQ] USE fighter=RUBBER weapon=SMG
[AQ] SHOT fighter=RUBBER weapon=SMG t=1.850
[AQ] USE fighter=WITCH weapon=ZBROYAR_Z15_S3
[AQ] SHOT fighter=WITCH weapon=ZBROYAR_Z15_S3 t=1.850
[AQ] HIT source=WITCH target=RUBBER weapon=ZBROYAR_Z15_S3 damage=33.3
[AQ] HIT source=RUBBER target=WITCH weapon=SMG damage=23.6
[AQ] SHOT fighter=RUBBER weapon=SMG t=1.933
[AQ] SHOT fighter=WITCH weapon=ZBROYAR_Z15_S3 t=2.000
[AQ] SHOT fighter=RUBBER weapon=SMG t=2.017
[AQ] HIT source=RUBBER target=WITCH weapon=SMG damage=23.6
[AQ] SHOT fighter=RUBBER weapon=SMG t=2.100
[AQ] HIT source=WITCH target=RUBBER weapon=ZBROYAR_Z15_S3 damage=33.3
[AQ] HIT source=RUBBER target=WITCH weapon=SMG damage=15.8
[AQ] SHOT fighter=WITCH weapon=ZBROYAR_Z15_S3 t=2.167
[AQ] SHOT fighter=RUBBER weapon=SMG t=2.183
[AQ] SHOT fighter=RUBBER weapon=SMG t=2.267
[AQ] HIT source=RUBBER target=WITCH weapon=SMG damage=15.8
[AQ] SHOT fighter=WITCH weapon=ZBROYAR_Z15_S3 t=2.317
[AQ] HIT source=WITCH target=RUBBER weapon=ZBROYAR_Z15_S3 damage=33.3
[AQ] SHOT fighter=RUBBER weapon=SMG t=2.350
[AQ] HIT source=RUBBER target=WITCH weapon=SMG damage=15.8
[AQ] SHOT fighter=RUBBER weapon=SMG t=2.433
[AQ] HIT source=RUBBER target=WITCH weapon=SMG damage=15.8
[AQ] CONSUME fighter=WITCH weapon=ZBROYAR_Z15_S3 reason=sequence-complete
[AQ] HIT source=WITCH target=RUBBER weapon=ZBROYAR_Z15_S3 damage=33.3
[AQ] CONSUME fighter=RUBBER weapon=SMG reason=sequence-complete
[AQ] SPAWN_SLOT id=2 x=142 y=181 lead=2.00
[AQ] USE fighter=RUBBER weapon=SHOTGUN
[AQ] SHOT fighter=RUBBER weapon=SHOTGUN t=3.350
[AQ] HIT source=RUBBER target=WITCH weapon=SHOTGUN damage=14.0
[AQ] HIT source=RUBBER target=WITCH weapon=SHOTGUN damage=14.0
[AQ] HIT source=RUBBER target=WITCH weapon=SHOTGUN damage=14.0
[AQ] HIT source=RUBBER target=WITCH weapon=SHOTGUN damage=14.0
[AQ] HIT source=RUBBER target=WITCH weapon=SHOTGUN damage=14.0
[AQ] HIT source=RUBBER target=WITCH weapon=SHOTGUN damage=14.0
[AQ] SHOT fighter=RUBBER weapon=SHOTGUN t=3.617
[AQ] CONSUME fighter=RUBBER weapon=SHOTGUN reason=sequence-complete
[AQ] SPAWN_SLOT id=3 x=184 y=686 lead=2.00
[AQ] HIT source=RUBBER target=WITCH weapon=SHOTGUN damage=21.0
[AQ] HIT source=RUBBER target=WITCH weapon=SHOTGUN damage=21.0
[AQ] HIT source=RUBBER target=WITCH weapon=SHOTGUN damage=21.0
[AQ] HIT source=RUBBER target=WITCH weapon=SHOTGUN damage=21.0
[AQ] USE fighter=RUBBER weapon=SNIPER
[AQ] REVEAL id=2 weapon=MBR eta=null lead=2.00 fighter=TIMEOUT force=true
[AQ] SHOT fighter=RUBBER weapon=SNIPER t=5.633
[AQ] CONSUME fighter=RUBBER weapon=SNIPER reason=shot-fired
[AQ] HIT source=RUBBER target=WITCH weapon=SNIPER damage=266.0
[AQ] SPAWN_HEAL id=4 heal=HEAL_H4 restore=280
[AQ] REJECT_HEAL fighter=RUBBER id=4 reason=full-health
[AQ] REJECT_HEAL fighter=WITCH id=4 reason=full-health
[AQ] USE fighter=RUBBER weapon=GLOCK_17
[AQ] SHOT fighter=RUBBER weapon=GLOCK_17 t=6.290
[AQ] HIT source=RUBBER target=WITCH weapon=GLOCK_17 damage=24.5
[AQ] SHOT fighter=RUBBER weapon=GLOCK_17 t=6.407
[AQ] SHOT fighter=RUBBER weapon=GLOCK_17 t=6.523
[AQ] HIT source=RUBBER target=WITCH weapon=GLOCK_17 damage=24.5
[AQ] REVEAL id=3 weapon=ZBROYAR_Z15_S2 eta=null lead=2.00 fighter=TIMEOUT force=true
[AQ] SHOT fighter=RUBBER weapon=GLOCK_17 t=6.640
[AQ] HIT source=RUBBER target=WITCH weapon=GLOCK_17 damage=24.5
[AQ] CONSUME fighter=RUBBER weapon=GLOCK_17 reason=sequence-complete
[AQ] HIT source=RUBBER target=WITCH weapon=GLOCK_17 damage=24.5
[AQ] USE fighter=RUBBER weapon=BERETTA_93R
[AQ] SHOT fighter=RUBBER weapon=BERETTA_93R t=7.790
[AQ] SHOT fighter=RUBBER weapon=BERETTA_93R t=7.840
[AQ] HIT source=RUBBER target=WITCH weapon=BERETTA_93R damage=21.0
[AQ] SHOT fighter=RUBBER weapon=BERETTA_93R t=7.907
[AQ] PICKUP_HEAL id=4 fighter=RUBBER restore=2.5833599999999706
[AQ] HIT source=RUBBER target=WITCH weapon=BERETTA_93R damage=21.0
[AQ] HIT source=RUBBER target=WITCH weapon=BERETTA_93R damage=21.0
[AQ] SPAWN_SLOT id=5 x=719 y=560 lead=2.00
[AQ] SHOT fighter=RUBBER weapon=BERETTA_93R t=8.123
[AQ] SHOT fighter=RUBBER weapon=BERETTA_93R t=8.190
[AQ] SHOT fighter=RUBBER weapon=BERETTA_93R t=8.240
[AQ] CONSUME fighter=RUBBER weapon=BERETTA_93R reason=sequence-complete
[AQ] USE fighter=RUBBER weapon=DESERT_DEAGLE
[AQ] SHOT fighter=RUBBER weapon=DESERT_DEAGLE t=9.290
[AQ] HIT source=RUBBER target=WITCH weapon=DESERT_DEAGLE damage=73.5
[AQ] SHOT fighter=RUBBER weapon=DESERT_DEAGLE t=9.657
[AQ] HIT source=RUBBER target=WITCH weapon=DESERT_DEAGLE damage=73.5
[AQ] CONSUME fighter=RUBBER weapon=DESERT_DEAGLE reason=sequence-complete
[AQ] USE fighter=RUBBER weapon=MAGNUM_500
[AQ] SHOT fighter=RUBBER weapon=MAGNUM_500 t=10.790
[AQ] CONSUME fighter=RUBBER weapon=MAGNUM_500 reason=sequence-complete
[AQ] HIT source=RUBBER target=WITCH weapon=MAGNUM_500 damage=294.0
[AQ] REVEAL id=5 weapon=GRENADE eta=null lead=2.00 fighter=TIMEOUT force=true
[AQ] USE fighter=RUBBER weapon=SZECSEI_FUCHS
[AQ] SPAWN_SLOT id=6 x=378 y=609 lead=2.00
[AQ] SHOT fighter=RUBBER weapon=SZECSEI_FUCHS t=12.690
[AQ] HIT source=RUBBER target=WITCH weapon=SZECSEI_FUCHS damage=105.0
[AQ] SHOT fighter=RUBBER weapon=SZECSEI_FUCHS t=13.247
[AQ] CONSUME fighter=RUBBER weapon=SZECSEI_FUCHS reason=shot-fired
[AQ] HIT source=RUBBER target=WITCH weapon=SZECSEI_FUCHS damage=157.5
[AQ] USE fighter=RUBBER weapon=TEC_9
[AQ] SHOT fighter=RUBBER weapon=TEC_9 t=13.670
[AQ] HIT source=RUBBER target=WITCH weapon=TEC_9 damage=21.0
[AQ] SHOT fighter=RUBBER weapon=TEC_9 t=13.753
[AQ] SHOT fighter=RUBBER weapon=TEC_9 t=13.837
[AQ] HIT source=RUBBER target=WITCH weapon=TEC_9 damage=21.0
[AQ] SHOT fighter=RUBBER weapon=TEC_9 t=13.937
[AQ] HIT source=RUBBER target=WITCH weapon=TEC_9 damage=21.0
[AQ] SHOT fighter=RUBBER weapon=TEC_9 t=14.020
[AQ] CONSUME fighter=RUBBER weapon=TEC_9 reason=sequence-complete
[AQ] HIT source=RUBBER target=WITCH weapon=TEC_9 damage=21.0
[AQ] HIT source=RUBBER target=WITCH weapon=TEC_9 damage=21.0
[AQ] USE fighter=RUBBER weapon=MAC_10
[AQ] SHOT fighter=RUBBER weapon=MAC_10 t=15.170
[AQ] SHOT fighter=RUBBER weapon=MAC_10 t=15.220
[AQ] HIT source=RUBBER target=WITCH weapon=MAC_10 damage=14.0
[AQ] SHOT fighter=RUBBER weapon=MAC_10 t=15.270
[AQ] SHOT fighter=RUBBER weapon=MAC_10 t=15.320
[AQ] SHOT fighter=RUBBER weapon=MAC_10 t=15.387
[AQ] HIT source=RUBBER target=WITCH weapon=MAC_10 damage=14.0
[AQ] SHOT fighter=RUBBER weapon=MAC_10 t=15.437
[AQ] HIT source=RUBBER target=WITCH weapon=MAC_10 damage=14.0
[AQ] SHOT fighter=RUBBER weapon=MAC_10 t=15.487
[AQ] SHOT fighter=RUBBER weapon=MAC_10 t=15.553
[AQ] HIT source=RUBBER target=WITCH weapon=MAC_10 damage=14.0
[AQ] CONSUME fighter=RUBBER weapon=MAC_10 reason=sequence-complete
[AQ] REVEAL id=6 weapon=BERETTA_93R eta=null lead=2.00 fighter=TIMEOUT force=true
[AQ] HIT source=RUBBER target=WITCH weapon=MAC_10 damage=21.0
[AQ] HIT source=RUBBER target=WITCH weapon=MAC_10 damage=14.0
[AQ] HIT source=RUBBER target=WITCH weapon=MAC_10 damage=14.0
[AQ] PICKUP id=5 fighter=WITCH weapon=GRENADE
[AQ] REJECT_PICKUP fighter=RUBBER id=6 reason=already-armed
[AQ] USE fighter=WITCH weapon=GRENADE
[AQ] CONSUME fighter=WITCH weapon=GRENADE reason=thrown
[AQ] USE fighter=RUBBER weapon=P90
[AQ] SHOT fighter=RUBBER weapon=P90 t=16.670
[AQ] SHOT fighter=RUBBER weapon=P90 t=16.720
[AQ] HIT source=RUBBER target=WITCH weapon=P90 damage=13.3
[AQ] SHOT fighter=RUBBER weapon=P90 t=16.787
[AQ] HIT source=RUBBER target=WITCH weapon=P90 damage=13.3
[AQ] SHOT fighter=RUBBER weapon=P90 t=16.853
[AQ] HIT source=RUBBER target=WITCH weapon=P90 damage=13.3
[AQ] SHOT fighter=RUBBER weapon=P90 t=16.920
[AQ] SHOT fighter=RUBBER weapon=P90 t=16.987
[AQ] HIT source=RUBBER target=WITCH weapon=P90 damage=13.3
[AQ] SHOT fighter=RUBBER weapon=P90 t=17.053
[AQ] HIT source=RUBBER target=WITCH weapon=P90 damage=13.3
[AQ] SPAWN_SLOT id=7 x=204 y=330 lead=2.00
[AQ] SHOT fighter=RUBBER weapon=P90 t=17.120
[AQ] HIT source=RUBBER target=WITCH weapon=P90 damage=13.3
[AQ] SHOT fighter=RUBBER weapon=P90 t=17.187
[AQ] HIT source=RUBBER target=WITCH weapon=P90 damage=13.3
[AQ] SHOT fighter=RUBBER weapon=P90 t=17.253
[AQ] CONSUME fighter=RUBBER weapon=P90 reason=sequence-complete
[AQ] USE fighter=RUBBER weapon=AK_47
[AQ] SHOT fighter=RUBBER weapon=AK_47 t=18.170
[AQ] HIT source=RUBBER target=WITCH weapon=AK_47 damage=26.6
[AQ] SHOT fighter=RUBBER weapon=AK_47 t=18.270
[AQ] HIT source=RUBBER target=WITCH weapon=AK_47 damage=26.6
[AQ] SHOT fighter=RUBBER weapon=AK_47 t=18.387
[AQ] SHOT fighter=RUBBER weapon=AK_47 t=18.487
[AQ] HIT source=RUBBER target=WITCH weapon=AK_47 damage=26.6
[AQ] SHOT fighter=RUBBER weapon=AK_47 t=18.603
[AQ] HIT source=RUBBER target=WITCH weapon=AK_47 damage=26.6
[AQ] SHOT fighter=RUBBER weapon=AK_47 t=18.720
[AQ] HIT source=RUBBER target=WITCH weapon=AK_47 damage=26.6
[AQ] CONSUME fighter=RUBBER weapon=AK_47 reason=sequence-complete
[AQ] USE fighter=RUBBER weapon=M16
[AQ] SHOT fighter=RUBBER weapon=M16 t=19.670
[AQ] HIT source=RUBBER target=WITCH weapon=M16 damage=25.2
[AQ] SHOT fighter=RUBBER weapon=M16 t=19.737
[AQ] SHOT fighter=RUBBER weapon=M16 t=19.820
[AQ] HIT source=RUBBER target=WITCH weapon=M16 damage=25.2
[AQ] HIT source=RUBBER target=WITCH weapon=M16 damage=25.2
[AQ] SHOT fighter=RUBBER weapon=M16 t=20.103
[AQ] REVEAL id=7 weapon=GLOCK_17 eta=null lead=2.00 fighter=TIMEOUT force=true
[AQ] SHOT fighter=RUBBER weapon=M16 t=20.187
[AQ] SHOT fighter=RUBBER weapon=M16 t=20.270
[AQ] CONSUME fighter=RUBBER weapon=M16 reason=sequence-complete
[AQ] HIT source=RUBBER target=WITCH weapon=M16 damage=25.2
[AQ] USE fighter=RUBBER weapon=ZBROYAR_Z15
[AQ] SHOT fighter=RUBBER weapon=ZBROYAR_Z15 t=21.170
[AQ] HIT source=RUBBER target=WITCH weapon=ZBROYAR_Z15 damage=49.9
[AQ] SHOT fighter=RUBBER weapon=ZBROYAR_Z15 t=21.320
[AQ] HIT source=RUBBER target=WITCH weapon=ZBROYAR_Z15 damage=33.3
[AQ] SHOT fighter=RUBBER weapon=ZBROYAR_Z15 t=21.487
[AQ] SPAWN_SLOT id=8 x=794 y=391 lead=2.00
[AQ] SHOT fighter=RUBBER weapon=ZBROYAR_Z15 t=21.637
[AQ] HIT source=RUBBER target=WITCH weapon=ZBROYAR_Z15 damage=33.3
[AQ] COUNTER_RESERVED id=8 for=WITCH shield=SWIRL_SHIELD vs=ZBROYAR_Z15
[AQ] CONSUME fighter=RUBBER weapon=ZBROYAR_Z15 reason=sequence-complete
[AQ] COUNTER_RELEASE id=8 reason=invalid
[AQ] HIT source=RUBBER target=WITCH weapon=ZBROYAR_Z15 damage=33.3
[AQ] REVEAL id=8 weapon=ZBROYAR_Z15 eta=0.89 lead=2.00 fighter=WITCH force=false
[AQ] USE fighter=RUBBER weapon=ZBROYAR_Z15_S1
[AQ] SHOT fighter=RUBBER weapon=ZBROYAR_Z15_S1 t=22.670
[AQ] HIT source=RUBBER target=WITCH weapon=ZBROYAR_Z15_S1 damage=33.3
[AQ] SHOT fighter=RUBBER weapon=ZBROYAR_Z15_S1 t=22.820
[AQ] HIT source=RUBBER target=WITCH weapon=ZBROYAR_Z15_S1 damage=33.3
[AQ] SHOT fighter=RUBBER weapon=ZBROYAR_Z15_S1 t=22.987
[AQ] SHOT fighter=RUBBER weapon=ZBROYAR_Z15_S1 t=23.137
[AQ] HIT source=RUBBER target=WITCH weapon=ZBROYAR_Z15_S1 damage=33.3
[AQ] CONSUME fighter=RUBBER weapon=ZBROYAR_Z15_S1 reason=sequence-complete
[AQ] PICKUP id=8 fighter=WITCH weapon=ZBROYAR_Z15
[AQ] USE fighter=WITCH weapon=ZBROYAR_Z15
[AQ] SHOT fighter=WITCH weapon=ZBROYAR_Z15 t=23.953
[AQ] HIT source=WITCH target=RUBBER weapon=ZBROYAR_Z15 damage=33.3
[AQ] SHOT fighter=WITCH weapon=ZBROYAR_Z15 t=24.103
[AQ] HIT source=WITCH target=RUBBER weapon=ZBROYAR_Z15 damage=33.3
[AQ] USE fighter=RUBBER weapon=ZBROYAR_Z15_S2
[AQ] SHOT fighter=RUBBER weapon=ZBROYAR_Z15_S2 t=24.170
[AQ] HIT source=RUBBER target=WITCH weapon=ZBROYAR_Z15_S2 damage=33.3
[AQ] SHOT fighter=WITCH weapon=ZBROYAR_Z15 t=24.270
[AQ] SHOT fighter=RUBBER weapon=ZBROYAR_Z15_S2 t=24.320
[AQ] HIT source=WITCH target=RUBBER weapon=ZBROYAR_Z15 damage=33.3
[AQ] SHOT fighter=WITCH weapon=ZBROYAR_Z15 t=24.420
[AQ] HIT source=RUBBER target=WITCH weapon=ZBROYAR_Z15_S2 damage=33.3
[AQ] SHOT fighter=RUBBER weapon=ZBROYAR_Z15_S2 t=24.487
[AQ] HIT source=WITCH target=RUBBER weapon=ZBROYAR_Z15 damage=33.3
[AQ] CONSUME fighter=WITCH weapon=ZBROYAR_Z15 reason=sequence-complete
[AQ] SHOT fighter=RUBBER weapon=ZBROYAR_Z15_S2 t=24.637
[AQ] HIT source=RUBBER target=WITCH weapon=ZBROYAR_Z15_S2 damage=33.3
[AQ] CONSUME fighter=RUBBER weapon=ZBROYAR_Z15_S2 reason=sequence-complete
[AQ] HIT source=RUBBER target=WITCH weapon=ZBROYAR_Z15_S2 damage=33.3
[AQ] EXPIRE id=2 weapon=MBR
[AQ] USE fighter=RUBBER weapon=ZBROYAR_Z15_S3
[AQ] SHOT fighter=RUBBER weapon=ZBROYAR_Z15_S3 t=25.670
[AQ] HIT source=RUBBER target=WITCH weapon=ZBROYAR_Z15_S3 damage=33.3
[AQ] SHOT fighter=RUBBER weapon=ZBROYAR_Z15_S3 t=25.820
[AQ] HIT source=RUBBER target=WITCH weapon=ZBROYAR_Z15_S3 damage=33.3
[AQ] SHOT fighter=RUBBER weapon=ZBROYAR_Z15_S3 t=25.987
[AQ] SPAWN_SLOT id=9 x=470 y=285 lead=2.00
[AQ] SHOT fighter=RUBBER weapon=ZBROYAR_Z15_S3 t=26.137
[AQ] HIT source=RUBBER target=WITCH weapon=ZBROYAR_Z15_S3 damage=33.3
[AQ] CONSUME fighter=RUBBER weapon=ZBROYAR_Z15_S3 reason=sequence-complete
[AQ] HIT source=RUBBER target=WITCH weapon=ZBROYAR_Z15_S3 damage=33.3
[AQ] EXPIRE id=3 weapon=ZBROYAR_Z15_S2
[AQ] USE fighter=RUBBER weapon=M249_SAW
[AQ] SHOT fighter=RUBBER weapon=M249_SAW t=27.170
[AQ] SHOT fighter=RUBBER weapon=M249_SAW t=27.237
[AQ] HIT source=RUBBER target=WITCH weapon=M249_SAW damage=17.5
[AQ] SHOT fighter=RUBBER weapon=M249_SAW t=27.320
[AQ] HIT source=RUBBER target=WITCH weapon=M249_SAW damage=17.5
[AQ] SHOT fighter=RUBBER weapon=M249_SAW t=27.387
[AQ] HIT source=RUBBER target=WITCH weapon=M249_SAW damage=17.5
[AQ] SHOT fighter=RUBBER weapon=M249_SAW t=27.470
[AQ] SHOT fighter=RUBBER weapon=M249_SAW t=27.537
[AQ] SHOT fighter=RUBBER weapon=M249_SAW t=27.620
[AQ] HIT source=RUBBER target=WITCH weapon=M249_SAW damage=26.3
[AQ] SHOT fighter=RUBBER weapon=M249_SAW t=27.687
[AQ] HIT source=RUBBER target=WITCH weapon=M249_SAW damage=17.5
[AQ] SHOT fighter=RUBBER weapon=M249_SAW t=27.770
[AQ] SHOT fighter=RUBBER weapon=M249_SAW t=27.837
[AQ] HIT source=RUBBER target=WITCH weapon=M249_SAW damage=17.5
[AQ] SHOT fighter=RUBBER weapon=M249_SAW t=27.920
[AQ] HIT source=RUBBER target=WITCH weapon=M249_SAW damage=17.5
[AQ] SHOT fighter=RUBBER weapon=M249_SAW t=27.987
[AQ] HIT source=RUBBER target=WITCH weapon=M249_SAW damage=17.5
[AQ] CONSUME fighter=RUBBER weapon=M249_SAW reason=sequence-complete
[AQ] REVEAL id=9 weapon=TEC_9 eta=0.00 lead=2.00 fighter=RUBBER force=false
[AQ] PICKUP id=9 fighter=RUBBER weapon=TEC_9
[AQ] HIT source=RUBBER target=WITCH weapon=M249_SAW damage=17.5
[AQ] CONSUME fighter=RUBBER weapon=TEC_9 reason=test
[AQ] USE fighter=RUBBER weapon=MBR
[AQ] SHOT fighter=RUBBER weapon=MBR t=28.937
[AQ] HIT source=RUBBER target=WITCH weapon=MBR damage=77.0
[AQ] SHOT fighter=RUBBER weapon=MBR t=29.393
[AQ] CONSUME fighter=RUBBER weapon=MBR reason=shot-fired
[AQ] HIT source=RUBBER target=WITCH weapon=MBR damage=77.0
[AQ] USE fighter=RUBBER weapon=MBR2
[AQ] SHOT fighter=RUBBER weapon=MBR2 t=30.383
[AQ] HIT source=RUBBER target=WITCH weapon=MBR2 damage=98.0
[AQ] SPAWN_SLOT id=10 x=175 y=153 lead=2.00
[AQ] SHOT fighter=RUBBER weapon=MBR2 t=30.890
[AQ] CONSUME fighter=RUBBER weapon=MBR2 reason=shot-fired
[AQ] HIT source=RUBBER target=WITCH weapon=MBR2 damage=98.0
[AQ] USE fighter=RUBBER weapon=MOSSBERG_500
[AQ] CONSUME fighter=RUBBER weapon=MOSSBERG_500 reason=blast-resolved
[AQ] PICKUP id=6 fighter=RUBBER weapon=BERETTA_93R
[AQ] HIT source=RUBBER target=WITCH weapon=MOSSBERG_500 damage=19.6
[AQ] HIT source=RUBBER target=WITCH weapon=MOSSBERG_500 damage=19.6
[AQ] HIT source=RUBBER target=WITCH weapon=MOSSBERG_500 damage=19.6
[AQ] HIT source=RUBBER target=WITCH weapon=MOSSBERG_500 damage=19.6
[AQ] HIT source=RUBBER target=WITCH weapon=MOSSBERG_500 damage=19.6
[AQ] USE fighter=RUBBER weapon=BERETTA_93R
[AQ] SHOT fighter=RUBBER weapon=BERETTA_93R t=31.783
[AQ] SHOT fighter=RUBBER weapon=BERETTA_93R t=31.833
[AQ] SHOT fighter=RUBBER weapon=BERETTA_93R t=31.900
[AQ] HIT source=RUBBER target=WITCH weapon=BERETTA_93R damage=21.0
[AQ] HIT source=RUBBER target=WITCH weapon=BERETTA_93R damage=21.0
[AQ] SHOT fighter=RUBBER weapon=BERETTA_93R t=32.117
[AQ] SHOT fighter=RUBBER weapon=BERETTA_93R t=32.183
[AQ] SHOT fighter=RUBBER weapon=BERETTA_93R t=32.233
[AQ] CONSUME fighter=RUBBER weapon=BERETTA_93R reason=sequence-complete
[AQ] USE fighter=RUBBER weapon=SAWED_OFF
[AQ] CONSUME fighter=RUBBER weapon=SAWED_OFF reason=blast-resolved
[AQ] HIT source=RUBBER target=WITCH weapon=SAWED_OFF damage=17.2
[AQ] HIT source=RUBBER target=WITCH weapon=SAWED_OFF damage=17.2
[AQ] HIT source=RUBBER target=WITCH weapon=SAWED_OFF damage=17.2
[AQ] HIT source=RUBBER target=WITCH weapon=SAWED_OFF damage=17.2
[AQ] HIT source=RUBBER target=WITCH weapon=SAWED_OFF damage=17.2
[AQ] HIT source=RUBBER target=WITCH weapon=SAWED_OFF damage=17.2
[AQ] HIT source=RUBBER target=WITCH weapon=SAWED_OFF damage=17.2
[AQ] REVEAL id=10 weapon=BERETTA_93R eta=null lead=2.00 fighter=TIMEOUT force=true
[AQ] USE fighter=RUBBER weapon=JACKHAMMER
[AQ] SHOT fighter=RUBBER weapon=JACKHAMMER t=34.370
[AQ] HIT source=RUBBER target=WITCH weapon=JACKHAMMER damage=16.8
[AQ] HIT source=RUBBER target=WITCH weapon=JACKHAMMER damage=16.8
[AQ] HIT source=RUBBER target=WITCH weapon=JACKHAMMER damage=16.8
[AQ] HIT source=RUBBER target=WITCH weapon=JACKHAMMER damage=16.8
[AQ] SHOT fighter=RUBBER weapon=JACKHAMMER t=34.503
[AQ] HIT source=RUBBER target=WITCH weapon=JACKHAMMER damage=16.8
[AQ] HIT source=RUBBER target=WITCH weapon=JACKHAMMER damage=16.8
[AQ] HIT source=RUBBER target=WITCH weapon=JACKHAMMER damage=16.8
[AQ] SHOT fighter=RUBBER weapon=JACKHAMMER t=34.637
[AQ] CONSUME fighter=RUBBER weapon=JACKHAMMER reason=sequence-complete
[AQ] HIT source=RUBBER target=WITCH weapon=JACKHAMMER damage=16.8
[AQ] HIT source=RUBBER target=WITCH weapon=JACKHAMMER damage=16.8
[AQ] SPAWN_SLOT id=11 x=881 y=474 lead=2.00
PASS  postc-24-senko-guns-registered  — {"count":24,"missing":[],"firedAll":true,"fired":{"PISTOL":true,"SMG":true,"SHOTGUN":true,"SNIPER":true,"GLOCK_17":true,"BERETTA_93R":true,"DESERT_DEAGLE":true,"MAGNUM_500":true,"SZECSEI_FUCHS":true,"TEC_9":true,"MAC_10":true,"P90":true,"AK_47":true,"M16":true,"ZBROYAR_Z15":true,"ZBROYAR_Z15_S1":true,"ZBROYAR_Z15_S2":true,"ZBROYAR_Z15_S3":true,"M249_SAW":true,"MBR":true,"MBR2":true,"MOSSBERG_500":true,"SAWED_OFF":true,"JACKHAMMER":true}}
PASS  postc-24-senko-guns-fire  — {"PISTOL":true,"SMG":true,"SHOTGUN":true,"SNIPER":true,"GLOCK_17":true,"BERETTA_93R":true,"DESERT_DEAGLE":true,"MAGNUM_500":true,"SZECSEI_FUCHS":true,"TEC_9":true,"MAC_10":true,"P90":true,"AK_47":true,"M16":true,"ZBROYAR_Z15":true,"ZBROYAR_Z15_S1":true,"ZBROYAR_Z15_S2":true,"ZBROYAR_Z15_S3":true,"M249_SAW":true,"MBR":true,"MBR2":true,"MOSSBERG_500":true,"SAWED_OFF":true,"JACKHAMMER":true}
PASS  postc-melee-weight-0.5  — {"ratio":0.547428508699709,"meleeAvg":356.2,"nonAvg":650.6785714285714,"sample":20000}
PASS  postc-melee-damage-x1.5  — {"sabre":18,"axe":39,"dagger":13.5,"spear":22.5,"club":27,"mult":1.5}
[AQ] MODE_ENTER mode=ARSENAL_QUEST
[AQ] MELEE_DECIDE fighter=RUBBER weapon=BATTLE_AXE decision=throw
[AQ] SPAWN_SLOT id=1 x=820 y=423 lead=2.00
[AQ] THROW fighter=RUBBER weapon=BATTLE_AXE ricochets=1
[AQ] CONSUME fighter=RUBBER weapon=BATTLE_AXE reason=thrown
Not implemented: HTMLMediaElement's pause() method
Not implemented: HTMLMediaElement's pause() method
Not implemented: HTMLMediaElement's pause() method
Not implemented: HTMLMediaElement's pause() method
Not implemented: HTMLMediaElement's pause() method
Not implemented: HTMLMediaElement's pause() method
Not implemented: HTMLMediaElement's pause() method
Not implemented: HTMLMediaElement's pause() method
Not implemented: HTMLMediaElement's pause() method
[AQ] MELEE_DECIDE fighter=RUBBER weapon=DAGGER decision=throw
[AQ] THROW fighter=RUBBER weapon=DAGGER ricochets=4
[AQ] CONSUME fighter=RUBBER weapon=DAGGER reason=thrown
[AQ] MELEE_DECIDE fighter=RUBBER weapon=SABRE decision=throw
[AQ] THROW fighter=RUBBER weapon=SABRE ricochets=3
[AQ] CONSUME fighter=RUBBER weapon=SABRE reason=thrown
[AQ] MELEE_DECIDE fighter=RUBBER weapon=SPEAR decision=throw
[AQ] THROW fighter=RUBBER weapon=SPEAR ricochets=2
[AQ] CONSUME fighter=RUBBER weapon=SPEAR reason=thrown
[AQ] MELEE_DECIDE fighter=RUBBER weapon=SPIKED_CLUB decision=throw
[AQ] THROW fighter=RUBBER weapon=SPIKED_CLUB ricochets=1
[AQ] CONSUME fighter=RUBBER weapon=SPIKED_CLUB reason=thrown
[AQ] MELEE_DECIDE fighter=RUBBER weapon=SABRE decision=strike
[AQ] USE fighter=RUBBER weapon=SABRE
[AQ] HIT source=RUBBER target=WITCH weapon=SABRE damage=126.0
[AQ] CONSUME fighter=RUBBER weapon=SABRE reason=melee-resolved
[AQ] REVEAL id=1 weapon=P90 eta=null lead=2.00 fighter=TIMEOUT force=true
PASS  postc-melee-throw-out-of-range  — {"BATTLE_AXE":{"decision":"throw","thrown":true,"ricochets":1},"DAGGER":{"decision":"throw","thrown":true,"ricochets":4},"SABRE":{"decision":"throw","thrown":true,"ricochets":3},"SPEAR":{"decision":"throw","thrown":true,"ricochets":2},"SPIKED_CLUB":{"decision":"throw","thrown":true,"ricochets":1}}
PASS  postc-melee-strike-in-range  — strike
PASS  postc-bounce-caps-1-1-2-3-4  — {"BATTLE_AXE":1,"SPIKED_CLUB":1,"SPEAR":2,"SABRE":3,"DAGGER":4,"STORMBREAKER":1}
[AQ] MODE_ENTER mode=ARSENAL_QUEST
[AQ] SPAWN_SLOT id=1 x=808 y=618 lead=2.00
[AQ] REVEAL id=1 weapon=SAWED_OFF eta=0.19 lead=2.00 fighter=RUBBER force=false
[AQ] PICKUP id=1 fighter=RUBBER weapon=SAWED_OFF
Not implemented: HTMLMediaElement's pause() method
Not implemented: HTMLMediaElement's pause() method
Not implemented: HTMLMediaElement's pause() method
Not implemented: HTMLMediaElement's pause() method
Not implemented: HTMLMediaElement's pause() method
Not implemented: HTMLMediaElement's pause() method
Not implemented: HTMLMediaElement's pause() method
Not implemented: HTMLMediaElement's pause() method
Not implemented: HTMLMediaElement's pause() method
[AQ] USE fighter=RUBBER weapon=SAWED_OFF
[AQ] CONSUME fighter=RUBBER weapon=SAWED_OFF reason=blast-resolved
[AQ] SPAWN_SLOT id=2 x=213 y=760 lead=2.00
[AQ] HIT source=RUBBER target=ICE weapon=SAWED_OFF damage=17.2
[AQ] HIT source=RUBBER target=ICE weapon=SAWED_OFF damage=17.2
[AQ] HIT source=RUBBER target=ICE weapon=SAWED_OFF damage=17.2
PASS  postc-p1-no-autocast  — {"autoCasts":0,"afterJ":1,"p2Casts":2,"p2Active":true,"p1IsRework":true}
PASS  postc-p1-j-activates  — {"autoCasts":0,"afterJ":1,"p2Casts":2,"p2Active":true,"p1IsRework":true}
PASS  postc-p2-still-auto  — {"autoCasts":0,"afterJ":1,"p2Casts":2,"p2Active":true,"p1IsRework":true}
[AQ] MODE_ENTER mode=ARSENAL_QUEST
[AQ] SPAWN_SLOT id=1 x=827 y=535 lead=2.00
Not implemented: HTMLMediaElement's pause() method
Not implemented: HTMLMediaElement's pause() method
Not implemented: HTMLMediaElement's pause() method
Not implemented: HTMLMediaElement's pause() method
Not implemented: HTMLMediaElement's pause() method
Not implemented: HTMLMediaElement's pause() method
Not implemented: HTMLMediaElement's pause() method
Not implemented: HTMLMediaElement's pause() method
Not implemented: HTMLMediaElement's pause() method
[AQ] PICKUP id=2 fighter=ICE weapon=PISTOL
PASS  postc-robot-selectable  — {"name":"ROBOT","cooldown":10,"failedNoPickup":true,"dashed":false,"cdAfter":9.66666666666665,"slot":2,"x":200}
PASS  postc-robot-no-consume-without-pickup  — {"name":"ROBOT","cooldown":10,"failedNoPickup":true,"dashed":false,"cdAfter":9.66666666666665,"slot":2,"x":200}
FAIL  postc-robot-dash-to-revealed  — {"name":"ROBOT","cooldown":10,"failedNoPickup":true,"dashed":false,"cdAfter":9.66666666666665,"slot":2,"x":200}
PASS  postc-no-arena-glyphs-in-draw  — {"noZ":true,"noChamberTitle":true,"noQuestionGlyph":true}
PASS  postc-vfx-uses-sanitized-c-paths  — {"smokeRel":"vfx/c/smoke_01.webp"}
[AQ] MODE_ENTER mode=ARSENAL_QUEST
[AQ] SPAWN_SLOT id=1 x=368 y=532 lead=2.00
Not implemented: HTMLMediaElement's pause() method
Not implemented: HTMLMediaElement's pause() method
Not implemented: HTMLMediaElement's pause() method
Not implemented: HTMLMediaElement's pause() method
Not implemented: HTMLMediaElement's pause() method
Not implemented: HTMLMediaElement's pause() method
Not implemented: HTMLMediaElement's pause() method
Not implemented: HTMLMediaElement's pause() method
Not implemented: HTMLMediaElement's pause() method
PASS  gap-real-keyj-keydown  — {"before":0,"after":1,"afterRepeat":1}
PASS  gap-keyj-ignores-repeat  — {"before":0,"after":1,"afterRepeat":1}
[AQ] MODE_ENTER mode=ARSENAL_QUEST
Not implemented: HTMLMediaElement's pause() method
Not implemented: HTMLMediaElement's pause() method
Not implemented: HTMLMediaElement's pause() method
Not implemented: HTMLMediaElement's pause() method
Not implemented: HTMLMediaElement's pause() method
Not implemented: HTMLMediaElement's pause() method
Not implemented: HTMLMediaElement's pause() method
Not implemented: HTMLMediaElement's pause() method
Not implemented: HTMLMediaElement's pause() method
[AQ] USE fighter=ICE weapon=BERETTA_93R
[AQ] SHOT fighter=ICE weapon=BERETTA_93R t=0.350
[AQ] HIT source=ICE target=RUBBER weapon=BERETTA_93R damage=31.5
[AQ] SHOT fighter=ICE weapon=BERETTA_93R t=0.400
[AQ] HIT source=ICE target=RUBBER weapon=BERETTA_93R damage=21.0
[AQ] SHOT fighter=ICE weapon=BERETTA_93R t=0.467
[AQ] HIT source=ICE target=RUBBER weapon=BERETTA_93R damage=21.0
[AQ] SHOT fighter=ICE weapon=BERETTA_93R t=0.683
[AQ] HIT source=ICE target=RUBBER weapon=BERETTA_93R damage=21.0
[AQ] SHOT fighter=ICE weapon=BERETTA_93R t=0.750
[AQ] HIT source=ICE target=RUBBER weapon=BERETTA_93R damage=21.0
[AQ] SHOT fighter=ICE weapon=BERETTA_93R t=0.800
[AQ] HIT source=ICE target=RUBBER weapon=BERETTA_93R damage=21.0
[AQ] CONSUME fighter=ICE weapon=BERETTA_93R reason=sequence-complete
PASS  gap-beretta-6-shots  — {"shots":[0.35,0.4,0.467,0.683,0.75,0.8],"n":6,"gaps":[0.05,0.067,0.216,0.067,0.05],"consume":1,"bullets":0,"exit":null,"holder":null}
PASS  gap-beretta-burst-pause  — {"shots":[0.35,0.4,0.467,0.683,0.75,0.8],"n":6,"gaps":[0.05,0.067,0.216,0.067,0.05],"consume":1,"bullets":0,"exit":null,"holder":null}
[AQ] MODE_ENTER mode=ARSENAL_QUEST
Not implemented: HTMLMediaElement's pause() method
Not implemented: HTMLMediaElement's pause() method
Not implemented: HTMLMediaElement's pause() method
Not implemented: HTMLMediaElement's pause() method
Not implemented: HTMLMediaElement's pause() method
Not implemented: HTMLMediaElement's pause() method
Not implemented: HTMLMediaElement's pause() method
Not implemented: HTMLMediaElement's pause() method
Not implemented: HTMLMediaElement's pause() method
[AQ] USE fighter=ICE weapon=M16
[AQ] SHOT fighter=ICE weapon=M16 t=0.350
[AQ] HIT source=ICE target=RUBBER weapon=M16 damage=25.2
[AQ] SHOT fighter=ICE weapon=M16 t=0.417
[AQ] HIT source=ICE target=RUBBER weapon=M16 damage=25.2
[AQ] SHOT fighter=ICE weapon=M16 t=0.500
[AQ] HIT source=ICE target=RUBBER weapon=M16 damage=25.2
[AQ] SHOT fighter=ICE weapon=M16 t=0.783
[AQ] SHOT fighter=ICE weapon=M16 t=0.867
[AQ] SHOT fighter=ICE weapon=M16 t=0.950
[AQ] CONSUME fighter=ICE weapon=M16 reason=sequence-complete
PASS  gap-m16-6-shots  — {"shots":[0.35,0.417,0.5,0.783,0.867,0.95],"n":6,"gaps":[0.067,0.083,0.283,0.084,0.083],"consume":1,"bullets":3,"exit":null,"holder":null}
PASS  gap-m16-burst-pause  — {"shots":[0.35,0.417,0.5,0.783,0.867,0.95],"n":6,"gaps":[0.067,0.083,0.283,0.084,0.083],"consume":1,"bullets":3,"exit":null,"holder":null}
[AQ] MODE_ENTER mode=ARSENAL_QUEST
Not implemented: HTMLMediaElement's pause() method
Not implemented: HTMLMediaElement's pause() method
Not implemented: HTMLMediaElement's pause() method
Not implemented: HTMLMediaElement's pause() method
Not implemented: HTMLMediaElement's pause() method
Not implemented: HTMLMediaElement's pause() method
Not implemented: HTMLMediaElement's pause() method
Not implemented: HTMLMediaElement's pause() method
Not implemented: HTMLMediaElement's pause() method
[AQ] USE fighter=ICE weapon=MBR
[AQ] SHOT fighter=ICE weapon=MBR t=0.617
[AQ] HIT source=ICE target=RUBBER weapon=MBR damage=77.0
[AQ] SHOT fighter=ICE weapon=MBR t=1.073
[AQ] CONSUME fighter=ICE weapon=MBR reason=shot-fired
[AQ] MODE_ENTER mode=ARSENAL_QUEST
Not implemented: HTMLMediaElement's pause() method
Not implemented: HTMLMediaElement's pause() method
Not implemented: HTMLMediaElement's pause() method
Not implemented: HTMLMediaElement's pause() method
Not implemented: HTMLMediaElement's pause() method
Not implemented: HTMLMediaElement's pause() method
Not implemented: HTMLMediaElement's pause() method
Not implemented: HTMLMediaElement's pause() method
Not implemented: HTMLMediaElement's pause() method
[AQ] USE fighter=ICE weapon=MBR2
[AQ] SHOT fighter=ICE weapon=MBR2 t=0.683
[AQ] SHOT fighter=ICE weapon=MBR2 t=1.200
[AQ] CONSUME fighter=ICE weapon=MBR2 reason=shot-fired
[AQ] HIT source=RUBBER target=ICE weapon=MBR2 damage=98.0
[AQ] HIT source=world target=RUBBER weapon=RUBBER_DEBT damage=14.0
[AQ] MODE_ENTER mode=ARSENAL_QUEST
Not implemented: HTMLMediaElement's pause() method
Not implemented: HTMLMediaElement's pause() method
Not implemented: HTMLMediaElement's pause() method
Not implemented: HTMLMediaElement's pause() method
Not implemented: HTMLMediaElement's pause() method
Not implemented: HTMLMediaElement's pause() method
Not implemented: HTMLMediaElement's pause() method
Not implemented: HTMLMediaElement's pause() method
Not implemented: HTMLMediaElement's pause() method
[AQ] USE fighter=ICE weapon=SZECSEI_FUCHS
[AQ] SHOT fighter=ICE weapon=SZECSEI_FUCHS t=0.750
[AQ] HIT source=ICE target=RUBBER weapon=SZECSEI_FUCHS damage=157.5
[AQ] SHOT fighter=ICE weapon=SZECSEI_FUCHS t=1.307
[AQ] CONSUME fighter=ICE weapon=SZECSEI_FUCHS reason=shot-fired
[AQ] HIT source=world target=RUBBER weapon=RUBBER_DEBT damage=15.0
[AQ] MODE_ENTER mode=ARSENAL_QUEST
Not implemented: HTMLMediaElement's pause() method
Not implemented: HTMLMediaElement's pause() method
Not implemented: HTMLMediaElement's pause() method
Not implemented: HTMLMediaElement's pause() method
Not implemented: HTMLMediaElement's pause() method
Not implemented: HTMLMediaElement's pause() method
Not implemented: HTMLMediaElement's pause() method
Not implemented: HTMLMediaElement's pause() method
Not implemented: HTMLMediaElement's pause() method
[AQ] USE fighter=ICE weapon=SNIPER
[AQ] SHOT fighter=ICE weapon=SNIPER t=1.133
[AQ] CONSUME fighter=ICE weapon=SNIPER reason=shot-fired
PASS  gap-mbr-two-shot  — {"shots":[0.617,1.073],"n":2,"gaps":[0.456],"consume":1,"bullets":1,"exit":null,"holder":null}
PASS  gap-mbr2-two-shot  — {"shots":[0.683,1.2],"n":2,"gaps":[0.517],"consume":1,"bullets":0,"exit":null,"holder":null}
PASS  gap-szecsei-two-shot  — {"shots":[0.75,1.307],"n":2,"gaps":[0.557],"consume":1,"bullets":0,"exit":null,"holder":null}
PASS  gap-sniper-one-shot  — {"shots":[1.133],"n":1,"gaps":[],"consume":1,"bullets":0,"exit":null,"holder":null}
[AQ] MODE_ENTER mode=ARSENAL_QUEST
Not implemented: HTMLMediaElement's pause() method
Not implemented: HTMLMediaElement's pause() method
Not implemented: HTMLMediaElement's pause() method
Not implemented: HTMLMediaElement's pause() method
Not implemented: HTMLMediaElement's pause() method
Not implemented: HTMLMediaElement's pause() method
Not implemented: HTMLMediaElement's pause() method
Not implemented: HTMLMediaElement's pause() method
Not implemented: HTMLMediaElement's pause() method
[AQ] HIT source=RUBBER target=RUBBER weapon=SNIPER damage=266.0
[AQ] USE fighter=ICE weapon=GLOCK_17
[AQ] SHOT fighter=ICE weapon=GLOCK_17 t=0.357
[AQ] HIT source=ICE target=RUBBER weapon=GLOCK_17 damage=24.5
[AQ] SHOT fighter=ICE weapon=GLOCK_17 t=0.473
[AQ] HIT source=ICE target=RUBBER weapon=GLOCK_17 damage=24.5
[AQ] SHOT fighter=ICE weapon=GLOCK_17 t=0.590
PASS  gap-muzzle-uses-metadata  — {"bx":460.2,"by":478.7,"mx":410.3,"my":479.5,"usedMeta":true}
[AQ] MODE_ENTER mode=ARSENAL_QUEST
Not implemented: HTMLMediaElement's pause() method
Not implemented: HTMLMediaElement's pause() method
Not implemented: HTMLMediaElement's pause() method
Not implemented: HTMLMediaElement's pause() method
Not implemented: HTMLMediaElement's pause() method
Not implemented: HTMLMediaElement's pause() method
Not implemented: HTMLMediaElement's pause() method
Not implemented: HTMLMediaElement's pause() method
Not implemented: HTMLMediaElement's pause() method
[AQ] USE fighter=ICE weapon=AK_47
[AQ] SHOT fighter=ICE weapon=AK_47 t=0.350
[AQ] HIT source=ICE target=RUBBER weapon=AK_47 damage=39.9
[AQ] SHOT fighter=ICE weapon=AK_47 t=0.450
[AQ] HIT source=ICE target=RUBBER weapon=AK_47 damage=26.6
[AQ] SHOT fighter=ICE weapon=AK_47 t=0.567
[AQ] HIT source=ICE target=RUBBER weapon=AK_47 damage=26.6
[AQ] SHOT fighter=ICE weapon=AK_47 t=0.667
[AQ] SHOT fighter=ICE weapon=AK_47 t=0.783
PASS  gap-casing-uses-metadata  — {"n":5,"usedMeta":true,"dist":2.1,"ax":364,"cx":366,"usedMetaFlag":true}
[AQ] MODE_ENTER mode=ARSENAL_QUEST
Not implemented: HTMLMediaElement's pause() method
Not implemented: HTMLMediaElement's pause() method
Not implemented: HTMLMediaElement's pause() method
Not implemented: HTMLMediaElement's pause() method
Not implemented: HTMLMediaElement's pause() method
Not implemented: HTMLMediaElement's pause() method
Not implemented: HTMLMediaElement's pause() method
Not implemented: HTMLMediaElement's pause() method
Not implemented: HTMLMediaElement's pause() method
[AQ] HIT source=world target=RUBBER weapon=RUBBER_DEBT damage=3.8
[AQ] USE fighter=ICE weapon=SAWED_OFF
[AQ] CONSUME fighter=ICE weapon=SAWED_OFF reason=blast-resolved
[AQ] HIT source=ICE target=RUBBER weapon=SAWED_OFF damage=17.2
[AQ] HIT source=ICE target=RUBBER weapon=SAWED_OFF damage=17.2
[AQ] HIT source=ICE target=RUBBER weapon=SAWED_OFF damage=17.2
[AQ] HIT source=ICE target=RUBBER weapon=SAWED_OFF damage=17.2
[AQ] HIT source=ICE target=RUBBER weapon=SAWED_OFF damage=17.2
[AQ] HIT source=ICE target=RUBBER weapon=SAWED_OFF damage=17.2
[AQ] HIT source=ICE target=RUBBER weapon=SAWED_OFF damage=17.2
[AQ] HIT source=ICE target=RUBBER weapon=SAWED_OFF damage=17.2
[AQ] HIT source=ICE target=RUBBER weapon=SAWED_OFF damage=17.2
[AQ] HIT source=ICE target=RUBBER weapon=SAWED_OFF damage=17.2
PASS  gap-sawed-no-rack  — {"rack":0,"casingDuring":2,"exit":"breakOpen"}
PASS  gap-sawed-no-per-shot-casing  — {"rack":0,"casingDuring":2,"exit":"breakOpen"}
[AQ] MODE_ENTER mode=ARSENAL_QUEST
Not implemented: HTMLMediaElement's pause() method
Not implemented: HTMLMediaElement's pause() method
Not implemented: HTMLMediaElement's pause() method
Not implemented: HTMLMediaElement's pause() method
Not implemented: HTMLMediaElement's pause() method
Not implemented: HTMLMediaElement's pause() method
Not implemented: HTMLMediaElement's pause() method
Not implemented: HTMLMediaElement's pause() method
Not implemented: HTMLMediaElement's pause() method
[AQ] USE fighter=ICE weapon=MAGNUM_500
[AQ] SHOT fighter=ICE weapon=MAGNUM_500 t=0.350
[AQ] CONSUME fighter=ICE weapon=MAGNUM_500 reason=sequence-complete
[AQ] HIT source=ICE target=RUBBER weapon=MAGNUM_500 damage=196.0
PASS  gap-magnum-no-per-shot-casing  — {"during":0,"exit":"cylinderSpill"}
PASS  gap-magnum-cylinder-exit  — {"during":0,"exit":"cylinderSpill"}
PASS  gap-every-gun-has-exit-profile  — {"missing":[],"distinct":21}
PASS  gap-rarity-glow-hierarchy  — {"t1":22,"t2":28,"t3":36,"t4":48,"t5":60,"shimmer":true}
[AQ] MODE_ENTER mode=ARSENAL_QUEST
[AQ] CONSUME fighter=RUBBER weapon=P90 reason=test
[AQ] REJECT_PICKUP fighter=RUBBER id=1 reason=not-reserved
[AQ] USE fighter=ICE weapon=SWIRL_SHIELD
[AQ] PICKUP id=1 fighter=ICE weapon=SWIRL_SHIELD
PASS  gap-reserved-not-stolen  — {"stolen":null,"heroGot":"SWIRL_SHIELD","reject":true}
[AQ] MODE_ENTER mode=ARSENAL_QUEST
[AQ] COUNTER_RELEASE id=1 reason=invalid
PASS  gap-invalid-reservation-restores-telegraph  — {"phase":"TELEGRAPH","weaponId":null,"reservedFor":null}
[AQ] MODE_ENTER mode=ARSENAL_QUEST
[AQ] USE fighter=ICE weapon=SWIRL_SHIELD
Not implemented: HTMLMediaElement's pause() method
Not implemented: HTMLMediaElement's pause() method
Not implemented: HTMLMediaElement's pause() method
Not implemented: HTMLMediaElement's pause() method
Not implemented: HTMLMediaElement's pause() method
Not implemented: HTMLMediaElement's pause() method
Not implemented: HTMLMediaElement's pause() method
Not implemented: HTMLMediaElement's pause() method
Not implemented: HTMLMediaElement's pause() method
[AQ] USE fighter=RUBBER weapon=P90
[AQ] SHOT fighter=RUBBER weapon=P90 t=0.350
[AQ] HIT source=RUBBER target=ICE weapon=P90 damage=13.3
[AQ] REFLECT fighter=ICE weapon=SWIRL_SHIELD projectileFrom=RUBBER
[AQ] SHOT fighter=RUBBER weapon=P90 t=0.400
[AQ] HIT source=RUBBER target=ICE weapon=P90 damage=13.3
[AQ] REFLECT fighter=ICE weapon=SWIRL_SHIELD projectileFrom=RUBBER
[AQ] SHOT fighter=RUBBER weapon=P90 t=0.467
[AQ] HIT source=RUBBER target=ICE weapon=P90 damage=13.3
[AQ] REFLECT fighter=ICE weapon=SWIRL_SHIELD projectileFrom=RUBBER
[AQ] SHOT fighter=RUBBER weapon=P90 t=0.533
[AQ] HIT source=RUBBER target=ICE weapon=P90 damage=19.9
[AQ] REFLECT fighter=ICE weapon=SWIRL_SHIELD projectileFrom=RUBBER
[AQ] SHOT fighter=RUBBER weapon=P90 t=0.600
[AQ] HIT source=RUBBER target=ICE weapon=P90 damage=13.3
[AQ] REFLECT fighter=ICE weapon=SWIRL_SHIELD projectileFrom=RUBBER
[AQ] SHOT fighter=RUBBER weapon=P90 t=0.667
[AQ] HIT source=RUBBER target=ICE weapon=P90 damage=13.3
[AQ] REFLECT fighter=ICE weapon=SWIRL_SHIELD projectileFrom=RUBBER
[AQ] SHOT fighter=RUBBER weapon=P90 t=0.733
[AQ] HIT source=RUBBER target=ICE weapon=P90 damage=13.3
[AQ] REFLECT fighter=ICE weapon=SWIRL_SHIELD projectileFrom=RUBBER
[AQ] SHOT fighter=RUBBER weapon=P90 t=0.800
[AQ] HIT source=RUBBER target=ICE weapon=P90 damage=13.3
[AQ] REFLECT fighter=ICE weapon=SWIRL_SHIELD projectileFrom=RUBBER
[AQ] SHOT fighter=RUBBER weapon=P90 t=0.867
[AQ] HIT source=RUBBER target=ICE weapon=P90 damage=13.3
[AQ] REFLECT fighter=ICE weapon=SWIRL_SHIELD projectileFrom=RUBBER
[AQ] SHOT fighter=RUBBER weapon=P90 t=0.933
[AQ] HIT source=RUBBER target=ICE weapon=P90 damage=13.3
[AQ] REFLECT fighter=ICE weapon=SWIRL_SHIELD projectileFrom=RUBBER
[AQ] CONSUME fighter=RUBBER weapon=P90 reason=sequence-complete
[AQ] CONSUME fighter=ICE weapon=SWIRL_SHIELD reason=expired
PASS  gap-swirl-covers-full-volley  — {"reflects":10,"swirlGone":true,"p90Gone":true}
[AQ] MODE_ENTER mode=ARSENAL_QUEST
[AQ] SPAWN_SLOT id=1 x=270 y=716 lead=2.00
Not implemented: HTMLMediaElement's pause() method
Not implemented: HTMLMediaElement's pause() method
Not implemented: HTMLMediaElement's pause() method
Not implemented: HTMLMediaElement's pause() method
Not implemented: HTMLMediaElement's pause() method
Not implemented: HTMLMediaElement's pause() method
Not implemented: HTMLMediaElement's pause() method
Not implemented: HTMLMediaElement's pause() method
Not implemented: HTMLMediaElement's pause() method
[AQ] REVEAL id=1 weapon=ZBROYAR_Z15 eta=null lead=2.00 fighter=TIMEOUT force=true
[AQ] SPAWN_SLOT id=2 x=382 y=325 lead=2.00
[AQ] PICKUP id=1 fighter=ICE weapon=ZBROYAR_Z15
[AQ] USE fighter=ICE weapon=ZBROYAR_Z15
[AQ] SHOT fighter=ICE weapon=ZBROYAR_Z15 t=7.517
[AQ] REVEAL id=2 weapon=MAC_10 eta=null lead=2.00 fighter=TIMEOUT force=true
[AQ] SHOT fighter=ICE weapon=ZBROYAR_Z15 t=7.667
[AQ] HIT source=ICE target=RUBBER weapon=ZBROYAR_Z15 damage=33.3
[AQ] HIT source=ICE target=RUBBER weapon=ZBROYAR_Z15 damage=33.3
[AQ] SHOT fighter=ICE weapon=ZBROYAR_Z15 t=7.833
[AQ] HIT source=ICE target=RUBBER weapon=ZBROYAR_Z15 damage=33.3
[AQ] SHOT fighter=ICE weapon=ZBROYAR_Z15 t=7.983
[AQ] HIT source=ICE target=RUBBER weapon=ZBROYAR_Z15 damage=33.3
[AQ] CONSUME fighter=ICE weapon=ZBROYAR_Z15 reason=sequence-complete
[AQ] SPAWN_SLOT id=3 x=415 y=721 lead=2.00
[AQ] PICKUP id=2 fighter=ICE weapon=MAC_10
[AQ] USE fighter=ICE weapon=MAC_10
[AQ] SHOT fighter=ICE weapon=MAC_10 t=11.867
[AQ] HIT source=ICE target=RUBBER weapon=MAC_10 damage=21.0
[AQ] SHOT fighter=ICE weapon=MAC_10 t=11.917
[AQ] HIT source=ICE target=RUBBER weapon=MAC_10 damage=14.0
[AQ] SHOT fighter=ICE weapon=MAC_10 t=11.967
[AQ] HIT source=ICE target=RUBBER weapon=MAC_10 damage=14.0
[AQ] SPAWN_HEAL id=4 heal=HEAL_H1 restore=70
[AQ] REJECT_HEAL fighter=ICE id=4 reason=full-health
[AQ] REVEAL id=3 weapon=SZECSEI_FUCHS eta=null lead=2.00 fighter=TIMEOUT force=true
[AQ] SHOT fighter=ICE weapon=MAC_10 t=12.017
[AQ] HIT source=ICE target=RUBBER weapon=MAC_10 damage=14.0
[AQ] SHOT fighter=ICE weapon=MAC_10 t=12.083
[AQ] HIT source=ICE target=RUBBER weapon=MAC_10 damage=14.0
[AQ] SHOT fighter=ICE weapon=MAC_10 t=12.133
[AQ] HIT source=ICE target=RUBBER weapon=MAC_10 damage=21.0
[AQ] SHOT fighter=ICE weapon=MAC_10 t=12.183
[AQ] HIT source=ICE target=RUBBER weapon=MAC_10 damage=14.0
[AQ] SHOT fighter=ICE weapon=MAC_10 t=12.250
[AQ] HIT source=ICE target=RUBBER weapon=MAC_10 damage=14.0
[AQ] CONSUME fighter=ICE weapon=MAC_10 reason=sequence-complete
[AQ] SPAWN_SLOT id=5 x=720 y=790 lead=2.00
[AQ] PICKUP id=3 fighter=ICE weapon=SZECSEI_FUCHS
[AQ] USE fighter=ICE weapon=SZECSEI_FUCHS
[AQ] COUNTER_RESERVED id=5 for=RUBBER shield=SWIRL_SHIELD vs=SZECSEI_FUCHS
[AQ] SHOT fighter=ICE weapon=SZECSEI_FUCHS t=14.567
[AQ] HIT source=ICE target=RUBBER weapon=SZECSEI_FUCHS damage=157.5
[AQ] USE fighter=RUBBER weapon=SWIRL_SHIELD
[AQ] PICKUP id=5 fighter=RUBBER weapon=SWIRL_SHIELD
[AQ] SHOT fighter=ICE weapon=SZECSEI_FUCHS t=15.123
[AQ] CONSUME fighter=ICE weapon=SZECSEI_FUCHS reason=shot-fired
[AQ] SPAWN_SLOT id=6 x=776 y=715 lead=2.00
[AQ] REFLECT fighter=RUBBER weapon=SWIRL_SHIELD projectileFrom=ICE
[AQ] CONSUME fighter=RUBBER weapon=SWIRL_SHIELD reason=bound-over
[AQ] HIT source=RUBBER target=ICE weapon=SZECSEI_FUCHS damage=105.0
[AQ] REVEAL id=6 weapon=SNIPER eta=null lead=2.00 fighter=TIMEOUT force=true
[AQ] PICKUP id=6 fighter=RUBBER weapon=SNIPER
[AQ] USE fighter=RUBBER weapon=SNIPER
[AQ] SPAWN_SLOT id=7 x=406 y=329 lead=2.00
[AQ] SHOT fighter=RUBBER weapon=SNIPER t=20.347
[AQ] CONSUME fighter=RUBBER weapon=SNIPER reason=shot-fired
[AQ] HIT source=RUBBER target=ICE weapon=SNIPER damage=266.0
[AQ] SPAWN_SLOT id=8 x=743 y=326 lead=2.00
[AQ] REVEAL id=7 weapon=ZBROYAR_Z15_S1 eta=0.76 lead=2.00 fighter=RUBBER force=false
[AQ] PICKUP id=7 fighter=RUBBER weapon=ZBROYAR_Z15_S1
[AQ] USE fighter=RUBBER weapon=ZBROYAR_Z15_S1
[AQ] SHOT fighter=RUBBER weapon=ZBROYAR_Z15_S1 t=22.020
[AQ] HIT source=RUBBER target=ICE weapon=ZBROYAR_Z15_S1 damage=33.3
[AQ] COUNTER_RESERVED id=8 for=ICE shield=SWIRL_SHIELD vs=ZBROYAR_Z15_S1
[AQ] USE fighter=ICE weapon=SWIRL_SHIELD
[AQ] PICKUP id=8 fighter=ICE weapon=SWIRL_SHIELD
[AQ] SHOT fighter=RUBBER weapon=ZBROYAR_Z15_S1 t=22.170
[AQ] HIT source=RUBBER target=ICE weapon=ZBROYAR_Z15_S1 damage=49.9
[AQ] REFLECT fighter=ICE weapon=SWIRL_SHIELD projectileFrom=RUBBER
[AQ] SHOT fighter=RUBBER weapon=ZBROYAR_Z15_S1 t=22.337
[AQ] REFLECT fighter=ICE weapon=SWIRL_SHIELD projectileFrom=RUBBER
[AQ] HIT source=ICE target=RUBBER weapon=ZBROYAR_Z15_S1 damage=33.3
[AQ] SHOT fighter=RUBBER weapon=ZBROYAR_Z15_S1 t=22.487
[AQ] REFLECT fighter=ICE weapon=SWIRL_SHIELD projectileFrom=RUBBER
[AQ] HIT source=ICE target=RUBBER weapon=ZBROYAR_Z15_S1 damage=33.3
[AQ] CONSUME fighter=RUBBER weapon=ZBROYAR_Z15_S1 reason=sequence-complete
[AQ] SPAWN_SLOT id=9 x=682 y=872 lead=2.00
[AQ] CONSUME fighter=ICE weapon=SWIRL_SHIELD reason=expired
[AQ] EXPIRE_HEAL id=4
[AQ] SPAWN_HEAL id=10 heal=HEAL_H1 restore=70
[AQ] REVEAL id=9 weapon=MAGNUM_500 eta=null lead=2.00 fighter=TIMEOUT force=true
[AQ] PICKUP_HEAL id=10 fighter=ICE restore=70
[AQ] SPAWN_SLOT id=11 x=144 y=691 lead=2.00
[AQ] REVEAL id=11 weapon=ZBROYAR_Z15_S3 eta=0.53 lead=2.00 fighter=ICE force=false
[AQ] PICKUP id=11 fighter=ICE weapon=ZBROYAR_Z15_S3
[AQ] USE fighter=ICE weapon=ZBROYAR_Z15_S3
[AQ] SHOT fighter=ICE weapon=ZBROYAR_Z15_S3 t=29.420
[AQ] SHOT fighter=ICE weapon=ZBROYAR_Z15_S3 t=29.570
[AQ] HIT source=ICE target=RUBBER weapon=ZBROYAR_Z15_S3 damage=33.3
[AQ] SHOT fighter=ICE weapon=ZBROYAR_Z15_S3 t=29.737
[AQ] HIT source=ICE target=RUBBER weapon=ZBROYAR_Z15_S3 damage=33.3
[AQ] HIT source=ICE target=RUBBER weapon=ZBROYAR_Z15_S3 damage=33.3
[AQ] SHOT fighter=ICE weapon=ZBROYAR_Z15_S3 t=29.887
[AQ] HIT source=ICE target=RUBBER weapon=ZBROYAR_Z15_S3 damage=33.3
[AQ] CONSUME fighter=ICE weapon=ZBROYAR_Z15_S3 reason=sequence-complete
[AQ] PICKUP id=9 fighter=RUBBER weapon=MAGNUM_500
[AQ] USE fighter=RUBBER weapon=MAGNUM_500
[AQ] SHOT fighter=RUBBER weapon=MAGNUM_500 t=30.420
[AQ] CONSUME fighter=RUBBER weapon=MAGNUM_500 reason=sequence-complete
[AQ] SPAWN_SLOT id=12 x=575 y=389 lead=2.00
[AQ] HIT source=RUBBER target=ICE weapon=MAGNUM_500 damage=196.0
[AQ] SPAWN_HEAL id=13 heal=HEAL_H1 restore=70
[AQ] REVEAL id=12 weapon=MAC_10 eta=null lead=2.00 fighter=TIMEOUT force=true
[AQ] PICKUP id=12 fighter=ICE weapon=MAC_10
[AQ] PICKUP_HEAL id=13 fighter=RUBBER restore=70
[AQ] USE fighter=ICE weapon=MAC_10
[AQ] SHOT fighter=ICE weapon=MAC_10 t=33.787
[AQ] SHOT fighter=ICE weapon=MAC_10 t=33.837
[AQ] SHOT fighter=ICE weapon=MAC_10 t=33.887
[AQ] SHOT fighter=ICE weapon=MAC_10 t=33.937
[AQ] SHOT fighter=ICE weapon=MAC_10 t=34.003
[AQ] SHOT fighter=ICE weapon=MAC_10 t=34.053
[AQ] SHOT fighter=ICE weapon=MAC_10 t=34.103
[AQ] SHOT fighter=ICE weapon=MAC_10 t=34.170
[AQ] CONSUME fighter=ICE weapon=MAC_10 reason=sequence-complete
[AQ] SPAWN_SLOT id=14 x=181 y=125 lead=2.00
[AQ] REVEAL id=14 weapon=TEC_9 eta=0.13 lead=2.00 fighter=ICE force=false
[AQ] PICKUP id=14 fighter=ICE weapon=TEC_9
[AQ] USE fighter=ICE weapon=TEC_9
[AQ] SHOT fighter=ICE weapon=TEC_9 t=34.570
[AQ] SHOT fighter=ICE weapon=TEC_9 t=34.653
[AQ] SHOT fighter=ICE weapon=TEC_9 t=34.737
[AQ] HIT source=ICE target=RUBBER weapon=TEC_9 damage=21.0
[AQ] SHOT fighter=ICE weapon=TEC_9 t=34.837
[AQ] HIT source=world target=RUBBER weapon=RUBBER_DEBT damage=2.0
[AQ] HIT source=RUBBER target=ICE weapon=TEC_9 damage=21.0
[AQ] HIT source=ICE target=RUBBER weapon=TEC_9 damage=21.0
[AQ] HIT source=world target=RUBBER weapon=RUBBER_DEBT damage=2.0
[AQ] HIT source=world target=RUBBER weapon=RUBBER_DEBT damage=2.0
[AQ] SHOT fighter=ICE weapon=TEC_9 t=34.920
[AQ] HIT source=ICE target=RUBBER weapon=TEC_9 damage=21.0
[AQ] HIT source=world target=RUBBER weapon=RUBBER_DEBT damage=2.0
[AQ] CONSUME fighter=ICE weapon=TEC_9 reason=sequence-complete
[AQ] SPAWN_SLOT id=15 x=742 y=323 lead=2.00
[AQ] HIT source=world target=RUBBER weapon=RUBBER_DEBT damage=3.0
[AQ] HIT source=world target=RUBBER weapon=RUBBER_DEBT damage=2.0
[AQ] HIT source=world target=RUBBER weapon=RUBBER_DEBT damage=2.0
[AQ] REVEAL id=15 weapon=PISTOL eta=null lead=2.00 fighter=TIMEOUT force=true
[AQ] SPAWN_SLOT id=16 x=240 y=448 lead=2.00
[AQ] PICKUP id=15 fighter=ICE weapon=PISTOL
[AQ] USE fighter=ICE weapon=PISTOL
[AQ] SHOT fighter=ICE weapon=PISTOL t=41.653
[AQ] SHOT fighter=ICE weapon=PISTOL t=41.870
[AQ] SPAWN_HEAL id=17 heal=HEAL_H5 restore=385
[AQ] HIT source=ICE target=RUBBER weapon=PISTOL damage=31.5
[AQ] SHOT fighter=ICE weapon=PISTOL t=42.087
[AQ] CONSUME fighter=ICE weapon=PISTOL reason=sequence-complete
[AQ] SPAWN_SLOT id=18 x=526 y=640 lead=2.00
[AQ] REVEAL id=16 weapon=MAC_10 eta=null lead=2.00 fighter=TIMEOUT force=true
[AQ] PICKUP id=16 fighter=ICE weapon=MAC_10
[AQ] USE fighter=ICE weapon=MAC_10
[AQ] SHOT fighter=ICE weapon=MAC_10 t=43.170
[AQ] SHOT fighter=ICE weapon=MAC_10 t=43.220
[AQ] SHOT fighter=ICE weapon=MAC_10 t=43.270
[AQ] HIT source=ICE target=RUBBER weapon=MAC_10 damage=14.0
[AQ] SHOT fighter=ICE weapon=MAC_10 t=43.320
[AQ] HIT source=ICE target=RUBBER weapon=MAC_10 damage=14.0
[AQ] SHOT fighter=ICE weapon=MAC_10 t=43.387
[AQ] SHOT fighter=ICE weapon=MAC_10 t=43.437
[AQ] SHOT fighter=ICE weapon=MAC_10 t=43.487
[AQ] SHOT fighter=ICE weapon=MAC_10 t=43.553
[AQ] CONSUME fighter=ICE weapon=MAC_10 reason=sequence-complete
[AQ] HIT source=ICE target=RUBBER weapon=MAC_10 damage=14.0
[AQ] SPAWN_SLOT id=19 x=110 y=688 lead=2.00
[AQ] REVEAL id=19 weapon=M249_SAW eta=0.00 lead=2.00 fighter=ICE force=false
[AQ] PICKUP id=19 fighter=ICE weapon=M249_SAW
[AQ] HIT source=ICE target=RUBBER weapon=MAC_10 damage=14.0
[AQ] PICKUP_HEAL id=17 fighter=ICE restore=385
[AQ] USE fighter=ICE weapon=M249_SAW
[AQ] SHOT fighter=ICE weapon=M249_SAW t=43.970
[AQ] SHOT fighter=ICE weapon=M249_SAW t=44.037
[AQ] HIT source=ICE target=RUBBER weapon=M249_SAW damage=17.5
[AQ] SHOT fighter=ICE weapon=M249_SAW t=44.120
[AQ] HIT source=ICE target=RUBBER weapon=M249_SAW damage=17.5
[AQ] SHOT fighter=ICE weapon=M249_SAW t=44.187
[AQ] SHOT fighter=ICE weapon=M249_SAW t=44.270
[AQ] HIT source=ICE target=RUBBER weapon=M249_SAW damage=17.5
[AQ] SHOT fighter=ICE weapon=M249_SAW t=44.337
[AQ] HIT source=ICE target=RUBBER weapon=M249_SAW damage=17.5
[AQ] SHOT fighter=ICE weapon=M249_SAW t=44.420
[AQ] HIT source=ICE target=RUBBER weapon=M249_SAW damage=17.5
[AQ] HIT source=ICE target=RUBBER weapon=M249_SAW damage=17.5
[AQ] SHOT fighter=ICE weapon=M249_SAW t=44.487
[AQ] HIT source=ICE target=RUBBER weapon=M249_SAW damage=17.5
[AQ] SHOT fighter=ICE weapon=M249_SAW t=44.570
[AQ] HIT source=ICE target=RUBBER weapon=M249_SAW damage=26.3
[AQ] SHOT fighter=ICE weapon=M249_SAW t=44.637
[AQ] HIT source=ICE target=RUBBER weapon=M249_SAW damage=17.5
[AQ] KO winner=ICE
PASS  structured-aq-events  — {"SPAWN_SLOT":"[AQ] SPAWN_SLOT id=1 x=270 y=716 lead=2.00","REVEAL":"[AQ] REVEAL id=1 weapon=ZBROYAR_Z15 eta=null lead=2.00 fighter=TIMEOUT force=true","PICKUP":"[AQ] PICKUP id=1 fighter=ICE weapon=ZBROYAR_Z15","USE":"[AQ] USE fighter=ICE weapon=ZBROYAR_Z15","HIT":"[AQ] HIT source=ICE target=RUBBER weapon=ZBROYAR_Z15 damage=33.3","CONSUME":"[AQ] CONSUME fighter=ICE weapon=ZBROYAR_Z15 reason=sequence-complete"}
PASS  rev2-senko-one-scale  — {"scale":0.55,"ratio":5.821695796505517,"worldRatio":5.821695796505516,"rows":{"GLOCK_17":{"sourceW":131.26174,"worldW":72.19395700000001,"longSide":142},"P90":{"sourceW":179.4707,"worldW":98.70888500000001,"longSide":142},"AK_47":{"sourceW":380.69798,"worldW":209.383889,"longSide":158},"M249_SAW":{"sourceW":520.10453,"worldW":286.0574915,"longSide":164},"SNIPER":{"sourceW":764.16592,"worldW":420.29125600000003},"PISTOL":{"sourceW":87.8245,"worldW":48.303475000000006}},"z15":170.6523995,"z15s1":170.6523995}
PASS  rev2-senko-source-metadata  — {"scale":0.55,"ratio":5.821695796505517,"worldRatio":5.821695796505516,"rows":{"GLOCK_17":{"sourceW":131.26174,"worldW":72.19395700000001,"longSide":142},"P90":{"sourceW":179.4707,"worldW":98.70888500000001,"longSide":142},"AK_47":{"sourceW":380.69798,"worldW":209.383889,"longSide":158},"M249_SAW":{"sourceW":520.10453,"worldW":286.0574915,"longSide":164},"SNIPER":{"sourceW":764.16592,"worldW":420.29125600000003},"PISTOL":{"sourceW":87.8245,"worldW":48.303475000000006}},"z15":170.6523995,"z15s1":170.6523995}
PASS  rev2-z15-shared-scale  — {"scale":0.55,"ratio":5.821695796505517,"worldRatio":5.821695796505516,"rows":{"GLOCK_17":{"sourceW":131.26174,"worldW":72.19395700000001,"longSide":142},"P90":{"sourceW":179.4707,"worldW":98.70888500000001,"longSide":142},"AK_47":{"sourceW":380.69798,"worldW":209.383889,"longSide":158},"M249_SAW":{"sourceW":520.10453,"worldW":286.0574915,"longSide":164},"SNIPER":{"sourceW":764.16592,"worldW":420.29125600000003},"PISTOL":{"sourceW":87.8245,"worldW":48.303475000000006}},"z15":170.6523995,"z15s1":170.6523995}
[AQ] MODE_ENTER mode=ARSENAL_QUEST
[AQ] CONSUME fighter=ICE weapon=GLOCK_17 reason=test
[AQ] CONSUME fighter=ICE weapon=AK_47 reason=test
[AQ] CONSUME fighter=ICE weapon=M249_SAW reason=test
[AQ] CONSUME fighter=ICE weapon=SNIPER reason=test
[AQ] CONSUME fighter=ICE weapon=SHOTGUN reason=test
[AQ] CONSUME fighter=ICE weapon=MAC_10 reason=test
PASS  rev2-detached-world-exit  — {"traces":{"GLOCK_17":{"x0":358.5,"x1":364.1,"y1":487.2,"rot":1.44,"follow":false,"exit":"cartwheel"},"AK_47":{"x0":358.5,"x1":352.1,"y1":500.32,"rot":-0.4,"follow":false,"exit":"stockKick"},"M249_SAW":{"x0":358.5,"x1":359.7,"y1":509.12,"rot":0.096,"follow":false,"exit":"noseSlump"},"SNIPER":{"x0":358.5,"x1":347.3,"y1":523.12,"rot":-0.29200000000000004,"follow":false,"exit":"kickBack"},"SHOTGUN":{"x0":358.5,"x1":356.1,"y1":520.96,"rot":-0.52,"follow":false,"exit":"bodyPunch"},"MAC_10":{"x0":358.5,"x1":362.5,"y1":495.52,"rot":1.12,"follow":false,"exit":"tumble"}},"distinct":4,"noFollow":true}
PASS  rev2-gunshot-fade-tail  — {"fade":{"fadeTail":0.075,"attack":0.003,"playDur":0.85,"stopAfterGain":true},"spawnLand":0,"after":1,"envelopes":119}
PASS  rev2-casing-lands-on-floor  — {"fade":{"fadeTail":0.075,"attack":0.003,"playDur":0.85,"stopAfterGain":true},"spawnLand":0,"after":1,"envelopes":119}
PASS  rev2-melee-bounce-caps  — {"BATTLE_AXE":1,"SPIKED_CLUB":1,"SPEAR":2,"SABRE":3,"DAGGER":4,"STORMBREAKER":1}
[AQ] MODE_ENTER mode=ARSENAL_QUEST
[AQ] THROW fighter=ICE weapon=BATTLE_AXE ricochets=1
[AQ] THROWN_RICOCHET weapon=BATTLE_AXE left=0
[AQ] THROW fighter=ICE weapon=SPIKED_CLUB ricochets=1
[AQ] THROWN_RICOCHET weapon=SPIKED_CLUB left=0
[AQ] THROW fighter=ICE weapon=SPEAR ricochets=2
[AQ] THROWN_RICOCHET weapon=SPEAR left=1
[AQ] THROWN_RICOCHET weapon=SPEAR left=0
[AQ] THROW fighter=ICE weapon=SABRE ricochets=3
[AQ] THROWN_RICOCHET weapon=SABRE left=2
[AQ] THROWN_RICOCHET weapon=SABRE left=1
[AQ] THROWN_RICOCHET weapon=SABRE left=0
[AQ] THROW fighter=ICE weapon=DAGGER ricochets=4
[AQ] THROWN_RICOCHET weapon=DAGGER left=3
[AQ] THROWN_RICOCHET weapon=DAGGER left=2
[AQ] THROWN_RICOCHET weapon=DAGGER left=1
[AQ] THROWN_RICOCHET weapon=DAGGER left=0
PASS  rev2-melee-exact-bounces  — {"BATTLE_AXE":{"start":1,"bounces":1,"state":"exit","radius":21.700000000000003},"SPIKED_CLUB":{"start":1,"bounces":1,"state":"exit","radius":21.000000000000004},"SPEAR":{"start":2,"bounces":2,"state":"exit","radius":26.6},"SABRE":{"start":3,"bounces":3,"state":"exit","radius":20.3},"DAGGER":{"start":4,"bounces":4,"state":"exit","radius":15.400000000000002}}
PASS  rev2-shotgun-diagonal-ttl  — {"need":1494.213562373095,"rows":{"SHOTGUN":{"life":0.597685424949238,"speed":2500,"dist":1494.213562373095},"MOSSBERG_500":{"life":0.622588984322123,"speed":2400,"dist":1494.213562373095},"SAWED_OFF":{"life":0.7115302677967119,"speed":2100,"dist":1494.213562373095},"JACKHAMMER":{"life":0.622588984322123,"speed":2400,"dist":1494.213562373095}},"ok":true}
[AQ] MODE_ENTER mode=ARSENAL_QUEST
[AQ] MODE_ENTER mode=ARSENAL_QUEST
PASS  rev2-robot-invalid-j-noop  — {"cd":0,"dash":false,"name":"ROBOT"}
PASS  rev2-quest-order  — {"order":["PAINTER","DRUM","CARD","ICE","MATH","BLADE","TOXIC","ORBIT","FLASH","ELECTRIC","VAMPIRE","SAW","HUNTER","WOLF","CRYSTAL","MAGNET","BLACK_HOLE","WITCH","TIME","MONK"],"s1":"PAINTER","s10":"ELECTRIC","s20":"MONK","live20":"KUNGFU","safe":{"unlockedThrough":1,"completedStages":[]},"locked":false,"after":{"unlockedThrough":2,"completedStages":[1]}}
PASS  rev2-quest-persist  — {"order":["PAINTER","DRUM","CARD","ICE","MATH","BLADE","TOXIC","ORBIT","FLASH","ELECTRIC","VAMPIRE","SAW","HUNTER","WOLF","CRYSTAL","MAGNET","BLACK_HOLE","WITCH","TIME","MONK"],"s1":"PAINTER","s10":"ELECTRIC","s20":"MONK","live20":"KUNGFU","safe":{"unlockedThrough":1,"completedStages":[]},"locked":false,"after":{"unlockedThrough":2,"completedStages":[1]}}
PASS  rev2-quest-monk-live  — {"order":["PAINTER","DRUM","CARD","ICE","MATH","BLADE","TOXIC","ORBIT","FLASH","ELECTRIC","VAMPIRE","SAW","HUNTER","WOLF","CRYSTAL","MAGNET","BLACK_HOLE","WITCH","TIME","MONK"],"s1":"PAINTER","s10":"ELECTRIC","s20":"MONK","live20":"KUNGFU","safe":{"unlockedThrough":1,"completedStages":[]},"locked":false,"after":{"unlockedThrough":2,"completedStages":[1]}}
[AQ] MODE_ENTER mode=ARSENAL_QUEST
Not implemented: HTMLMediaElement's pause() method
Not implemented: HTMLMediaElement's pause() method
Not implemented: HTMLMediaElement's pause() method
Not implemented: HTMLMediaElement's pause() method
Not implemented: HTMLMediaElement's pause() method
Not implemented: HTMLMediaElement's pause() method
Not implemented: HTMLMediaElement's pause() method
Not implemented: HTMLMediaElement's pause() method
Not implemented: HTMLMediaElement's pause() method
[AQ] KO winner=ICE
[AQ] MODE_ENTER mode=ARSENAL_QUEST
[AQ] SPAWN_HEAL id=1 heal=HEAL_H1 restore=70
[AQ] KO winner=DRUM
[AQ] MODE_ENTER mode=ARSENAL_QUEST
[AQ] KO winner=RUBBER
[AQ] MODE_ENTER mode=ARSENAL_QUEST
[AQ] KO winner=HERO
PASS  rev2-quest-showmap-export  — {"show":true,"mapOpen":true,"req":{"ok":true,"started":false,"pending":{"n":1,"opponent":"PAINTER"}},"gsAfterReq":"SELECT","pending":{"n":1,"opponent":"PAINTER"},"p1AfterReq":"ROBOT","confirmed":{"ok":true,"n":1,"opponent":"PAINTER","live":"PAINTER","p1":"ICE"},"p1":"ICE","p2":"PAINTER","stage":1,"winActs":{"mode":"quest-win","actions":["NEXT","REPLAY","QUEST MAP"],"stage":1},"next":{"ok":true,"n":2,"opponent":"DRUM","live":"DRUM","p1":"ICE"},"p2b":"DRUM","st2":2,"lossActs":{"mode":"quest-loss","actions":["RETRY","QUEST MAP"],"stage":2},"s20":{"ok":true,"n":20,"opponent":"MONK","live":"KUNGFU","p1":"RUBBER"},"win20":{"mode":"quest-win","actions":["REPLAY","QUEST MAP"],"stage":20},"free":{"mode":"freeplay","actions":["REMATCH","MENU"]}}
PASS  rev2-quest-stage-click-not-newbie  — {"show":true,"mapOpen":true,"req":{"ok":true,"started":false,"pending":{"n":1,"opponent":"PAINTER"}},"gsAfterReq":"SELECT","pending":{"n":1,"opponent":"PAINTER"},"p1AfterReq":"ROBOT","confirmed":{"ok":true,"n":1,"opponent":"PAINTER","live":"PAINTER","p1":"ICE"},"p1":"ICE","p2":"PAINTER","stage":1,"winActs":{"mode":"quest-win","actions":["NEXT","REPLAY","QUEST MAP"],"stage":1},"next":{"ok":true,"n":2,"opponent":"DRUM","live":"DRUM","p1":"ICE"},"p2b":"DRUM","st2":2,"lossActs":{"mode":"quest-loss","actions":["RETRY","QUEST MAP"],"stage":2},"s20":{"ok":true,"n":20,"opponent":"MONK","live":"KUNGFU","p1":"RUBBER"},"win20":{"mode":"quest-win","actions":["REPLAY","QUEST MAP"],"stage":20},"free":{"mode":"freeplay","actions":["REMATCH","MENU"]}}
PASS  rev2-quest-confirm-p1-ice-vs-painter  — {"show":true,"mapOpen":true,"req":{"ok":true,"started":false,"pending":{"n":1,"opponent":"PAINTER"}},"gsAfterReq":"SELECT","pending":{"n":1,"opponent":"PAINTER"},"p1AfterReq":"ROBOT","confirmed":{"ok":true,"n":1,"opponent":"PAINTER","live":"PAINTER","p1":"ICE"},"p1":"ICE","p2":"PAINTER","stage":1,"winActs":{"mode":"quest-win","actions":["NEXT","REPLAY","QUEST MAP"],"stage":1},"next":{"ok":true,"n":2,"opponent":"DRUM","live":"DRUM","p1":"ICE"},"p2b":"DRUM","st2":2,"lossActs":{"mode":"quest-loss","actions":["RETRY","QUEST MAP"],"stage":2},"s20":{"ok":true,"n":20,"opponent":"MONK","live":"KUNGFU","p1":"RUBBER"},"win20":{"mode":"quest-win","actions":["REPLAY","QUEST MAP"],"stage":20},"free":{"mode":"freeplay","actions":["REMATCH","MENU"]}}
PASS  rev2-quest-win-actions  — {"mode":"quest-win","actions":["NEXT","REPLAY","QUEST MAP"],"stage":1}
PASS  rev2-quest-next-stage-2-drum  — {"show":true,"mapOpen":true,"req":{"ok":true,"started":false,"pending":{"n":1,"opponent":"PAINTER"}},"gsAfterReq":"SELECT","pending":{"n":1,"opponent":"PAINTER"},"p1AfterReq":"ROBOT","confirmed":{"ok":true,"n":1,"opponent":"PAINTER","live":"PAINTER","p1":"ICE"},"p1":"ICE","p2":"PAINTER","stage":1,"winActs":{"mode":"quest-win","actions":["NEXT","REPLAY","QUEST MAP"],"stage":1},"next":{"ok":true,"n":2,"opponent":"DRUM","live":"DRUM","p1":"ICE"},"p2b":"DRUM","st2":2,"lossActs":{"mode":"quest-loss","actions":["RETRY","QUEST MAP"],"stage":2},"s20":{"ok":true,"n":20,"opponent":"MONK","live":"KUNGFU","p1":"RUBBER"},"win20":{"mode":"quest-win","actions":["REPLAY","QUEST MAP"],"stage":20},"free":{"mode":"freeplay","actions":["REMATCH","MENU"]}}
PASS  rev2-quest-loss-actions  — {"mode":"quest-loss","actions":["RETRY","QUEST MAP"],"stage":2}
PASS  rev2-quest-stage20-no-next  — {"mode":"quest-win","actions":["REPLAY","QUEST MAP"],"stage":20}
PASS  rev2-quest-freeplay-result-unchanged  — {"mode":"freeplay","actions":["REMATCH","MENU"]}
[AQ] MODE_ENTER mode=ARSENAL_QUEST
[AQ] SPAWN_SLOT id=1 x=182 y=105 lead=2.00
[AQ] KO winner=HERO
PASS  rev2-perf-pass1-api  — {"api":true,"globalApi":false,"buildsA":1,"drawsA":138,"buildsB":1,"drawsB":139,"hitsB":138,"usedCache":true,"afterSink":0,"skillWrites":1,"debugWrites":12,"winWrites":1,"winWritesBefore":0,"sections":["arsenalFrame","arsenalVfxDraw","background","chamber","foreground","foregroundTotal","hud","pickupDraw","simulation","stormVfxDraw"],"peaks":{"slots":5,"particles":322,"shockwaves":7,"aqProjectiles":13,"projectiles":13,"arsenalVfx":23,"detachedWeapons":2,"stormBolts":26,"stormSparks":72},"size":1000}
PASS  rev2-perf-pass1-chamber-cache  — {"api":true,"globalApi":false,"buildsA":1,"drawsA":138,"buildsB":1,"drawsB":139,"hitsB":138,"usedCache":true,"afterSink":0,"skillWrites":1,"debugWrites":12,"winWrites":1,"winWritesBefore":0,"sections":["arsenalFrame","arsenalVfxDraw","background","chamber","foreground","foregroundTotal","hud","pickupDraw","simulation","stormVfxDraw"],"peaks":{"slots":5,"particles":322,"shockwaves":7,"aqProjectiles":13,"projectiles":13,"arsenalVfx":23,"detachedWeapons":2,"stormBolts":26,"stormSparks":72},"size":1000}
PASS  rev2-perf-pass1-floating-text-sink  — {"api":true,"globalApi":false,"buildsA":1,"drawsA":138,"buildsB":1,"drawsB":139,"hitsB":138,"usedCache":true,"afterSink":0,"skillWrites":1,"debugWrites":12,"winWrites":1,"winWritesBefore":0,"sections":["arsenalFrame","arsenalVfxDraw","background","chamber","foreground","foregroundTotal","hud","pickupDraw","simulation","stormVfxDraw"],"peaks":{"slots":5,"particles":322,"shockwaves":7,"aqProjectiles":13,"projectiles":13,"arsenalVfx":23,"detachedWeapons":2,"stormBolts":26,"stormSparks":72},"size":1000}
PASS  rev2-perf-pass1-hud-win-once  — {"api":true,"globalApi":false,"buildsA":1,"drawsA":138,"buildsB":1,"drawsB":139,"hitsB":138,"usedCache":true,"afterSink":0,"skillWrites":1,"debugWrites":12,"winWrites":1,"winWritesBefore":0,"sections":["arsenalFrame","arsenalVfxDraw","background","chamber","foreground","foregroundTotal","hud","pickupDraw","simulation","stormVfxDraw"],"peaks":{"slots":5,"particles":322,"shockwaves":7,"aqProjectiles":13,"projectiles":13,"arsenalVfx":23,"detachedWeapons":2,"stormBolts":26,"stormSparks":72},"size":1000}
PASS  rev2-perf-pass1-sections  — ["arsenalFrame","arsenalVfxDraw","background","chamber","foreground","foregroundTotal","hud","pickupDraw","simulation","stormVfxDraw"]
[AQ] MODE_ENTER mode=ARSENAL_QUEST
[AQ] SPAWN_SLOT id=1 x=412 y=99 lead=2.00
PASS  feel-runtime-ready  — {"feelReady":true,"stampsGrew":true,"pop1":"12","autoTexts":["12","12"],"sg":["12","12","16"],"missText":"MISS","missBad":false,"numericOnMiss":0,"stain":true,"chamberBuilds":1,"sgReady":{"weapon":"SHOTGUN","cue":"pickup_shotgun","rel":"sfx/feel/pickup_shotgun.mp3"},"snReady":{"weapon":"SNIPER","cue":"pickup_sniper","rel":"sfx/feel/pickup_sniper.mp3"},"pReady":{"weapon":"PISTOL","cue":"pickup_pistol","rel":"sfx/feel/pickup_pistol.mp3"},"akReady":{"weapon":"AK_47","cue":"pickup_rifle_ak","rel":"sfx/feel/rifle_take_01.mp3"},"z15":{"weapon":"ZBROYAR_Z15","cue":"pickup_rifle_z15","rel":"sfx/feel/rifle_take_04.mp3"},"z15s":{"weapon":"ZBROYAR_Z15_S2","cue":"pickup_rifle_z15","rel":"sfx/feel/rifle_take_04.mp3"},"macReady":{"weapon":"MAC_10","cue":"pickup_smg_mac10","rel":"sfx/feel/rifle_take_05.mp3"},"lastShell":{"key":"shotgun_shell_land","rel":"sfx/feel/shell_02.mp3","shotgun":true},"atlasSrc":"/assets/arsenal/feel/damage/damage1.png","healFiles":["/assets/arsenal/feel/heals/runtime/heal_t1_field_dressing.png","/assets/arsenal/feel/heals/runtime/heal_t2_medication.png","/assets/arsenal/feel/heals/runtime/heal_t3_autoinjector.png","/assets/arsenal/feel/heals/runtime/heal_t4_iv_pack.png","/assets/arsenal/feel/heals/runtime/heal_t5_trauma_case.webp"],"lands0":2,"landsMid":2,"lands1":3,"lands2":3,"lastCasing":{"key":"casing_land","rel":"sfx/feel/casing_02.mp3","shotgun":false},"healEnabled":true,"healIds":["HEAL_H1","HEAL_H2","HEAL_H3","HEAL_H4","HEAL_H5"],"healRestores":[70,126,196,280,385],"organic":531,"dmgPal":"#F2382F","lastPalette":"#F2382F","floating":0}
PASS  feel-splatter-on-real-damage  — {"feelReady":true,"stampsGrew":true,"pop1":"12","autoTexts":["12","12"],"sg":["12","12","16"],"missText":"MISS","missBad":false,"numericOnMiss":0,"stain":true,"chamberBuilds":1,"sgReady":{"weapon":"SHOTGUN","cue":"pickup_shotgun","rel":"sfx/feel/pickup_shotgun.mp3"},"snReady":{"weapon":"SNIPER","cue":"pickup_sniper","rel":"sfx/feel/pickup_sniper.mp3"},"pReady":{"weapon":"PISTOL","cue":"pickup_pistol","rel":"sfx/feel/pickup_pistol.mp3"},"akReady":{"weapon":"AK_47","cue":"pickup_rifle_ak","rel":"sfx/feel/rifle_take_01.mp3"},"z15":{"weapon":"ZBROYAR_Z15","cue":"pickup_rifle_z15","rel":"sfx/feel/rifle_take_04.mp3"},"z15s":{"weapon":"ZBROYAR_Z15_S2","cue":"pickup_rifle_z15","rel":"sfx/feel/rifle_take_04.mp3"},"macReady":{"weapon":"MAC_10","cue":"pickup_smg_mac10","rel":"sfx/feel/rifle_take_05.mp3"},"lastShell":{"key":"shotgun_shell_land","rel":"sfx/feel/shell_02.mp3","shotgun":true},"atlasSrc":"/assets/arsenal/feel/damage/damage1.png","healFiles":["/assets/arsenal/feel/heals/runtime/heal_t1_field_dressing.png","/assets/arsenal/feel/heals/runtime/heal_t2_medication.png","/assets/arsenal/feel/heals/runtime/heal_t3_autoinjector.png","/assets/arsenal/feel/heals/runtime/heal_t4_iv_pack.png","/assets/arsenal/feel/heals/runtime/heal_t5_trauma_case.webp"],"lands0":2,"landsMid":2,"lands1":3,"lands2":3,"lastCasing":{"key":"casing_land","rel":"sfx/feel/casing_02.mp3","shotgun":false},"healEnabled":true,"healIds":["HEAL_H1","HEAL_H2","HEAL_H3","HEAL_H4","HEAL_H5"],"healRestores":[70,126,196,280,385],"organic":531,"dmgPal":"#F2382F","lastPalette":"#F2382F","floating":0}
PASS  feel-miss-text-only  — {"feelReady":true,"stampsGrew":true,"pop1":"12","autoTexts":["12","12"],"sg":["12","12","16"],"missText":"MISS","missBad":false,"numericOnMiss":0,"stain":true,"chamberBuilds":1,"sgReady":{"weapon":"SHOTGUN","cue":"pickup_shotgun","rel":"sfx/feel/pickup_shotgun.mp3"},"snReady":{"weapon":"SNIPER","cue":"pickup_sniper","rel":"sfx/feel/pickup_sniper.mp3"},"pReady":{"weapon":"PISTOL","cue":"pickup_pistol","rel":"sfx/feel/pickup_pistol.mp3"},"akReady":{"weapon":"AK_47","cue":"pickup_rifle_ak","rel":"sfx/feel/rifle_take_01.mp3"},"z15":{"weapon":"ZBROYAR_Z15","cue":"pickup_rifle_z15","rel":"sfx/feel/rifle_take_04.mp3"},"z15s":{"weapon":"ZBROYAR_Z15_S2","cue":"pickup_rifle_z15","rel":"sfx/feel/rifle_take_04.mp3"},"macReady":{"weapon":"MAC_10","cue":"pickup_smg_mac10","rel":"sfx/feel/rifle_take_05.mp3"},"lastShell":{"key":"shotgun_shell_land","rel":"sfx/feel/shell_02.mp3","shotgun":true},"atlasSrc":"/assets/arsenal/feel/damage/damage1.png","healFiles":["/assets/arsenal/feel/heals/runtime/heal_t1_field_dressing.png","/assets/arsenal/feel/heals/runtime/heal_t2_medication.png","/assets/arsenal/feel/heals/runtime/heal_t3_autoinjector.png","/assets/arsenal/feel/heals/runtime/heal_t4_iv_pack.png","/assets/arsenal/feel/heals/runtime/heal_t5_trauma_case.webp"],"lands0":2,"landsMid":2,"lands1":3,"lands2":3,"lastCasing":{"key":"casing_land","rel":"sfx/feel/casing_02.mp3","shotgun":false},"healEnabled":true,"healIds":["HEAL_H1","HEAL_H2","HEAL_H3","HEAL_H4","HEAL_H5"],"healRestores":[70,126,196,280,385],"organic":531,"dmgPal":"#F2382F","lastPalette":"#F2382F","floating":0}
PASS  feel-shotgun-pickup-real-file  — {"weapon":"SHOTGUN","cue":"pickup_shotgun","rel":"sfx/feel/pickup_shotgun.mp3"}
PASS  feel-sniper-pickup-chamber  — {"weapon":"SNIPER","cue":"pickup_sniper","rel":"sfx/feel/pickup_sniper.mp3"}
PASS  feel-pistol-pickup-ready  — {"weapon":"PISTOL","cue":"pickup_pistol","rel":"sfx/feel/pickup_pistol.mp3"}
PASS  feel-rifle-pickup-derived  — {"ak":{"weapon":"AK_47","cue":"pickup_rifle_ak","rel":"sfx/feel/rifle_take_01.mp3"},"mac":{"weapon":"MAC_10","cue":"pickup_smg_mac10","rel":"sfx/feel/rifle_take_05.mp3"},"z15":{"weapon":"ZBROYAR_Z15","cue":"pickup_rifle_z15","rel":"sfx/feel/rifle_take_04.mp3"},"z15s":{"weapon":"ZBROYAR_Z15_S2","cue":"pickup_rifle_z15","rel":"sfx/feel/rifle_take_04.mp3"}}
PASS  feel-casing-land-once  — {"feelReady":true,"stampsGrew":true,"pop1":"12","autoTexts":["12","12"],"sg":["12","12","16"],"missText":"MISS","missBad":false,"numericOnMiss":0,"stain":true,"chamberBuilds":1,"sgReady":{"weapon":"SHOTGUN","cue":"pickup_shotgun","rel":"sfx/feel/pickup_shotgun.mp3"},"snReady":{"weapon":"SNIPER","cue":"pickup_sniper","rel":"sfx/feel/pickup_sniper.mp3"},"pReady":{"weapon":"PISTOL","cue":"pickup_pistol","rel":"sfx/feel/pickup_pistol.mp3"},"akReady":{"weapon":"AK_47","cue":"pickup_rifle_ak","rel":"sfx/feel/rifle_take_01.mp3"},"z15":{"weapon":"ZBROYAR_Z15","cue":"pickup_rifle_z15","rel":"sfx/feel/rifle_take_04.mp3"},"z15s":{"weapon":"ZBROYAR_Z15_S2","cue":"pickup_rifle_z15","rel":"sfx/feel/rifle_take_04.mp3"},"macReady":{"weapon":"MAC_10","cue":"pickup_smg_mac10","rel":"sfx/feel/rifle_take_05.mp3"},"lastShell":{"key":"shotgun_shell_land","rel":"sfx/feel/shell_02.mp3","shotgun":true},"atlasSrc":"/assets/arsenal/feel/damage/damage1.png","healFiles":["/assets/arsenal/feel/heals/runtime/heal_t1_field_dressing.png","/assets/arsenal/feel/heals/runtime/heal_t2_medication.png","/assets/arsenal/feel/heals/runtime/heal_t3_autoinjector.png","/assets/arsenal/feel/heals/runtime/heal_t4_iv_pack.png","/assets/arsenal/feel/heals/runtime/heal_t5_trauma_case.webp"],"lands0":2,"landsMid":2,"lands1":3,"lands2":3,"lastCasing":{"key":"casing_land","rel":"sfx/feel/casing_02.mp3","shotgun":false},"healEnabled":true,"healIds":["HEAL_H1","HEAL_H2","HEAL_H3","HEAL_H4","HEAL_H5"],"healRestores":[70,126,196,280,385],"organic":531,"dmgPal":"#F2382F","lastPalette":"#F2382F","floating":0}
PASS  feel-shotgun-shell-land-source  — {"key":"shotgun_shell_land","rel":"sfx/feel/shell_02.mp3","shotgun":true}
PASS  feel-heal-runtime-files  — ["/assets/arsenal/feel/heals/runtime/heal_t1_field_dressing.png","/assets/arsenal/feel/heals/runtime/heal_t2_medication.png","/assets/arsenal/feel/heals/runtime/heal_t3_autoinjector.png","/assets/arsenal/feel/heals/runtime/heal_t4_iv_pack.png","/assets/arsenal/feel/heals/runtime/heal_t5_trauma_case.webp"]
PASS  feel-heal-values-authorized  — {"feelReady":true,"stampsGrew":true,"pop1":"12","autoTexts":["12","12"],"sg":["12","12","16"],"missText":"MISS","missBad":false,"numericOnMiss":0,"stain":true,"chamberBuilds":1,"sgReady":{"weapon":"SHOTGUN","cue":"pickup_shotgun","rel":"sfx/feel/pickup_shotgun.mp3"},"snReady":{"weapon":"SNIPER","cue":"pickup_sniper","rel":"sfx/feel/pickup_sniper.mp3"},"pReady":{"weapon":"PISTOL","cue":"pickup_pistol","rel":"sfx/feel/pickup_pistol.mp3"},"akReady":{"weapon":"AK_47","cue":"pickup_rifle_ak","rel":"sfx/feel/rifle_take_01.mp3"},"z15":{"weapon":"ZBROYAR_Z15","cue":"pickup_rifle_z15","rel":"sfx/feel/rifle_take_04.mp3"},"z15s":{"weapon":"ZBROYAR_Z15_S2","cue":"pickup_rifle_z15","rel":"sfx/feel/rifle_take_04.mp3"},"macReady":{"weapon":"MAC_10","cue":"pickup_smg_mac10","rel":"sfx/feel/rifle_take_05.mp3"},"lastShell":{"key":"shotgun_shell_land","rel":"sfx/feel/shell_02.mp3","shotgun":true},"atlasSrc":"/assets/arsenal/feel/damage/damage1.png","healFiles":["/assets/arsenal/feel/heals/runtime/heal_t1_field_dressing.png","/assets/arsenal/feel/heals/runtime/heal_t2_medication.png","/assets/arsenal/feel/heals/runtime/heal_t3_autoinjector.png","/assets/arsenal/feel/heals/runtime/heal_t4_iv_pack.png","/assets/arsenal/feel/heals/runtime/heal_t5_trauma_case.webp"],"lands0":2,"landsMid":2,"lands1":3,"lands2":3,"lastCasing":{"key":"casing_land","rel":"sfx/feel/casing_02.mp3","shotgun":false},"healEnabled":true,"healIds":["HEAL_H1","HEAL_H2","HEAL_H3","HEAL_H4","HEAL_H5"],"healRestores":[70,126,196,280,385],"organic":531,"dmgPal":"#F2382F","lastPalette":"#F2382F","floating":0}
PASS  feel-splatter-organic-mask  — {"feelReady":true,"stampsGrew":true,"pop1":"12","autoTexts":["12","12"],"sg":["12","12","16"],"missText":"MISS","missBad":false,"numericOnMiss":0,"stain":true,"chamberBuilds":1,"sgReady":{"weapon":"SHOTGUN","cue":"pickup_shotgun","rel":"sfx/feel/pickup_shotgun.mp3"},"snReady":{"weapon":"SNIPER","cue":"pickup_sniper","rel":"sfx/feel/pickup_sniper.mp3"},"pReady":{"weapon":"PISTOL","cue":"pickup_pistol","rel":"sfx/feel/pickup_pistol.mp3"},"akReady":{"weapon":"AK_47","cue":"pickup_rifle_ak","rel":"sfx/feel/rifle_take_01.mp3"},"z15":{"weapon":"ZBROYAR_Z15","cue":"pickup_rifle_z15","rel":"sfx/feel/rifle_take_04.mp3"},"z15s":{"weapon":"ZBROYAR_Z15_S2","cue":"pickup_rifle_z15","rel":"sfx/feel/rifle_take_04.mp3"},"macReady":{"weapon":"MAC_10","cue":"pickup_smg_mac10","rel":"sfx/feel/rifle_take_05.mp3"},"lastShell":{"key":"shotgun_shell_land","rel":"sfx/feel/shell_02.mp3","shotgun":true},"atlasSrc":"/assets/arsenal/feel/damage/damage1.png","healFiles":["/assets/arsenal/feel/heals/runtime/heal_t1_field_dressing.png","/assets/arsenal/feel/heals/runtime/heal_t2_medication.png","/assets/arsenal/feel/heals/runtime/heal_t3_autoinjector.png","/assets/arsenal/feel/heals/runtime/heal_t4_iv_pack.png","/assets/arsenal/feel/heals/runtime/heal_t5_trauma_case.webp"],"lands0":2,"landsMid":2,"lands1":3,"lands2":3,"lastCasing":{"key":"casing_land","rel":"sfx/feel/casing_02.mp3","shotgun":false},"healEnabled":true,"healIds":["HEAL_H1","HEAL_H2","HEAL_H3","HEAL_H4","HEAL_H5"],"healRestores":[70,126,196,280,385],"organic":531,"dmgPal":"#F2382F","lastPalette":"#F2382F","floating":0}
PASS  feel-damage-palette-vermilion  — {"feelReady":true,"stampsGrew":true,"pop1":"12","autoTexts":["12","12"],"sg":["12","12","16"],"missText":"MISS","missBad":false,"numericOnMiss":0,"stain":true,"chamberBuilds":1,"sgReady":{"weapon":"SHOTGUN","cue":"pickup_shotgun","rel":"sfx/feel/pickup_shotgun.mp3"},"snReady":{"weapon":"SNIPER","cue":"pickup_sniper","rel":"sfx/feel/pickup_sniper.mp3"},"pReady":{"weapon":"PISTOL","cue":"pickup_pistol","rel":"sfx/feel/pickup_pistol.mp3"},"akReady":{"weapon":"AK_47","cue":"pickup_rifle_ak","rel":"sfx/feel/rifle_take_01.mp3"},"z15":{"weapon":"ZBROYAR_Z15","cue":"pickup_rifle_z15","rel":"sfx/feel/rifle_take_04.mp3"},"z15s":{"weapon":"ZBROYAR_Z15_S2","cue":"pickup_rifle_z15","rel":"sfx/feel/rifle_take_04.mp3"},"macReady":{"weapon":"MAC_10","cue":"pickup_smg_mac10","rel":"sfx/feel/rifle_take_05.mp3"},"lastShell":{"key":"shotgun_shell_land","rel":"sfx/feel/shell_02.mp3","shotgun":true},"atlasSrc":"/assets/arsenal/feel/damage/damage1.png","healFiles":["/assets/arsenal/feel/heals/runtime/heal_t1_field_dressing.png","/assets/arsenal/feel/heals/runtime/heal_t2_medication.png","/assets/arsenal/feel/heals/runtime/heal_t3_autoinjector.png","/assets/arsenal/feel/heals/runtime/heal_t4_iv_pack.png","/assets/arsenal/feel/heals/runtime/heal_t5_trauma_case.webp"],"lands0":2,"landsMid":2,"lands1":3,"lands2":3,"lastCasing":{"key":"casing_land","rel":"sfx/feel/casing_02.mp3","shotgun":false},"healEnabled":true,"healIds":["HEAL_H1","HEAL_H2","HEAL_H3","HEAL_H4","HEAL_H5"],"healRestores":[70,126,196,280,385],"organic":531,"dmgPal":"#F2382F","lastPalette":"#F2382F","floating":0}
PASS  feel-floating-text-still-sunk  — {"feelReady":true,"stampsGrew":true,"pop1":"12","autoTexts":["12","12"],"sg":["12","12","16"],"missText":"MISS","missBad":false,"numericOnMiss":0,"stain":true,"chamberBuilds":1,"sgReady":{"weapon":"SHOTGUN","cue":"pickup_shotgun","rel":"sfx/feel/pickup_shotgun.mp3"},"snReady":{"weapon":"SNIPER","cue":"pickup_sniper","rel":"sfx/feel/pickup_sniper.mp3"},"pReady":{"weapon":"PISTOL","cue":"pickup_pistol","rel":"sfx/feel/pickup_pistol.mp3"},"akReady":{"weapon":"AK_47","cue":"pickup_rifle_ak","rel":"sfx/feel/rifle_take_01.mp3"},"z15":{"weapon":"ZBROYAR_Z15","cue":"pickup_rifle_z15","rel":"sfx/feel/rifle_take_04.mp3"},"z15s":{"weapon":"ZBROYAR_Z15_S2","cue":"pickup_rifle_z15","rel":"sfx/feel/rifle_take_04.mp3"},"macReady":{"weapon":"MAC_10","cue":"pickup_smg_mac10","rel":"sfx/feel/rifle_take_05.mp3"},"lastShell":{"key":"shotgun_shell_land","rel":"sfx/feel/shell_02.mp3","shotgun":true},"atlasSrc":"/assets/arsenal/feel/damage/damage1.png","healFiles":["/assets/arsenal/feel/heals/runtime/heal_t1_field_dressing.png","/assets/arsenal/feel/heals/runtime/heal_t2_medication.png","/assets/arsenal/feel/heals/runtime/heal_t3_autoinjector.png","/assets/arsenal/feel/heals/runtime/heal_t4_iv_pack.png","/assets/arsenal/feel/heals/runtime/heal_t5_trauma_case.webp"],"lands0":2,"landsMid":2,"lands1":3,"lands2":3,"lastCasing":{"key":"casing_land","rel":"sfx/feel/casing_02.mp3","shotgun":false},"healEnabled":true,"healIds":["HEAL_H1","HEAL_H2","HEAL_H3","HEAL_H4","HEAL_H5"],"healRestores":[70,126,196,280,385],"organic":531,"dmgPal":"#F2382F","lastPalette":"#F2382F","floating":0}
[AQ] MODE_ENTER mode=ARSENAL_QUEST
PASS  smooth-rarity-cache-reuse  — {"b0":3,"b1":4,"b2":4,"d":7,"h":3,"reuse":true}
[AQ] MODE_ENTER mode=ARSENAL_QUEST
[AQ] SPAWN_HEAL id=1 heal=HEAL_H3 restore=196
[AQ] REJECT_HEAL fighter=RIVAL id=1 reason=full-health
[AQ] PICKUP_HEAL id=1 fighter=HERO restore=196
PASS  heal-no-spawn-at-full  — {"noneAtFull":0,"spawned":1,"healId":"HEAL_H3","offCap":0,"still":1,"hpFull":1000,"hpAfter":896,"pops":["+196"],"cd":9,"noSecond":0,"hud":"896.0 / 1000","healed":196,"organic":531}
PASS  heal-spawns-when-injured  — {"noneAtFull":0,"spawned":1,"healId":"HEAL_H3","offCap":0,"still":1,"hpFull":1000,"hpAfter":896,"pops":["+196"],"cd":9,"noSecond":0,"hud":"896.0 / 1000","healed":196,"organic":531}
PASS  heal-does-not-consume-offensive-cap  — {"noneAtFull":0,"spawned":1,"healId":"HEAL_H3","offCap":0,"still":1,"hpFull":1000,"hpAfter":896,"pops":["+196"],"cd":9,"noSecond":0,"hud":"896.0 / 1000","healed":196,"organic":531}
PASS  heal-full-health-cannot-consume  — {"noneAtFull":0,"spawned":1,"healId":"HEAL_H3","offCap":0,"still":1,"hpFull":1000,"hpAfter":896,"pops":["+196"],"cd":9,"noSecond":0,"hud":"896.0 / 1000","healed":196,"organic":531}
PASS  heal-clamped-restore-and-popup  — {"noneAtFull":0,"spawned":1,"healId":"HEAL_H3","offCap":0,"still":1,"hpFull":1000,"hpAfter":896,"pops":["+196"],"cd":9,"noSecond":0,"hud":"896.0 / 1000","healed":196,"organic":531}
PASS  heal-hud-and-healingDone  — {"noneAtFull":0,"spawned":1,"healId":"HEAL_H3","offCap":0,"still":1,"hpFull":1000,"hpAfter":896,"pops":["+196"],"cd":9,"noSecond":0,"hud":"896.0 / 1000","healed":196,"organic":531}
PASS  heal-cooldown-blocks-second  — {"noneAtFull":0,"spawned":1,"healId":"HEAL_H3","offCap":0,"still":1,"hpFull":1000,"hpAfter":896,"pops":["+196"],"cd":9,"noSecond":0,"hud":"896.0 / 1000","healed":196,"organic":531}
PASS  atlas-normal-fill-and-edge-pixels  — {"fillHits":3998,"edgeHits":955,"opaque":5134,"fill":"#F2382F","edge":"#5A0C09","w":104,"h":184}
PASS  atlas-miss-slate-and-light-halo  — {"fillHits":17439,"edgeHits":8476,"opaque":28260,"fill":"#465361","edge":"#E8EEF4","w":317,"h":184}
PASS  chamber-midtone-graphite  — {"pix":[92,99,107],"wall":[60,67,76],"builds":1}
[AQ] MODE_ENTER mode=ARSENAL_QUEST
[AQ] SPAWN_SLOT id=1 x=889 y=501 lead=2.00
Not implemented: HTMLMediaElement's pause() method
Not implemented: HTMLMediaElement's pause() method
Not implemented: HTMLMediaElement's pause() method
Not implemented: HTMLMediaElement's pause() method
Not implemented: HTMLMediaElement's pause() method
Not implemented: HTMLMediaElement's pause() method
Not implemented: HTMLMediaElement's pause() method
Not implemented: HTMLMediaElement's pause() method
Not implemented: HTMLMediaElement's pause() method
[AQ] REVEAL id=1 weapon=ZBROYAR_Z15_S3 eta=null lead=2.00 fighter=TIMEOUT force=true
[AQ] SPAWN_SLOT id=2 x=225 y=215 lead=2.00
[AQ] SPAWN_SLOT id=3 x=120 y=779 lead=2.00
PASS  both-unarmed-immediate-fresh  — {"afterImmediate":1,"timerAfter":4.483,"slotsAfter":1,"mid":1,"later":2,"afterOneArmed":2,"armedBefore":2,"retrigBefore":2,"retrigAfter":2,"retrigTimer":2.48,"sameBefore":2,"sameAfter":3,"koBefore":3,"koAfter":3,"t0":0.016666666666666666}
PASS  both-unarmed-timer-reset-3s  — {"afterImmediate":1,"timerAfter":4.483,"slotsAfter":1,"mid":1,"later":2,"afterOneArmed":2,"armedBefore":2,"retrigBefore":2,"retrigAfter":2,"retrigTimer":2.48,"sameBefore":2,"sameAfter":3,"koBefore":3,"koAfter":3,"t0":0.016666666666666666}
PASS  both-unarmed-no-spam  — {"afterImmediate":1,"timerAfter":4.483,"slotsAfter":1,"mid":1,"later":2,"afterOneArmed":2,"armedBefore":2,"retrigBefore":2,"retrigAfter":2,"retrigTimer":2.48,"sameBefore":2,"sameAfter":3,"koBefore":3,"koAfter":3,"t0":0.016666666666666666}
PASS  both-unarmed-next-cadence  — {"afterImmediate":1,"timerAfter":4.483,"slotsAfter":1,"mid":1,"later":2,"afterOneArmed":2,"armedBefore":2,"retrigBefore":2,"retrigAfter":2,"retrigTimer":2.48,"sameBefore":2,"sameAfter":3,"koBefore":3,"koAfter":3,"t0":0.016666666666666666}
PASS  both-unarmed-one-armed-no-fast  — {"afterImmediate":1,"timerAfter":4.483,"slotsAfter":1,"mid":1,"later":2,"afterOneArmed":2,"armedBefore":2,"retrigBefore":2,"retrigAfter":2,"retrigTimer":2.48,"sameBefore":2,"sameAfter":3,"koBefore":3,"koAfter":3,"t0":0.016666666666666666}
PASS  both-unarmed-retrigger  — {"afterImmediate":1,"timerAfter":4.483,"slotsAfter":1,"mid":1,"later":2,"afterOneArmed":2,"armedBefore":2,"retrigBefore":2,"retrigAfter":2,"retrigTimer":2.48,"sameBefore":2,"sameAfter":3,"koBefore":3,"koAfter":3,"t0":0.016666666666666666}
PASS  both-unarmed-same-tick-one  — {"afterImmediate":1,"timerAfter":4.483,"slotsAfter":1,"mid":1,"later":2,"afterOneArmed":2,"armedBefore":2,"retrigBefore":2,"retrigAfter":2,"retrigTimer":2.48,"sameBefore":2,"sameAfter":3,"koBefore":3,"koAfter":3,"t0":0.016666666666666666}
PASS  both-unarmed-no-post-ko  — {"afterImmediate":1,"timerAfter":4.483,"slotsAfter":1,"mid":1,"later":2,"afterOneArmed":2,"armedBefore":2,"retrigBefore":2,"retrigAfter":2,"retrigTimer":2.48,"sameBefore":2,"sameAfter":3,"koBefore":3,"koAfter":3,"t0":0.016666666666666666}
[AQ] MODE_ENTER mode=ARSENAL_QUEST
[AQ] SPAWN_SLOT id=1 x=657 y=310 lead=2.00
Not implemented: HTMLMediaElement's pause() method
Not implemented: HTMLMediaElement's pause() method
Not implemented: HTMLMediaElement's pause() method
Not implemented: HTMLMediaElement's pause() method
Not implemented: HTMLMediaElement's pause() method
Not implemented: HTMLMediaElement's pause() method
Not implemented: HTMLMediaElement's pause() method
Not implemented: HTMLMediaElement's pause() method
Not implemented: HTMLMediaElement's pause() method
[AQ] SPAWN_SLOT id=2 x=523 y=627 lead=2.00
[AQ] MELEE_DECIDE fighter=HERO weapon=SABRE decision=throw
[AQ] SPAWN_SLOT id=3 x=724 y=275 lead=2.00
[AQ] THROW fighter=HERO weapon=SABRE ricochets=3
[AQ] CONSUME fighter=HERO weapon=SABRE reason=thrown
PASS  v3-emergency-on-empty-ground  — {"first":1,"afterClear":1,"meleeDelta":1}
PASS  v3-emergency-if-melee-only  — {"first":1,"afterClear":1,"meleeDelta":1}
[AQ] MODE_ENTER mode=ARSENAL_QUEST
Not implemented: HTMLMediaElement's pause() method
Not implemented: HTMLMediaElement's pause() method
Not implemented: HTMLMediaElement's pause() method
Not implemented: HTMLMediaElement's pause() method
Not implemented: HTMLMediaElement's pause() method
Not implemented: HTMLMediaElement's pause() method
Not implemented: HTMLMediaElement's pause() method
Not implemented: HTMLMediaElement's pause() method
Not implemented: HTMLMediaElement's pause() method
[AQ] SPAWN_SLOT id=6 x=126 y=760 lead=2.00
PASS  both-unarmed-cap-no-illegal-slot  — {"cap":5,"filled":5,"spawned0":0,"spawned1":0,"spawned2":0,"spawned3":0,"spawned4":1,"spawned5":1,"afterTrigSlots":5,"afterHoldSlots":5,"afterFreeSlots":5,"timer0":2.4,"timer1":2.3833333333333333,"timer2":1.883333333333335,"timer4":4.483,"consumed1":false,"pending1":true,"consumed4":true,"pending4":false,"sup0":0,"sup1":0,"sup2":0,"events":0,"phasesHold":["w:TELEGRAPH","w:TELEGRAPH","w:TELEGRAPH","w:TELEGRAPH","w:TELEGRAPH"],"time":0.55}
PASS  both-unarmed-cap-timer-not-reset  — {"cap":5,"filled":5,"spawned0":0,"spawned1":0,"spawned2":0,"spawned3":0,"spawned4":1,"spawned5":1,"afterTrigSlots":5,"afterHoldSlots":5,"afterFreeSlots":5,"timer0":2.4,"timer1":2.3833333333333333,"timer2":1.883333333333335,"timer4":4.483,"consumed1":false,"pending1":true,"consumed4":true,"pending4":false,"sup0":0,"sup1":0,"sup2":0,"events":0,"phasesHold":["w:TELEGRAPH","w:TELEGRAPH","w:TELEGRAPH","w:TELEGRAPH","w:TELEGRAPH"],"time":0.55}
PASS  both-unarmed-cap-no-per-frame-suppress  — {"cap":5,"filled":5,"spawned0":0,"spawned1":0,"spawned2":0,"spawned3":0,"spawned4":1,"spawned5":1,"afterTrigSlots":5,"afterHoldSlots":5,"afterFreeSlots":5,"timer0":2.4,"timer1":2.3833333333333333,"timer2":1.883333333333335,"timer4":4.483,"consumed1":false,"pending1":true,"consumed4":true,"pending4":false,"sup0":0,"sup1":0,"sup2":0,"events":0,"phasesHold":["w:TELEGRAPH","w:TELEGRAPH","w:TELEGRAPH","w:TELEGRAPH","w:TELEGRAPH"],"time":0.55}
PASS  both-unarmed-cap-pending-then-one  — {"cap":5,"filled":5,"spawned0":0,"spawned1":0,"spawned2":0,"spawned3":0,"spawned4":1,"spawned5":1,"afterTrigSlots":5,"afterHoldSlots":5,"afterFreeSlots":5,"timer0":2.4,"timer1":2.3833333333333333,"timer2":1.883333333333335,"timer4":4.483,"consumed1":false,"pending1":true,"consumed4":true,"pending4":false,"sup0":0,"sup1":0,"sup2":0,"events":0,"phasesHold":["w:TELEGRAPH","w:TELEGRAPH","w:TELEGRAPH","w:TELEGRAPH","w:TELEGRAPH"],"time":0.55}
[AQ] MODE_ENTER mode=ARSENAL_QUEST
[AQ] HIT source=HERO target=RIVAL weapon=PISTOL damage=31.5
[AQ] HIT source=HERO target=RIVAL weapon=PISTOL damage=47.3
[AQ] HIT source=HERO target=RIVAL weapon=SABRE damage=84.0
[AQ] HIT source=HERO target=RIVAL weapon=AK_47 damage=7.0
PASS  v3-match-hp-1000  — {"hp":1000,"scale":7,"pistol":31.5,"pistolCrit":47.25,"melee":84,"native":6.5,"spawnSame":true,"chance":0.32,"authoredPistol":4.5,"authoredSniper":38,"authoredGrenade":20,"authoredSmg":2.25,"authoredShotgunPellet":2}
PASS  v3-authored-pistol-4.5  — {"hp":1000,"scale":7,"pistol":31.5,"pistolCrit":47.25,"melee":84,"native":6.5,"spawnSame":true,"chance":0.32,"authoredPistol":4.5,"authoredSniper":38,"authoredGrenade":20,"authoredSmg":2.25,"authoredShotgunPellet":2}
PASS  v3-authored-sniper-38  — {"hp":1000,"scale":7,"pistol":31.5,"pistolCrit":47.25,"melee":84,"native":6.5,"spawnSame":true,"chance":0.32,"authoredPistol":4.5,"authoredSniper":38,"authoredGrenade":20,"authoredSmg":2.25,"authoredShotgunPellet":2}
PASS  v3-authored-grenade-20  — {"hp":1000,"scale":7,"pistol":31.5,"pistolCrit":47.25,"melee":84,"native":6.5,"spawnSame":true,"chance":0.32,"authoredPistol":4.5,"authoredSniper":38,"authoredGrenade":20,"authoredSmg":2.25,"authoredShotgunPellet":2}
PASS  v3-identity-smg-shotgun  — {"hp":1000,"scale":7,"pistol":31.5,"pistolCrit":47.25,"melee":84,"native":6.5,"spawnSame":true,"chance":0.32,"authoredPistol":4.5,"authoredSniper":38,"authoredGrenade":20,"authoredSmg":2.25,"authoredShotgunPellet":2}
PASS  v3-pistol-x7  — {"hp":1000,"scale":7,"pistol":31.5,"pistolCrit":47.25,"melee":84,"native":6.5,"spawnSame":true,"chance":0.32,"authoredPistol":4.5,"authoredSniper":38,"authoredGrenade":20,"authoredSmg":2.25,"authoredShotgunPellet":2}
PASS  v3-pistol-crit-x150  — {"hp":1000,"scale":7,"pistol":31.5,"pistolCrit":47.25,"melee":84,"native":6.5,"spawnSame":true,"chance":0.32,"authoredPistol":4.5,"authoredSniper":38,"authoredGrenade":20,"authoredSmg":2.25,"authoredShotgunPellet":2}
PASS  v3-melee-x7-no-crit  — {"hp":1000,"scale":7,"pistol":31.5,"pistolCrit":47.25,"melee":84,"native":6.5,"spawnSame":true,"chance":0.32,"authoredPistol":4.5,"authoredSniper":38,"authoredGrenade":20,"authoredSmg":2.25,"authoredShotgunPellet":2}
PASS  v3-native-not-x7  — {"hp":1000,"scale":7,"pistol":31.5,"pistolCrit":47.25,"melee":84,"native":6.5,"spawnSame":true,"chance":0.32,"authoredPistol":4.5,"authoredSniper":38,"authoredGrenade":20,"authoredSmg":2.25,"authoredShotgunPellet":2}
PASS  v3-crit-rng-isolated  — {"hp":1000,"scale":7,"pistol":31.5,"pistolCrit":47.25,"melee":84,"native":6.5,"spawnSame":true,"chance":0.32,"authoredPistol":4.5,"authoredSniper":38,"authoredGrenade":20,"authoredSmg":2.25,"authoredShotgunPellet":2}
PASS  v3-gun-longside-table  — {"minL":124,"maxL":188,"pistolLong":126,"snLong":188,"useWorld":false,"kinds":["dmg","crit","crit","dmg","dmg","dmg","crit","heal"],"pal":{"dmg":{"fill":"#F2382F","edge":"#5A0C09"},"crit":{"fill":"#FF8A24","edge":"#5A2700"},"heal":{"fill":"#37D96B","edge":"#063D1D"},"miss":{"fill":"#465361","edge":"#E8EEF4"}},"bands":["XS","S","M","L","XL","XXL"],"muted":false,"blood":[142,14,24]}
PASS  v3-popup-kinds  — {"minL":124,"maxL":188,"pistolLong":126,"snLong":188,"useWorld":false,"kinds":["dmg","crit","crit","dmg","dmg","dmg","crit","heal"],"pal":{"dmg":{"fill":"#F2382F","edge":"#5A0C09"},"crit":{"fill":"#FF8A24","edge":"#5A2700"},"heal":{"fill":"#37D96B","edge":"#063D1D"},"miss":{"fill":"#465361","edge":"#E8EEF4"}},"bands":["XS","S","M","L","XL","XXL"],"muted":false,"blood":[142,14,24]}
PASS  v3-popup-palette  — {"minL":124,"maxL":188,"pistolLong":126,"snLong":188,"useWorld":false,"kinds":["dmg","crit","crit","dmg","dmg","dmg","crit","heal"],"pal":{"dmg":{"fill":"#F2382F","edge":"#5A0C09"},"crit":{"fill":"#FF8A24","edge":"#5A2700"},"heal":{"fill":"#37D96B","edge":"#063D1D"},"miss":{"fill":"#465361","edge":"#E8EEF4"}},"bands":["XS","S","M","L","XL","XXL"],"muted":false,"blood":[142,14,24]}
PASS  v3-size-bands  — {"minL":124,"maxL":188,"pistolLong":126,"snLong":188,"useWorld":false,"kinds":["dmg","crit","crit","dmg","dmg","dmg","crit","heal"],"pal":{"dmg":{"fill":"#F2382F","edge":"#5A0C09"},"crit":{"fill":"#FF8A24","edge":"#5A2700"},"heal":{"fill":"#37D96B","edge":"#063D1D"},"miss":{"fill":"#465361","edge":"#E8EEF4"}},"bands":["XS","S","M","L","XL","XXL"],"muted":false,"blood":[142,14,24]}
PASS  v3-no-blanket-text-mute  — {"minL":124,"maxL":188,"pistolLong":126,"snLong":188,"useWorld":false,"kinds":["dmg","crit","crit","dmg","dmg","dmg","crit","heal"],"pal":{"dmg":{"fill":"#F2382F","edge":"#5A0C09"},"crit":{"fill":"#FF8A24","edge":"#5A2700"},"heal":{"fill":"#37D96B","edge":"#063D1D"},"miss":{"fill":"#465361","edge":"#E8EEF4"}},"bands":["XS","S","M","L","XL","XXL"],"muted":false,"blood":[142,14,24]}
PASS  v3-meta-fresh-350-robot  — {"credits0":350,"owned0":["ROBOT"],"buyNew":{"ok":false,"reason":"not-playable"},"poor":{"ok":false,"reason":"need","need":650},"ice":{"ok":true,"name":"ICE","credits":1350},"ice2":{"ok":false,"reason":"owned"},"spinOk":true,"spinName":"CRYSTAL","credits":1000}
PASS  v3-meta-shop-rules  — {"credits0":350,"owned0":["ROBOT"],"buyNew":{"ok":false,"reason":"not-playable"},"poor":{"ok":false,"reason":"need","need":650},"ice":{"ok":true,"name":"ICE","credits":1350},"ice2":{"ok":false,"reason":"owned"},"spinOk":true,"spinName":"CRYSTAL","credits":1000}
PASS  v3-meta-spin-no-dup  — {"credits0":350,"owned0":["ROBOT"],"buyNew":{"ok":false,"reason":"not-playable"},"poor":{"ok":false,"reason":"need","need":650},"ice":{"ok":true,"name":"ICE","credits":1350},"ice2":{"ok":false,"reason":"owned"},"spinOk":true,"spinName":"CRYSTAL","credits":1000}
[AQ] MODE_ENTER mode=ARSENAL_QUEST
[AQ] CONSUME fighter=HERO weapon=SNIPER reason=test
[AQ] MODE_ENTER mode=ARSENAL_QUEST
[AQ] MODE_ENTER mode=ARSENAL_QUEST
[AQ] MODE_ENTER mode=ARSENAL_QUEST
[AQ] MODE_ENTER mode=ARSENAL_QUEST
[AQ] SPAWN_SLOT id=1 x=356 y=563 lead=2.00
Not implemented: HTMLMediaElement's pause() method
Not implemented: HTMLMediaElement's pause() method
Not implemented: HTMLMediaElement's pause() method
Not implemented: HTMLMediaElement's pause() method
Not implemented: HTMLMediaElement's pause() method
Not implemented: HTMLMediaElement's pause() method
Not implemented: HTMLMediaElement's pause() method
Not implemented: HTMLMediaElement's pause() method
Not implemented: HTMLMediaElement's pause() method
PASS  v3-perf-summary  — {"interpolation":false,"chamberHits":175,"feel":{"stamps":75,"stainDraws":176,"sprayPeak":491,"sprayReuse":4166,"popupReuse":340},"hud":{"skillWrites":1,"winWrites":1,"debugWrites":16}}
[AQ] MODE_ENTER mode=ARSENAL_QUEST
[AQ] HIT source=HERO target=RIVAL weapon=PISTOL damage=31.5
[AQ] HIT source=HERO target=RIVAL weapon=GLOCK_17 damage=24.5
[AQ] HIT source=HERO target=RIVAL weapon=TEC_9 damage=21.0
[AQ] HIT source=HERO target=RIVAL weapon=MAC_10 damage=14.0
[AQ] HIT source=HERO target=RIVAL weapon=BERETTA_93R damage=21.0
[AQ] HIT source=HERO target=RIVAL weapon=SMG damage=15.8
[AQ] HIT source=HERO target=RIVAL weapon=P90 damage=13.3
[AQ] HIT source=HERO target=RIVAL weapon=ZBROYAR_Z15 damage=33.3
[AQ] HIT source=HERO target=RIVAL weapon=ZBROYAR_Z15_S1 damage=33.3
[AQ] HIT source=HERO target=RIVAL weapon=ZBROYAR_Z15_S2 damage=33.3
[AQ] HIT source=HERO target=RIVAL weapon=ZBROYAR_Z15_S3 damage=33.3
[AQ] HIT source=HERO target=RIVAL weapon=MOSSBERG_500 damage=19.6
[AQ] HIT source=HERO target=RIVAL weapon=DESERT_DEAGLE damage=73.5
[AQ] HIT source=HERO target=RIVAL weapon=AK_47 damage=26.6
[AQ] HIT source=HERO target=RIVAL weapon=M16 damage=25.2
[AQ] HIT source=HERO target=RIVAL weapon=MBR damage=77.0
[AQ] HIT source=HERO target=RIVAL weapon=SHOTGUN damage=14.0
[AQ] HIT source=HERO target=RIVAL weapon=SAWED_OFF damage=17.2
[AQ] HIT source=HERO target=RIVAL weapon=MAGNUM_500 damage=196.0
[AQ] HIT source=HERO target=RIVAL weapon=M249_SAW damage=17.5
[AQ] HIT source=HERO target=RIVAL weapon=MBR2 damage=98.0
[AQ] HIT source=HERO target=RIVAL weapon=SZECSEI_FUCHS damage=105.0
[AQ] HIT source=HERO target=RIVAL weapon=SNIPER damage=266.0
[AQ] HIT source=HERO target=RIVAL weapon=JACKHAMMER damage=16.8
[AQ] HIT source=HERO target=RIVAL weapon=GRENADE damage=140.0
[AQ] HIT source=HERO target=RIVAL weapon=SABRE damage=126.0
PASS  v3-24-firearm-x7-identity  — {"fail":0,"n":24,"rows":[{"id":"PISTOL","baseline":4.5,"authored":4.5,"expected":31.5,"actual":31.5,"chance":0.07,"pass":true},{"id":"GLOCK_17","baseline":3.5,"authored":3.5,"expected":24.5,"actual":24.5,"chance":0.06,"pass":true},{"id":"TEC_9","baseline":3,"authored":3,"expected":21,"actual":21,"chance":0.06,"pass":true},{"id":"MAC_10","baseline":2,"authored":2,"expected":14,"actual":14,"chance":0.05,"pass":true},{"id":"BERETTA_93R","baseline":3,"authored":3,"expected":21,"actual":21,"chance":0.07,"pass":true},{"id":"SMG","baseline":2.25,"authored":2.25,"expected":15.75,"actual":15.75,"chance":0.07,"pass":true},{"id":"P90","baseline":1.9,"authored":1.9,"expected":13.3,"actual":13.3,"chance":0.08,"pass":true},{"id":"ZBROYAR_Z15","baseline":4.75,"authored":4.75,"expected":33.25,"actual":33.25,"chance":0.09,"pass":true},{"id":"ZBROYAR_Z15_S1","baseline":4.75,"authored":4.75,"expected":33.25,"actual":33.25,"chance":0.09,"pass":true},{"id":"ZBROYAR_Z15_S2","baseline":4.75,"authored":4.75,"expected":33.25,"actual":33.25,"chance":0.08,"pass":true},{"id":"ZBROYAR_Z15_S3","baseline":4.75,"authored":4.75,"expected":33.25,"actual":33.25,"chance":0.1,"pass":true},{"id":"MOSSBERG_500","baseline":2.8,"authored":2.8,"expected":19.6,"actual":19.6,"chance":0.1,"pass":true},{"id":"DESERT_DEAGLE","baseline":10.5,"authored":10.5,"expected":73.5,"actual":73.5,"chance":0.13,"pass":true},{"id":"AK_47","baseline":3.8,"authored":3.8,"expected":26.6,"actual":26.6,"chance":0.1,"pass":true},{"id":"M16","baseline":3.6,"authored":3.6,"expected":25.2,"actual":25.2,"chance":0.11,"pass":true},{"id":"MBR","baseline":11,"authored":11,"expected":77,"actual":77,"chance":0.18,"pass":true},{"id":"SHOTGUN","baseline":2,"authored":2,"expected":14,"actual":14,"chance":0.12,"pass":true},{"id":"SAWED_OFF","baseline":2.45,"authored":2.45,"expected":17.15,"actual":17.15,"chance":0.11,"pass":true},{"id":"MAGNUM_500","baseline":28,"authored":28,"expected":196,"actual":196,"chance":0.18,"pass":true},{"id":"M249_SAW","baseline":2.5,"authored":2.5,"expected":17.5,"actual":17.5,"chance":0.1,"pass":true},{"id":"MBR2","baseline":14,"authored":14,"expected":98,"actual":98,"chance":0.22,"pass":true},{"id":"SZECSEI_FUCHS","baseline":15,"authored":15,"expected":105,"actual":105,"chance":0.24,"pass":true},{"id":"SNIPER","baseline":38,"authored":38,"expected":266,"actual":266,"chance":0.32,"pass":true},{"id":"JACKHAMMER","baseline":2.4,"authored":2.4,"expected":16.8,"actual":16.8,"chance":0.14,"pass":true}],"grenade":140,"melee":126,"native":6.5,"sabreAuthored":18}
PASS  v3-grenade-melee-x7-no-crit  — {"fail":0,"n":24,"rows":[{"id":"PISTOL","baseline":4.5,"authored":4.5,"expected":31.5,"actual":31.5,"chance":0.07,"pass":true},{"id":"GLOCK_17","baseline":3.5,"authored":3.5,"expected":24.5,"actual":24.5,"chance":0.06,"pass":true},{"id":"TEC_9","baseline":3,"authored":3,"expected":21,"actual":21,"chance":0.06,"pass":true},{"id":"MAC_10","baseline":2,"authored":2,"expected":14,"actual":14,"chance":0.05,"pass":true},{"id":"BERETTA_93R","baseline":3,"authored":3,"expected":21,"actual":21,"chance":0.07,"pass":true},{"id":"SMG","baseline":2.25,"authored":2.25,"expected":15.75,"actual":15.75,"chance":0.07,"pass":true},{"id":"P90","baseline":1.9,"authored":1.9,"expected":13.3,"actual":13.3,"chance":0.08,"pass":true},{"id":"ZBROYAR_Z15","baseline":4.75,"authored":4.75,"expected":33.25,"actual":33.25,"chance":0.09,"pass":true},{"id":"ZBROYAR_Z15_S1","baseline":4.75,"authored":4.75,"expected":33.25,"actual":33.25,"chance":0.09,"pass":true},{"id":"ZBROYAR_Z15_S2","baseline":4.75,"authored":4.75,"expected":33.25,"actual":33.25,"chance":0.08,"pass":true},{"id":"ZBROYAR_Z15_S3","baseline":4.75,"authored":4.75,"expected":33.25,"actual":33.25,"chance":0.1,"pass":true},{"id":"MOSSBERG_500","baseline":2.8,"authored":2.8,"expected":19.6,"actual":19.6,"chance":0.1,"pass":true},{"id":"DESERT_DEAGLE","baseline":10.5,"authored":10.5,"expected":73.5,"actual":73.5,"chance":0.13,"pass":true},{"id":"AK_47","baseline":3.8,"authored":3.8,"expected":26.6,"actual":26.6,"chance":0.1,"pass":true},{"id":"M16","baseline":3.6,"authored":3.6,"expected":25.2,"actual":25.2,"chance":0.11,"pass":true},{"id":"MBR","baseline":11,"authored":11,"expected":77,"actual":77,"chance":0.18,"pass":true},{"id":"SHOTGUN","baseline":2,"authored":2,"expected":14,"actual":14,"chance":0.12,"pass":true},{"id":"SAWED_OFF","baseline":2.45,"authored":2.45,"expected":17.15,"actual":17.15,"chance":0.11,"pass":true},{"id":"MAGNUM_500","baseline":28,"authored":28,"expected":196,"actual":196,"chance":0.18,"pass":true},{"id":"M249_SAW","baseline":2.5,"authored":2.5,"expected":17.5,"actual":17.5,"chance":0.1,"pass":true},{"id":"MBR2","baseline":14,"authored":14,"expected":98,"actual":98,"chance":0.22,"pass":true},{"id":"SZECSEI_FUCHS","baseline":15,"authored":15,"expected":105,"actual":105,"chance":0.24,"pass":true},{"id":"SNIPER","baseline":38,"authored":38,"expected":266,"actual":266,"chance":0.32,"pass":true},{"id":"JACKHAMMER","baseline":2.4,"authored":2.4,"expected":16.8,"actual":16.8,"chance":0.14,"pass":true}],"grenade":140,"melee":126,"native":6.5,"sabreAuthored":18}
PASS  v3-native-not-equipment-x7  — {"fail":0,"n":24,"rows":[{"id":"PISTOL","baseline":4.5,"authored":4.5,"expected":31.5,"actual":31.5,"chance":0.07,"pass":true},{"id":"GLOCK_17","baseline":3.5,"authored":3.5,"expected":24.5,"actual":24.5,"chance":0.06,"pass":true},{"id":"TEC_9","baseline":3,"authored":3,"expected":21,"actual":21,"chance":0.06,"pass":true},{"id":"MAC_10","baseline":2,"authored":2,"expected":14,"actual":14,"chance":0.05,"pass":true},{"id":"BERETTA_93R","baseline":3,"authored":3,"expected":21,"actual":21,"chance":0.07,"pass":true},{"id":"SMG","baseline":2.25,"authored":2.25,"expected":15.75,"actual":15.75,"chance":0.07,"pass":true},{"id":"P90","baseline":1.9,"authored":1.9,"expected":13.3,"actual":13.3,"chance":0.08,"pass":true},{"id":"ZBROYAR_Z15","baseline":4.75,"authored":4.75,"expected":33.25,"actual":33.25,"chance":0.09,"pass":true},{"id":"ZBROYAR_Z15_S1","baseline":4.75,"authored":4.75,"expected":33.25,"actual":33.25,"chance":0.09,"pass":true},{"id":"ZBROYAR_Z15_S2","baseline":4.75,"authored":4.75,"expected":33.25,"actual":33.25,"chance":0.08,"pass":true},{"id":"ZBROYAR_Z15_S3","baseline":4.75,"authored":4.75,"expected":33.25,"actual":33.25,"chance":0.1,"pass":true},{"id":"MOSSBERG_500","baseline":2.8,"authored":2.8,"expected":19.6,"actual":19.6,"chance":0.1,"pass":true},{"id":"DESERT_DEAGLE","baseline":10.5,"authored":10.5,"expected":73.5,"actual":73.5,"chance":0.13,"pass":true},{"id":"AK_47","baseline":3.8,"authored":3.8,"expected":26.6,"actual":26.6,"chance":0.1,"pass":true},{"id":"M16","baseline":3.6,"authored":3.6,"expected":25.2,"actual":25.2,"chance":0.11,"pass":true},{"id":"MBR","baseline":11,"authored":11,"expected":77,"actual":77,"chance":0.18,"pass":true},{"id":"SHOTGUN","baseline":2,"authored":2,"expected":14,"actual":14,"chance":0.12,"pass":true},{"id":"SAWED_OFF","baseline":2.45,"authored":2.45,"expected":17.15,"actual":17.15,"chance":0.11,"pass":true},{"id":"MAGNUM_500","baseline":28,"authored":28,"expected":196,"actual":196,"chance":0.18,"pass":true},{"id":"M249_SAW","baseline":2.5,"authored":2.5,"expected":17.5,"actual":17.5,"chance":0.1,"pass":true},{"id":"MBR2","baseline":14,"authored":14,"expected":98,"actual":98,"chance":0.22,"pass":true},{"id":"SZECSEI_FUCHS","baseline":15,"authored":15,"expected":105,"actual":105,"chance":0.24,"pass":true},{"id":"SNIPER","baseline":38,"authored":38,"expected":266,"actual":266,"chance":0.32,"pass":true},{"id":"JACKHAMMER","baseline":2.4,"authored":2.4,"expected":16.8,"actual":16.8,"chance":0.14,"pass":true}],"grenade":140,"melee":126,"native":6.5,"sabreAuthored":18}
[AQ] MODE_ENTER mode=ARSENAL_QUEST
Not implemented: HTMLMediaElement's pause() method
Not implemented: HTMLMediaElement's pause() method
Not implemented: HTMLMediaElement's pause() method
Not implemented: HTMLMediaElement's pause() method
Not implemented: HTMLMediaElement's pause() method
Not implemented: HTMLMediaElement's pause() method
Not implemented: HTMLMediaElement's pause() method
Not implemented: HTMLMediaElement's pause() method
Not implemented: HTMLMediaElement's pause() method
[AQ] HIT source=HERO target=RIVAL weapon=PISTOL damage=31.5
[AQ] HIT source=HERO target=RIVAL weapon=PISTOL damage=31.5
[AQ] HIT source=HERO target=RIVAL weapon=PISTOL damage=47.3
[AQ] HIT source=RIVAL target=HERO weapon=PISTOL damage=31.5
[AQ] HIT source=HERO target=RIVAL weapon=GRENADE damage=136.2
[AQ] EXPLODE weapon=GRENADE x=775 y=500
[AQ] HIT source=HERO target=RIVAL weapon=PISTOL damage=31.5
[AQ] HIT source=HERO target=RIVAL weapon=PISTOL damage=31.5
[AQ] HIT source=HERO target=RIVAL weapon=PISTOL damage=31.5
[AQ] HIT source=HERO target=RIVAL weapon=PISTOL damage=31.5
[AQ] HIT source=HERO target=RIVAL weapon=PISTOL damage=31.5
[AQ] HIT source=HERO target=RIVAL weapon=PISTOL damage=31.5
[AQ] HIT source=HERO target=RIVAL weapon=PISTOL damage=31.5
[AQ] HIT source=HERO target=RIVAL weapon=PISTOL damage=47.3
[AQ] HIT source=HERO target=RIVAL weapon=PISTOL damage=31.5
[AQ] HIT source=HERO target=RIVAL weapon=PISTOL damage=31.5
[AQ] HIT source=HERO target=RIVAL weapon=PISTOL damage=31.5
[AQ] HIT source=HERO target=RIVAL weapon=PISTOL damage=31.5
[AQ] HIT source=HERO target=RIVAL weapon=PISTOL damage=31.5
[AQ] HIT source=HERO target=RIVAL weapon=PISTOL damage=31.5
[AQ] HIT source=HERO target=RIVAL weapon=PISTOL damage=31.5
[AQ] HIT source=HERO target=RIVAL weapon=PISTOL damage=47.3
[AQ] HIT source=HERO target=RIVAL weapon=PISTOL damage=31.5
[AQ] HIT source=HERO target=RIVAL weapon=PISTOL damage=31.5
[AQ] HIT source=HERO target=RIVAL weapon=PISTOL damage=31.5
[AQ] HIT source=HERO target=RIVAL weapon=PISTOL damage=31.5
[AQ] HIT source=HERO target=RIVAL weapon=PISTOL damage=31.5
[AQ] HIT source=HERO target=RIVAL weapon=PISTOL damage=31.5
[AQ] HIT source=HERO target=RIVAL weapon=PISTOL damage=31.5
[AQ] HIT source=HERO target=RIVAL weapon=PISTOL damage=47.3
PASS  v1-blood-real-impact-metadata  — {"impactDist":65.5,"hitCircleMax":65.5,"travelAngle":0,"victimSourceAngle":1.346085158380254,"normalAngle":0}
PASS  v1-blood-normal-emission-counts  — {"cores":1,"streaks":4,"drops":12,"micro":38,"decals":1}
PASS  v1-blood-crit-stronger-same-language  — {"cores":1,"streaks":7,"drops":18,"micro":64,"decals":1}
PASS  v1-blood-mirror-travel-vector  — {"mirrorAngle":3.141592653589793}
PASS  v1-blood-legacy-preserved-nonprojectile  — {"legacyStampsGrew":true,"legacyV1Untouched":true,"grenadeStampsGrew":true,"grenadeV1Untouched":true}
PASS  v1-blood-popup-parity  — {"normalPopups":["dmg:32"],"critPopups":["47"],"palettes":{"dmg":"#F2382F","crit":"#FF8A24","heal":"#37D96B"}}
PASS  v1-blood-sustained-bounded  — {"hits":24,"sprayPeak":491,"decals":24,"lands":6637,"dropsSkipped":0,"microSkipped":532}
PASS  v1-blood-material-identity  — {"coreCenter":[92,0,0],"drop":[102,0,0],"micro":[115,2,2],"streakTip":[125,3,3]}
[AQ] MODE_ENTER mode=ARSENAL_QUEST
Not implemented: HTMLMediaElement's pause() method
Not implemented: HTMLMediaElement's pause() method
Not implemented: HTMLMediaElement's pause() method
Not implemented: HTMLMediaElement's pause() method
Not implemented: HTMLMediaElement's pause() method
Not implemented: HTMLMediaElement's pause() method
Not implemented: HTMLMediaElement's pause() method
Not implemented: HTMLMediaElement's pause() method
Not implemented: HTMLMediaElement's pause() method
[AQ] HIT source=HERO target=RIVAL weapon=PISTOL damage=31.5
PASS  v1b-one-time-burst-collision-tick  — {"hitLanded":true,"burstCompleteOnCollisionTick":true,"dropsInFlight":true,"coreAtImpactStain":true,"countersFrozenAfterHit":true,"airborneNeverRegrows":true,"burstExtinguished":true}
[AQ] MODE_ENTER mode=ARSENAL_QUEST
Not implemented: HTMLMediaElement's pause() method
Not implemented: HTMLMediaElement's pause() method
Not implemented: HTMLMediaElement's pause() method
Not implemented: HTMLMediaElement's pause() method
Not implemented: HTMLMediaElement's pause() method
Not implemented: HTMLMediaElement's pause() method
Not implemented: HTMLMediaElement's pause() method
Not implemented: HTMLMediaElement's pause() method
Not implemented: HTMLMediaElement's pause() method
[AQ] HIT source=HERO target=RIVAL weapon=PISTOL damage=31.5
PASS  passa-v1-blood-first-frame-immediate  — {"coreLifeFull":true,"coreAtImpact":true,"streaksLive":true,"dropsLive":true,"microLive":true,"noneAged":true,"stainStamped":true,"renderedV1Pixels":599,"ok":true}
PASS  passa-auto-immediate-first-aggregation  — {"auto1":["dmg:4"],"auto2":["dmg:8"],"auto3":["dmg:12"],"auto4":["dmg:12"]}
PASS  passa-mixed-split-immediate  — {"mix1":["dmg:5"],"mix2":["dmg:5","crit:7"],"mix3":["dmg:10","crit:7"],"mix4":["dmg:10","crit:7"]}
PASS  passa-shotgun-immediate-first-aggregation  — {"sg1":["dmg:8"],"sg2":["dmg:16"],"sg3":["dmg:16"]}
PASS  passb-runtime-registered
PASS  passb-commentary-contact
PASS  passb-commentary-pressure
PASS  passb-commentary-rampage-dmg
PASS  passb-commentary-rampage-hits
PASS  passb-commentary-overdrive
PASS  passb-commentary-critical-rush
PASS  passb-commentary-devastating-single-hit
PASS  passb-commentary-devastating-total
PASS  passb-commentary-momentum-swing
PASS  passb-commentary-priority-critrush-beats-swing
PASS  passb-commentary-priority-devastating-top
PASS  passb-commentary-norm-300-pressure
PASS  passb-commentary-norm-300-overdrive
PASS  passb-commentary-norm-300-devastating
[AQ] MODE_ENTER mode=ARSENAL_QUEST
PASS  passb-burst-idle-at-match-start
PASS  passb-burst-first-hit-starts  — {"total":11,"hits":1,"crits":0,"bigHit":11}
PASS  passb-burst-second-hit-adds  — {"total":17,"hits":2,"crits":0,"bigHit":11}
PASS  passb-burst-crit-count-explicit-only  — {"total":26,"hits":3,"crits":1,"bigHit":11}
PASS  passb-heal-and-miss-do-not-extend  — {"total":26,"hits":3,"crits":1,"bigHit":11}
PASS  passb-burst-reset-after-silence  — null
PASS  passb-burst-sustained-beyond-12s-absolute  — {"total":20,"hits":4,"crits":0,"bigHit":5}
[AQ] MODE_ENTER mode=ARSENAL_QUEST
PASS  passb-energy-zero-at-match-start
PASS  passb-energy-dealt-100-taken-60-per-pct  — {"sides":[{"energy":10,"burst":{"total":100,"hits":1,"crits":0,"bigHit":100},"loadoutKey":"UNARMED"},{"energy":6,"burst":null,"loadoutKey":"UNARMED"}]}
PASS  passb-energy-cap-100  — {"sides":[{"energy":100,"burst":{"total":1000,"hits":10,"crits":0,"bigHit":100},"loadoutKey":"UNARMED"},{"energy":60,"burst":null,"loadoutKey":"UNARMED"}]}
PASS  passb-energy-no-passive-gain  — {"sides":[{"energy":100,"burst":{"total":1000,"hits":10,"crits":0,"bigHit":100},"loadoutKey":"UNARMED"},{"energy":60,"burst":null,"loadoutKey":"UNARMED"}]}
[AQ] MODE_ENTER mode=ARSENAL_QUEST
PASS  passb-energy-reset-on-new-match
PASS  passb-energy-no-skill-behavior-change  — {"snap0":"{\"shell\":\"HERO\",\"gated\":0,\"pulseBuffered\":false,\"pending\":null,\"keys\":[]}","snap1":"{\"shell\":\"HERO\",\"gated\":0,\"pulseBuffered\":false,\"pending\":null,\"keys\":[]}"}
PASS  passb-loadout-canonical-image-api  — {"w":419,"h":107,"metaW":419,"metaH":107,"ready":true}
PASS  passb-loadout-hud-key  — W:AK_47
PASS  passb-loadout-art-rendered-nonblank  — {"nonBlank":18701,"w":480,"h":240}
PASS  passb-loadout-truthful-name-family-tier  — {"nameText":"AK-47","famText":"AUTO","tierText":"T3"}
PASS  passb-loadout-unarmed-fallback  — UNARMED
PASS  passb-no-fake-ammo
PASS  passb-kanit-local-ready  — {"ready":true,"fontLoaded":false,"fontSource":"pending","glyphSig":{"kanit":1641,"other":1974},"rasterizations":41,"draws":24,"kinds":"crit,dmg,heal,miss","digitsPerKind":"crit:10,dmg:10,heal:10,miss:10","targetH":{"XS":34,"S":38,"M":43,"L":48,"XL":54,"XXL":60}}
PASS  passb-kanit-not-silent-fallback  — {"kanit":1641,"other":1974}
Not implemented: HTMLMediaElement's pause() method
Not implemented: HTMLMediaElement's pause() method
Not implemented: HTMLMediaElement's pause() method
Not implemented: HTMLMediaElement's pause() method
Not implemented: HTMLMediaElement's pause() method
Not implemented: HTMLMediaElement's pause() method
Not implemented: HTMLMediaElement's pause() method
Not implemented: HTMLMediaElement's pause() method
Not implemented: HTMLMediaElement's pause() method
PASS  passb-kanit-cache-reuse-across-50-popups  — {"before":41,"after":41}
PASS  passb-kanit-size-bands-unchanged
PASS  passb-native-mode-no-fake-loadout  — {"sides":[{"energy":0,"burst":null,"loadoutKey":"F:RUBBER:#b7376f"},{"energy":0,"burst":null,"loadoutKey":"F:ICE:#74d8e8"}]}
PASS  passb-native-realized-feed  — {"hud":{"sides":[{"energy":2.792999999999995,"burst":{"total":27.92999999999995,"hits":1,"crits":0,"bigHit":27.92999999999995},"loadoutKey":"F:RUBBER:#b7376f"},{"energy":1.675799999999997,"burst":null,"loadoutKey":"F:ICE:#74d8e8"}]},"nativeTx":{"before":1000,"after":972.07,"maxHp":1000,"realized":27.92999999999995},"nativeExpectedDealtEnergy":2.792999999999995,"nativeExpectedTakenEnergy":1.675799999999997}
PASS  passb-native-panel-truthful  — 
      
        COMBAT
        P1
        
        
      
      CONTACT281 HIT0 CRITS
      Ă¢â€”ÂEMBLEMRUBBER
      3
PASS  storm-identity-t6-red  — {"tier":"T6","color":"#FF4D5A","rollT6":0.02,"rollSum":1,"inPool":true,"isMelee":false,"isGun":false,"glowT6":{"rx":78,"ry":22,"a":0.72,"pulse":0.32,"shimmer":true},"glowT5":{"rx":60,"ry":17,"a":0.58,"pulse":0.26,"shimmer":true},"shield":"TOWER_SHIELD","spec":{"confirmedHitDamage":446,"knockback":900,"stun":2,"shake":15,"hitStop":0.08,"exit":"stormRelease"},"tuning":{"windupSeconds":0.28,"readyDelaySeconds":0.45,"throwSpeed":1350,"spinRate":82,"stunSeconds":2,"maxFlightSeconds":2.2,"homingTurnRateRadPerSec":2.6,"floorBoltHazard":true,"floorBoltStunSeconds":1,"spawnLongSide":240,"heldLongSide":178,"flightLongSide":164,"worldLongSide":164,"floorLongSide":240,"thrownRadius":29.26,"floorAngleRad":4.71238898038469,"flightVisualOffsetRad":0,"mirrorLocal":true},"speed":1350,"ricochets":1,"spin":82,"cSet":{"id":"STORMBREAKER","file":"weapons/c/STORMBREAKER.webp","w":1086,"h":1448},"vfxModule":true}
PASS  storm-rarity-2pct-proportional-carve  — {"rollT6":0.02,"rollSum":1}
PASS  storm-glow-above-t5-t1t5-untouched  — {"t5":{"rx":60,"ry":17,"a":0.58,"pulse":0.26,"shimmer":true},"t6":{"rx":78,"ry":22,"a":0.72,"pulse":0.32,"shimmer":true}}
PASS  storm-balance-audited-values  — {"spec":{"confirmedHitDamage":446,"knockback":900,"stun":2,"shake":15,"hitStop":0.08,"exit":"stormRelease"},"tuning":{"windupSeconds":0.28,"readyDelaySeconds":0.45,"throwSpeed":1350,"spinRate":82,"stunSeconds":2,"maxFlightSeconds":2.2,"homingTurnRateRadPerSec":2.6,"floorBoltHazard":true,"floorBoltStunSeconds":1,"spawnLongSide":240,"heldLongSide":178,"flightLongSide":164,"worldLongSide":164,"floorLongSide":240,"thrownRadius":29.26,"floorAngleRad":4.71238898038469,"flightVisualOffsetRad":0,"mirrorLocal":true}}
PASS  storm-asset-cset-registered  — {"id":"STORMBREAKER","file":"weapons/c/STORMBREAKER.webp","w":1086,"h":1448}
PASS  storm-rarity-roll-real  — {"storm":420,"rate":0.021,"sample":20000}
[AQ] MODE_ENTER mode=ARSENAL_QUEST
[AQ] MELEE_DECIDE fighter=HERO weapon=STORMBREAKER decision=throw
Not implemented: HTMLMediaElement's pause() method
Not implemented: HTMLMediaElement's pause() method
Not implemented: HTMLMediaElement's pause() method
Not implemented: HTMLMediaElement's pause() method
Not implemented: HTMLMediaElement's pause() method
Not implemented: HTMLMediaElement's pause() method
Not implemented: HTMLMediaElement's pause() method
Not implemented: HTMLMediaElement's pause() method
Not implemented: HTMLMediaElement's pause() method
[AQ] USE fighter=HERO weapon=STORMBREAKER
[AQ] THROW fighter=HERO weapon=STORMBREAKER ricochets=1
[AQ] CONSUME fighter=HERO weapon=STORMBREAKER reason=thrown
PASS  storm-ready-delay-then-committed-throw  — {"earlyPhase":"READY","holderNow":null,"thrown":true,"speed":1350,"spin":82,"ricochets":1,"throwLogged":true,"rivalHp":1000}
PASS  storm-throw-speed-spin-ricochet  — {"earlyPhase":"READY","holderNow":null,"thrown":true,"speed":1350,"spin":82,"ricochets":1,"throwLogged":true,"rivalHp":1000}
[AQ] MODE_ENTER mode=ARSENAL_QUEST
[AQ] MELEE_DECIDE fighter=HERO weapon=STORMBREAKER decision=throw
Not implemented: HTMLMediaElement's pause() method
Not implemented: HTMLMediaElement's pause() method
Not implemented: HTMLMediaElement's pause() method
Not implemented: HTMLMediaElement's pause() method
Not implemented: HTMLMediaElement's pause() method
Not implemented: HTMLMediaElement's pause() method
Not implemented: HTMLMediaElement's pause() method
Not implemented: HTMLMediaElement's pause() method
Not implemented: HTMLMediaElement's pause() method
[AQ] USE fighter=HERO weapon=STORMBREAKER
[AQ] THROW fighter=HERO weapon=STORMBREAKER ricochets=1
[AQ] CONSUME fighter=HERO weapon=STORMBREAKER reason=thrown
[AQ] HIT source=HERO target=RIVAL weapon=STORMBREAKER damage=446.0
[AQ] STORM_IMPACT target=RIVAL x=513 y=490
[AQ] STORM_FLOOR_STRIKE target=HERO x=400 y=500
[AQ] STORM_FLOOR_STRIKE target=HERO x=400 y=500
[AQ] STORM_FLOOR_STRIKE target=HERO x=400 y=500
[AQ] STORM_FLOOR_STRIKE target=HERO x=400 y=500
[AQ] STORM_FLOOR_STRIKE target=RIVAL x=600 y=500
PASS  storm-hit-final-authority-446-no-scale-ride  — {"heroHolder":null,"rivalHp":554,"dmg":446,"stunDur":2,"sawPush":true,"sawStun":true,"stormProjCount":0,"impactLogged":true,"hitLogged":true}
PASS  storm-hit-real-stun-2s-duration  — {"heroHolder":null,"rivalHp":554,"dmg":446,"stunDur":2,"sawPush":true,"sawStun":true,"stormProjCount":0,"impactLogged":true,"hitLogged":true}
PASS  storm-hit-knockback-status  — {"heroHolder":null,"rivalHp":554,"dmg":446,"stunDur":2,"sawPush":true,"sawStun":true,"stormProjCount":0,"impactLogged":true,"hitLogged":true}
PASS  storm-weapon-vanishes-no-pin  — {"heroHolder":null,"rivalHp":554,"dmg":446,"stunDur":2,"sawPush":true,"sawStun":true,"stormProjCount":0,"impactLogged":true,"hitLogged":true}
[AQ] MODE_ENTER mode=ARSENAL_QUEST
[AQ] MELEE_DECIDE fighter=HERO weapon=STORMBREAKER decision=throw
Not implemented: HTMLMediaElement's pause() method
Not implemented: HTMLMediaElement's pause() method
Not implemented: HTMLMediaElement's pause() method
Not implemented: HTMLMediaElement's pause() method
Not implemented: HTMLMediaElement's pause() method
Not implemented: HTMLMediaElement's pause() method
Not implemented: HTMLMediaElement's pause() method
Not implemented: HTMLMediaElement's pause() method
Not implemented: HTMLMediaElement's pause() method
[AQ] USE fighter=HERO weapon=STORMBREAKER
[AQ] THROW fighter=HERO weapon=STORMBREAKER ricochets=1
[AQ] CONSUME fighter=HERO weapon=STORMBREAKER reason=thrown
[AQ] THROWN_RICOCHET weapon=STORMBREAKER left=0
PASS  storm-miss-teleport-dodge-no-damage  — {"rivalHp":1000,"heroHp":1000,"exitSeen":true,"removed":true,"exitFrame":72,"removedFrame":94,"dirChanges":5,"vyAtExit":-140,"vyLater":160,"cumTurn":9.37094786113825,"aimWithin90":42,"aimSamples":72,"hitEvents":0,"maxFlightLogged":0,"ricochetEvents":1,"stormProjLeft":0}
PASS  storm-miss-curvature-exit-bounded  — {"rivalHp":1000,"heroHp":1000,"exitSeen":true,"removed":true,"exitFrame":72,"removedFrame":94,"dirChanges":5,"vyAtExit":-140,"vyLater":160,"cumTurn":9.37094786113825,"aimWithin90":42,"aimSamples":72,"hitEvents":0,"maxFlightLogged":0,"ricochetEvents":1,"stormProjLeft":0}
[AQ] MODE_ENTER mode=ARSENAL_QUEST
[AQ] MELEE_DECIDE fighter=RIVAL weapon=STORMBREAKER decision=throw
[AQ] PICKUP id=1 fighter=RIVAL weapon=STORMBREAKER
Not implemented: HTMLMediaElement's pause() method
Not implemented: HTMLMediaElement's pause() method
Not implemented: HTMLMediaElement's pause() method
Not implemented: HTMLMediaElement's pause() method
Not implemented: HTMLMediaElement's pause() method
Not implemented: HTMLMediaElement's pause() method
Not implemented: HTMLMediaElement's pause() method
Not implemented: HTMLMediaElement's pause() method
Not implemented: HTMLMediaElement's pause() method
[AQ] USE fighter=RIVAL weapon=STORMBREAKER
[AQ] THROW fighter=RIVAL weapon=STORMBREAKER ricochets=1
[AQ] CONSUME fighter=RIVAL weapon=STORMBREAKER reason=thrown
[AQ] HIT source=RIVAL target=HERO weapon=STORMBREAKER damage=446.0
[AQ] STORM_IMPACT target=HERO x=487 y=510
[AQ] MODE_ENTER mode=ARSENAL_QUEST
[AQ] MELEE_DECIDE fighter=RIVAL weapon=STORMBREAKER decision=throw
[AQ] PICKUP id=1 fighter=RIVAL weapon=STORMBREAKER
Not implemented: HTMLMediaElement's pause() method
Not implemented: HTMLMediaElement's pause() method
Not implemented: HTMLMediaElement's pause() method
Not implemented: HTMLMediaElement's pause() method
Not implemented: HTMLMediaElement's pause() method
Not implemented: HTMLMediaElement's pause() method
Not implemented: HTMLMediaElement's pause() method
Not implemented: HTMLMediaElement's pause() method
Not implemented: HTMLMediaElement's pause() method
[AQ] USE fighter=RIVAL weapon=STORMBREAKER
[AQ] THROW fighter=RIVAL weapon=STORMBREAKER ricochets=1
[AQ] CONSUME fighter=RIVAL weapon=STORMBREAKER reason=thrown
[AQ] HIT source=RIVAL target=HERO weapon=STORMBREAKER damage=446.0
[AQ] STORM_IMPACT target=HERO x=360 y=364
[AQ] MODE_ENTER mode=ARSENAL_QUEST
[AQ] MELEE_DECIDE fighter=RIVAL weapon=STORMBREAKER decision=throw
[AQ] PICKUP id=1 fighter=RIVAL weapon=STORMBREAKER
Not implemented: HTMLMediaElement's pause() method
Not implemented: HTMLMediaElement's pause() method
Not implemented: HTMLMediaElement's pause() method
Not implemented: HTMLMediaElement's pause() method
Not implemented: HTMLMediaElement's pause() method
Not implemented: HTMLMediaElement's pause() method
Not implemented: HTMLMediaElement's pause() method
Not implemented: HTMLMediaElement's pause() method
Not implemented: HTMLMediaElement's pause() method
[AQ] USE fighter=RIVAL weapon=STORMBREAKER
[AQ] THROW fighter=RIVAL weapon=STORMBREAKER ricochets=1
[AQ] CONSUME fighter=RIVAL weapon=STORMBREAKER reason=thrown
[AQ] HIT source=RIVAL target=HERO weapon=STORMBREAKER damage=446.0
[AQ] STORM_IMPACT target=HERO x=498 y=288
PASS  storm-cycles-real-pickup-throw-hit  — [{"c":0,"pickedUp":0,"heroHp":554,"sawStun":true,"projLeft":0,"rivalHolder":null,"slotGone":0},{"c":1,"pickedUp":0,"heroHp":554,"sawStun":true,"projLeft":0,"rivalHolder":null,"slotGone":0},{"c":2,"pickedUp":0,"heroHp":554,"sawStun":true,"projLeft":0,"rivalHolder":null,"slotGone":0}]
[AQ] MODE_ENTER mode=ARSENAL_QUEST
Not implemented: HTMLMediaElement's pause() method
Not implemented: HTMLMediaElement's pause() method
Not implemented: HTMLMediaElement's pause() method
Not implemented: HTMLMediaElement's pause() method
Not implemented: HTMLMediaElement's pause() method
Not implemented: HTMLMediaElement's pause() method
Not implemented: HTMLMediaElement's pause() method
Not implemented: HTMLMediaElement's pause() method
Not implemented: HTMLMediaElement's pause() method
[AQ] STORM_SPAWN_VFX slot=1
PASS  storm-floor-no-global-slow  — {"slowHero":false,"slowRival":false,"mult":null,"slowHeroAfter":false,"slowRivalAfter":false}
PASS  storm-no-slow-status-lingers  — {"slowHero":false,"slowRival":false,"mult":null,"slowHeroAfter":false,"slowRivalAfter":false}
[AQ] MODE_ENTER mode=ARSENAL_QUEST
Not implemented: HTMLMediaElement's pause() method
Not implemented: HTMLMediaElement's pause() method
Not implemented: HTMLMediaElement's pause() method
Not implemented: HTMLMediaElement's pause() method
Not implemented: HTMLMediaElement's pause() method
Not implemented: HTMLMediaElement's pause() method
Not implemented: HTMLMediaElement's pause() method
Not implemented: HTMLMediaElement's pause() method
Not implemented: HTMLMediaElement's pause() method
[AQ] STORM_SPAWN_VFX slot=1
[AQ] MODE_ENTER mode=ARSENAL_QUEST
Not implemented: HTMLMediaElement's pause() method
Not implemented: HTMLMediaElement's pause() method
Not implemented: HTMLMediaElement's pause() method
Not implemented: HTMLMediaElement's pause() method
Not implemented: HTMLMediaElement's pause() method
Not implemented: HTMLMediaElement's pause() method
Not implemented: HTMLMediaElement's pause() method
Not implemented: HTMLMediaElement's pause() method
Not implemented: HTMLMediaElement's pause() method
[AQ] STORM_SPAWN_VFX slot=1
[AQ] MODE_ENTER mode=ARSENAL_QUEST
[AQ] USE fighter=ROBOT weapon=TOWER_SHIELD
Not implemented: HTMLMediaElement's pause() method
Not implemented: HTMLMediaElement's pause() method
Not implemented: HTMLMediaElement's pause() method
Not implemented: HTMLMediaElement's pause() method
Not implemented: HTMLMediaElement's pause() method
Not implemented: HTMLMediaElement's pause() method
Not implemented: HTMLMediaElement's pause() method
Not implemented: HTMLMediaElement's pause() method
Not implemented: HTMLMediaElement's pause() method
[AQ] STORM_SPAWN_VFX slot=1
[AQ] REJECT_PICKUP fighter=ROBOT id=1 reason=already-armed
[AQ] REJECT_PICKUP fighter=ROBOT id=2 reason=already-armed
[AQ] MODE_ENTER mode=ARSENAL_QUEST
[AQ] USE fighter=ROBOT weapon=TOWER_SHIELD
Not implemented: HTMLMediaElement's pause() method
Not implemented: HTMLMediaElement's pause() method
Not implemented: HTMLMediaElement's pause() method
Not implemented: HTMLMediaElement's pause() method
Not implemented: HTMLMediaElement's pause() method
Not implemented: HTMLMediaElement's pause() method
Not implemented: HTMLMediaElement's pause() method
Not implemented: HTMLMediaElement's pause() method
Not implemented: HTMLMediaElement's pause() method
[AQ] REJECT_PICKUP fighter=ROBOT id=1 reason=already-armed
[AQ] MODE_ENTER mode=ARSENAL_QUEST
[AQ] MELEE_DECIDE fighter=ROBOT weapon=STORMBREAKER decision=throw
[AQ] PICKUP id=1 fighter=ROBOT weapon=STORMBREAKER
Not implemented: HTMLMediaElement's pause() method
Not implemented: HTMLMediaElement's pause() method
Not implemented: HTMLMediaElement's pause() method
Not implemented: HTMLMediaElement's pause() method
Not implemented: HTMLMediaElement's pause() method
Not implemented: HTMLMediaElement's pause() method
Not implemented: HTMLMediaElement's pause() method
Not implemented: HTMLMediaElement's pause() method
Not implemented: HTMLMediaElement's pause() method
PASS  storm-b7-t6-pickup-immune-to-hero-manipulation  — {"t6Immune":true,"regularManipulable":true,"healManipulable":true,"noDashAtT6":true,"dashTargetsRegular":true,"dashNeverTargetsT6":true,"t6NotPulled":true,"regularPhysicalOnly":true,"t6Moved":0,"regMoved":0,"physicalPickupWorks":true}
[AQ] MODE_ENTER mode=ARSENAL_QUEST
[AQ] THROW fighter=ROBOT weapon=STORMBREAKER ricochets=1
Not implemented: HTMLMediaElement's pause() method
Not implemented: HTMLMediaElement's pause() method
Not implemented: HTMLMediaElement's pause() method
Not implemented: HTMLMediaElement's pause() method
Not implemented: HTMLMediaElement's pause() method
Not implemented: HTMLMediaElement's pause() method
Not implemented: HTMLMediaElement's pause() method
Not implemented: HTMLMediaElement's pause() method
Not implemented: HTMLMediaElement's pause() method
[AQ] HIT source=ROBOT target=MAGNET weapon=STORMBREAKER damage=446.0
[AQ] STORM_IMPACT target=MAGNET x=586 y=351
[AQ] MODE_ENTER mode=ARSENAL_QUEST
[AQ] THROW fighter=ROBOT weapon=STORMBREAKER ricochets=1
Not implemented: HTMLMediaElement's pause() method
Not implemented: HTMLMediaElement's pause() method
Not implemented: HTMLMediaElement's pause() method
Not implemented: HTMLMediaElement's pause() method
Not implemented: HTMLMediaElement's pause() method
Not implemented: HTMLMediaElement's pause() method
Not implemented: HTMLMediaElement's pause() method
Not implemented: HTMLMediaElement's pause() method
Not implemented: HTMLMediaElement's pause() method
[AQ] HIT source=ROBOT target=ICE weapon=STORMBREAKER damage=446.0
[AQ] STORM_IMPACT target=ICE x=729 y=500
[AQ] MODE_ENTER mode=ARSENAL_QUEST
[AQ] THROW fighter=ROBOT weapon=STORMBREAKER ricochets=1
Not implemented: HTMLMediaElement's pause() method
Not implemented: HTMLMediaElement's pause() method
Not implemented: HTMLMediaElement's pause() method
Not implemented: HTMLMediaElement's pause() method
Not implemented: HTMLMediaElement's pause() method
Not implemented: HTMLMediaElement's pause() method
Not implemented: HTMLMediaElement's pause() method
Not implemented: HTMLMediaElement's pause() method
Not implemented: HTMLMediaElement's pause() method
[AQ] HIT source=ROBOT target=ICE weapon=STORMBREAKER damage=446.0
[AQ] STORM_IMPACT target=ICE x=729 y=500
PASS  storm-b7-thrown-immune-to-hero-manipulation  — {"magnetControlDestroyed":true,"magnetBoltConnected":true,"magnetImpactLogged":true,"crystalControlReflected":true,"crystalBoltConnected":true,"crystalHeroUntouched":true,"crystalImpactLogged":true,"wellControlAbsorbed":true,"wellBoltConnected":true,"wellImpactLogged":true}
[AQ] MODE_ENTER mode=ARSENAL_QUEST
[AQ] MELEE_DECIDE fighter=HERO weapon=STORMBREAKER decision=throw
Not implemented: HTMLMediaElement's pause() method
Not implemented: HTMLMediaElement's pause() method
Not implemented: HTMLMediaElement's pause() method
Not implemented: HTMLMediaElement's pause() method
Not implemented: HTMLMediaElement's pause() method
Not implemented: HTMLMediaElement's pause() method
Not implemented: HTMLMediaElement's pause() method
Not implemented: HTMLMediaElement's pause() method
Not implemented: HTMLMediaElement's pause() method
[AQ] USE fighter=HERO weapon=STORMBREAKER
[AQ] THROW fighter=HERO weapon=STORMBREAKER ricochets=1
[AQ] CONSUME fighter=HERO weapon=STORMBREAKER reason=thrown
[AQ] HIT source=HERO target=RIVAL weapon=STORMBREAKER damage=446.0
[AQ] STORM_IMPACT target=RIVAL x=534 y=483
PASS  storm-b8-homing-pursuit-bounded-curves-connects  — {"rivalHp":554,"spMin":1349.9999999999998,"spMax":1350,"maxTurn":0.04333333333333331,"cumTurn":0.18267940370582597,"cap":2.6,"impactLogged":true}
[AQ] MODE_ENTER mode=ARSENAL_QUEST
[AQ] MELEE_DECIDE fighter=HERO weapon=STORMBREAKER decision=throw
Not implemented: HTMLMediaElement's pause() method
Not implemented: HTMLMediaElement's pause() method
Not implemented: HTMLMediaElement's pause() method
Not implemented: HTMLMediaElement's pause() method
Not implemented: HTMLMediaElement's pause() method
Not implemented: HTMLMediaElement's pause() method
Not implemented: HTMLMediaElement's pause() method
Not implemented: HTMLMediaElement's pause() method
Not implemented: HTMLMediaElement's pause() method
[AQ] USE fighter=HERO weapon=STORMBREAKER
[AQ] THROW fighter=HERO weapon=STORMBREAKER ricochets=1
[AQ] CONSUME fighter=HERO weapon=STORMBREAKER reason=thrown
[AQ] MODE_ENTER mode=ARSENAL_QUEST
PASS  storm-cp4-body-scale-and-world-effects  — {"spawn":240,"held":178,"flight":164,"ratioSpawn":0.9195,"ratioHeld":0.7946,"ratioFlight":0.7847,"ratioHeldVsCp4":0.8641,"ratioFlightVsCp4":0.8542}
PASS  storm-cp4-mirror-not-rotation  — {"held":{"det":-1,"mirror":true,"long":178,"bladeForward":true,"bladeProj":27.9},"flight":{"det":-1,"mirror":true,"long":164,"bladeForward":true,"bladeProj":31,"ghostCount":3,"ghostDts":[0.12,0.07,0.03],"ghostTint":"cyan","ghostSpread":161.9},"speed":1350}
PASS  storm-cp5-blade-forward-held-and-flight  — {"held":{"det":-1,"mirror":true,"long":178,"bladeForward":true,"bladeProj":27.9},"flight":{"det":-1,"mirror":true,"long":164,"bladeForward":true,"bladeProj":31,"ghostCount":3,"ghostDts":[0.12,0.07,0.03],"ghostTint":"cyan","ghostSpread":161.9}}
[AQ] MODE_ENTER mode=ARSENAL_QUEST
[AQ] MELEE_DECIDE fighter=HERO weapon=STORMBREAKER decision=throw
Not implemented: HTMLMediaElement's pause() method
Not implemented: HTMLMediaElement's pause() method
Not implemented: HTMLMediaElement's pause() method
Not implemented: HTMLMediaElement's pause() method
Not implemented: HTMLMediaElement's pause() method
Not implemented: HTMLMediaElement's pause() method
Not implemented: HTMLMediaElement's pause() method
Not implemented: HTMLMediaElement's pause() method
Not implemented: HTMLMediaElement's pause() method
[AQ] USE fighter=HERO weapon=STORMBREAKER
[AQ] THROW fighter=HERO weapon=STORMBREAKER ricochets=1
[AQ] CONSUME fighter=HERO weapon=STORMBREAKER reason=thrown
PASS  storm-cp5-thrown-radius-decoupled  — {"radius":29.26,"hitR75":87.76}
PASS  battle-audio-cp5-session-api-surface  — {"begin":true,"end":true,"state":true,"avReset":true,"avProbe":true,"avPlayLater":true}
PASS  battle-audio-cp5-playlater-cues-cancelled  — {"pendingBefore":3,"pendingScheduled":4,"pendingAfterReset":0,"liveSourcesAfterReset":0,"decodedKept":true}
PASS  storm-cp5-mirror-law-width-axis-source  — {"vfxScaleNegX":true,"presScaleNegX":true}
PASS  storm-cp5-stale-global-slow-removed  — {"bannerGone":true,"slowedGone":true}
PASS  storm-cp5-collision-authority-source  — {"explicitAuthority":true}
PASS  menu-cp5-warmup-likely-next-only  — {"sequence":["arsenalQuest","select"]}
PASS  menu-cp5-no-prefetch-everything  — {"loaderStillReferencesIt":false}
PASS  menu-cp5-audio-warm-on-intent-only  — {"earlyReturnIntent":true}
PASS  menu-cp5-button-no-artificial-delay  — {"rafExec":true,"no105":true}
PASS  battle-audio-cp5-no-auto-restore-timer  — {"autoRestoreGone":true}
PASS  storm-cp4-cyan-afterimages-recorded-trajectory  — {"det":-1,"mirror":true,"long":164,"bladeForward":true,"bladeProj":31,"ghostCount":3,"ghostDts":[0.12,0.07,0.03],"ghostTint":"cyan","ghostSpread":161.9}
PASS  storm-cp4-red-tier-floor-shadow-draws  — {"draws":1,"tier":"T6","err":null}
PASS  heal-cp4-floor-shadow-by-tier  — {"shadows":[{"id":"HEAL_H1","tier":"T1","color":"#C9D0D7","glow":{"rx":22,"ry":7,"a":0.2,"pulse":0.04,"shimmer":false}},{"id":"HEAL_H2","tier":"T2","color":"#63E28B","glow":{"rx":28,"ry":8,"a":0.28,"pulse":0.08,"shimmer":false}},{"id":"HEAL_H3","tier":"T3","color":"#4F9DFF","glow":{"rx":36,"ry":11,"a":0.38,"pulse":0.13,"shimmer":false}},{"id":"HEAL_H4","tier":"T4","color":"#B66CFF","glow":{"rx":48,"ry":14,"a":0.48,"pulse":0.18,"shimmer":false}},{"id":"HEAL_H5","tier":"T5","color":"#FFB33C","glow":{"rx":60,"ry":17,"a":0.58,"pulse":0.26,"shimmer":true}}],"seenFillsSample":["rgba(79,157,255,0.553)"]}
PASS  firearm-cp4-class-ladder-rifle-baseline  — {"ladder":{"compact":[124,130],"heavyPistol":[136,138],"smg":[140,145],"rifle":[152,154],"big":[156,188],"sawedOff":132},"modes":{"equipped":1,"floor":0.92,"exit":0.96}}
[AQ] MODE_ENTER mode=ARSENAL_QUEST
Not implemented: HTMLMediaElement's pause() method
Not implemented: HTMLMediaElement's pause() method
Not implemented: HTMLMediaElement's pause() method
Not implemented: HTMLMediaElement's pause() method
Not implemented: HTMLMediaElement's pause() method
Not implemented: HTMLMediaElement's pause() method
Not implemented: HTMLMediaElement's pause() method
Not implemented: HTMLMediaElement's pause() method
Not implemented: HTMLMediaElement's pause() method
[AQ] STORM_FLOOR_STRIKE target=HERO x=350 y=500
[AQ] STORM_FLOOR_STRIKE target=RIVAL x=650 y=500
[AQ] STORM_FLOOR_STRIKE target=RIVAL x=650 y=500
[AQ] MODE_ENTER mode=ARSENAL_QUEST
Not implemented: HTMLMediaElement's pause() method
Not implemented: HTMLMediaElement's pause() method
Not implemented: HTMLMediaElement's pause() method
Not implemented: HTMLMediaElement's pause() method
Not implemented: HTMLMediaElement's pause() method
Not implemented: HTMLMediaElement's pause() method
Not implemented: HTMLMediaElement's pause() method
Not implemented: HTMLMediaElement's pause() method
Not implemented: HTMLMediaElement's pause() method
[AQ] STORM_SPAWN_VFX slot=1
[AQ] STORM_FLOOR_STRIKE target=HERO x=618 y=500
PASS  storm-floor-bolt-contact-stun-authority  — {"onPathContacts":1,"offPathContacts":0,"edgeContact":{"x":500,"y":200,"center":[500,260],"tangentX":1,"tangentY":0,"main":true,"dist":60,"onSegment":true,"notCenter":true},"resampleContacts":0,"stunnedOnPath":true,"stunTimer":0.933,"rivalUntouchedOffPath":true,"heroHpDelta":0,"strikesLogged":1,"stunExpired":true,"offPathNoNewStrikes":true,"offPathNotStunned":true,"rivalStruckOnPath":true,"rivalHpDelta":0,"livePulseReachesSampler":true,"realFighterStruckByLivePulses":true}
PASS  storm-floor-contact-real-point  — {"x":500,"y":200,"center":[500,260],"tangentX":1,"tangentY":0,"main":true,"dist":60,"onSegment":true,"notCenter":true}
[AQ] MODE_ENTER mode=ARSENAL_QUEST
Not implemented: HTMLMediaElement's pause() method
Not implemented: HTMLMediaElement's pause() method
Not implemented: HTMLMediaElement's pause() method
Not implemented: HTMLMediaElement's pause() method
Not implemented: HTMLMediaElement's pause() method
Not implemented: HTMLMediaElement's pause() method
Not implemented: HTMLMediaElement's pause() method
Not implemented: HTMLMediaElement's pause() method
Not implemented: HTMLMediaElement's pause() method
[AQ] STORM_SPAWN_VFX slot=1
[AQ] STORM_FLOOR_STRIKE target=RIVAL x=800 y=300
[AQ] STORM_FLOOR_STRIKE target=RIVAL x=800 y=300
[AQ] STORM_FLOOR_STRIKE target=HERO x=200 y=300
[AQ] STORM_FLOOR_STRIKE target=HERO x=200 y=300
[AQ] STORM_FLOOR_STRIKE target=RIVAL x=800 y=300
PASS  storm-vfx-bounded-pools  — {"floorBolts":2,"floorSparks":17,"profile":{"spawnPairCount":13,"flightLinkCount":10,"snapCount":4,"rawAnchorCount":9,"anchorTransform":"ref-landscape-to-game-portrait-90cw","mirrorLaw":"scale(-1,1) local width-axis flip; anchors flip ax only","bladeAnchorIndex":0,"thrownRadius":29.26,"floorAngleRad":4.71238898038469,"flightVisualOffsetRad":0,"mirrorLocal":true,"spawnLongSide":240,"heldLongSide":178,"flightLongSide":164,"spinRate":82,"motesEnabled":true,"ringRenderer":"v9-local","genericShockwaveSubstitution":false,"flightPresentationOwner":"storm-vfx","ghostOffsetsSeconds":[0.12,0.07,0.03],"ghostTint":"cyan","ghostSource":"recorded-trajectory","releaseBoltSeconds":0.11,"flightWidths":[4.1,1.55,0.62],"spawnStrongEvery":3,"longTail":false},"spawnWebBursts":49,"after":{"impacts":1,"bolts":13,"sparks":52,"trailEntities":false,"spawnTracked":1},"cleared":{"bolts":0,"impacts":0,"spawns":0}}
PASS  storm-v9-reference-structure  — {"floorBolts":2,"floorSparks":17,"profile":{"spawnPairCount":13,"flightLinkCount":10,"snapCount":4,"rawAnchorCount":9,"anchorTransform":"ref-landscape-to-game-portrait-90cw","mirrorLaw":"scale(-1,1) local width-axis flip; anchors flip ax only","bladeAnchorIndex":0,"thrownRadius":29.26,"floorAngleRad":4.71238898038469,"flightVisualOffsetRad":0,"mirrorLocal":true,"spawnLongSide":240,"heldLongSide":178,"flightLongSide":164,"spinRate":82,"motesEnabled":true,"ringRenderer":"v9-local","genericShockwaveSubstitution":false,"flightPresentationOwner":"storm-vfx","ghostOffsetsSeconds":[0.12,0.07,0.03],"ghostTint":"cyan","ghostSource":"recorded-trajectory","releaseBoltSeconds":0.11,"flightWidths":[4.1,1.55,0.62],"spawnStrongEvery":3,"longTail":false},"spawnWebBursts":49,"after":{"impacts":1,"bolts":13,"sparks":52,"trailEntities":false,"spawnTracked":1},"cleared":{"bolts":0,"impacts":0,"spawns":0}}
PASS  storm-vfx-no-long-tail-structural  — {"impacts":1,"bolts":13,"sparks":52,"trailEntities":false,"spawnTracked":1}
PASS  storm-vfx-impact-real-hitpoint  — {"impacts":1,"bolts":13,"sparks":52,"trailEntities":false,"spawnTracked":1}
PASS  storm-vfx-clear-clean  — {"bolts":0,"impacts":0,"spawns":0}
[AQ] MODE_ENTER mode=ARSENAL_QUEST
Not implemented: HTMLMediaElement's pause() method
Not implemented: HTMLMediaElement's pause() method
Not implemented: HTMLMediaElement's pause() method
Not implemented: HTMLMediaElement's pause() method
Not implemented: HTMLMediaElement's pause() method
Not implemented: HTMLMediaElement's pause() method
Not implemented: HTMLMediaElement's pause() method
Not implemented: HTMLMediaElement's pause() method
Not implemented: HTMLMediaElement's pause() method
[AQ] STORM_SPAWN_VFX slot=1
[AQ] MELEE_DECIDE fighter=HERO weapon=STORMBREAKER decision=throw
[AQ] USE fighter=HERO weapon=STORMBREAKER
[AQ] MODE_ENTER mode=ARSENAL_QUEST
[AQ] MELEE_DECIDE fighter=HERO weapon=STORMBREAKER decision=throw
Not implemented: HTMLMediaElement's pause() method
Not implemented: HTMLMediaElement's pause() method
Not implemented: HTMLMediaElement's pause() method
Not implemented: HTMLMediaElement's pause() method
Not implemented: HTMLMediaElement's pause() method
Not implemented: HTMLMediaElement's pause() method
Not implemented: HTMLMediaElement's pause() method
Not implemented: HTMLMediaElement's pause() method
Not implemented: HTMLMediaElement's pause() method
[AQ] USE fighter=HERO weapon=STORMBREAKER
[AQ] THROW fighter=HERO weapon=STORMBREAKER ricochets=1
[AQ] CONSUME fighter=HERO weapon=STORMBREAKER reason=thrown
[AQ] MODE_ENTER mode=ARSENAL_QUEST
[AQ] MELEE_DECIDE fighter=HERO weapon=STORMBREAKER decision=throw
Not implemented: HTMLMediaElement's pause() method
Not implemented: HTMLMediaElement's pause() method
Not implemented: HTMLMediaElement's pause() method
Not implemented: HTMLMediaElement's pause() method
Not implemented: HTMLMediaElement's pause() method
Not implemented: HTMLMediaElement's pause() method
Not implemented: HTMLMediaElement's pause() method
Not implemented: HTMLMediaElement's pause() method
Not implemented: HTMLMediaElement's pause() method
[AQ] USE fighter=HERO weapon=STORMBREAKER
[AQ] THROW fighter=HERO weapon=STORMBREAKER ricochets=1
[AQ] CONSUME fighter=HERO weapon=STORMBREAKER reason=thrown
[AQ] HIT source=HERO target=RIVAL weapon=STORMBREAKER damage=446.0
[AQ] STORM_IMPACT target=RIVAL x=513 y=490
[AQ] STORM_FLOOR_STRIKE target=HERO x=400 y=500
[AQ] STORM_FLOOR_STRIKE target=RIVAL x=600 y=500
[AQ] STORM_FLOOR_STRIKE target=RIVAL x=600 y=500
[AQ] MODE_ENTER mode=ARSENAL_QUEST
Not implemented: HTMLMediaElement's pause() method
Not implemented: HTMLMediaElement's pause() method
Not implemented: HTMLMediaElement's pause() method
Not implemented: HTMLMediaElement's pause() method
Not implemented: HTMLMediaElement's pause() method
Not implemented: HTMLMediaElement's pause() method
Not implemented: HTMLMediaElement's pause() method
Not implemented: HTMLMediaElement's pause() method
Not implemented: HTMLMediaElement's pause() method
[AQ] MODE_ENTER mode=ARSENAL_QUEST
[AQ] MELEE_DECIDE fighter=HERO weapon=STORMBREAKER decision=throw
Not implemented: HTMLMediaElement's pause() method
Not implemented: HTMLMediaElement's pause() method
Not implemented: HTMLMediaElement's pause() method
Not implemented: HTMLMediaElement's pause() method
Not implemented: HTMLMediaElement's pause() method
Not implemented: HTMLMediaElement's pause() method
Not implemented: HTMLMediaElement's pause() method
Not implemented: HTMLMediaElement's pause() method
Not implemented: HTMLMediaElement's pause() method
[AQ] STORM_SPAWN_VFX slot=1
[AQ] USE fighter=HERO weapon=STORMBREAKER
[AQ] THROW fighter=HERO weapon=STORMBREAKER ricochets=1
[AQ] CONSUME fighter=HERO weapon=STORMBREAKER reason=thrown
[AQ] STORM_FLOOR_STRIKE target=RIVAL x=925 y=120
[AQ] HIT source=HERO target=RIVAL weapon=STORMBREAKER damage=446.0
[AQ] STORM_IMPACT target=RIVAL x=837 y=118
[AQ] STORM_FLOOR_STRIKE target=RIVAL x=925 y=120
[AQ] STORM_FLOOR_STRIKE target=RIVAL x=925 y=120
[AQ] STORM_FLOOR_STRIKE target=RIVAL x=925 y=120
[AQ] STORM_FLOOR_STRIKE target=RIVAL x=925 y=120
STORM_PERF {"baselineFrameMs":0.356,"stormFrameMs":1.983,"deltaMs":1.627,"sections":{"simulation":{"n":28428,"avgMs":0.161,"maxMs":14.144},"background":{"n":747,"avgMs":0.172,"maxMs":7.197},"foreground":{"n":742,"avgMs":0.011,"maxMs":0.333},"arsenalVfxDraw":{"n":742,"avgMs":0.002,"maxMs":0.19},"stormVfxDraw":{"n":742,"avgMs":0.407,"maxMs":5.35},"arsenalFrame":{"n":742,"avgMs":1.331,"maxMs":131.634}},"peaks":{"stormBolts":28,"stormSparks":72,"shockwaves":7,"particles":322,"projectiles":13,"arsenalVfx":23},"stormModuleStats":{"frames":309,"boltsPeak":28,"sparksPeak":72,"throws":17,"impacts":13,"trailEntities":0}}
[AQ] MODE_ENTER mode=ARSENAL_QUEST
[AQ] LAB_ENTER fighters=ROBOT,ROBOT
Not implemented: HTMLMediaElement's pause() method
Not implemented: HTMLMediaElement's pause() method
Not implemented: HTMLMediaElement's pause() method
Not implemented: HTMLMediaElement's pause() method
Not implemented: HTMLMediaElement's pause() method
Not implemented: HTMLMediaElement's pause() method
Not implemented: HTMLMediaElement's pause() method
Not implemented: HTMLMediaElement's pause() method
Not implemented: HTMLMediaElement's pause() method
[AQ] LAB_SPAWN id=1 weapon=PISTOL x=325 y=691
[AQ] PICKUP id=1 fighter=ROBOT weapon=PISTOL
[AQ] USE fighter=ROBOT weapon=PISTOL
[AQ] SHOT fighter=ROBOT weapon=PISTOL t=31.350
[AQ] HIT source=ROBOT target=ROBOT weapon=PISTOL damage=31.5
[AQ] SHOT fighter=ROBOT weapon=PISTOL t=31.567
[AQ] HIT source=ROBOT target=ROBOT weapon=PISTOL damage=31.5
[AQ] SHOT fighter=ROBOT weapon=PISTOL t=31.783
[AQ] HIT source=ROBOT target=ROBOT weapon=PISTOL damage=31.5
[AQ] CONSUME fighter=ROBOT weapon=PISTOL reason=sequence-complete
[AQ] LAB_SPAWN id=2 weapon=STORMBREAKER x=402 y=284
[AQ] MODE_EXIT mode=ARSENAL_QUEST
PASS  lab-hub-five-entries-setting  — ["free","quest","shop","draw","lab"]
PASS  lab-entry-robot-robot-full-panel  — {"labMode":true,"hero":{"name":"ROBOT","hp":1000,"maxHp":1000,"x":220,"y":500,"weapon":"NONE","weaponPhase":null,"shotsFired":0},"rival":{"name":"ROBOT","hp":1000,"maxHp":1000,"x":780,"y":500,"weapon":"NONE","weaponPhase":null,"shotsFired":0}}
PASS  lab-no-click-no-spawn-31s  — {"activeSlots":0,"spawnedTotal":0,"over":null}
PASS  lab-exact-pistol-real-pickup-hit  — {"tiles":["free","quest","shop","draw","lab"],"setting":true,"startingMode":"BLOOD","entry":{"labMode":true,"hero":{"name":"ROBOT","hp":1000,"maxHp":1000,"x":220,"y":500,"weapon":"NONE","weaponPhase":null,"shotsFired":0},"rival":{"name":"ROBOT","hp":1000,"maxHp":1000,"x":780,"y":500,"weapon":"NONE","weaponPhase":null,"shotsFired":0}},"panelIds":["PISTOL","SMG","SHOTGUN","SNIPER","GLOCK_17","BERETTA_93R","DESERT_DEAGLE","MAGNUM_500","SZECSEI_FUCHS","TEC_9","MAC_10","P90","AK_47","M16","ZBROYAR_Z15","ZBROYAR_Z15_S1","ZBROYAR_Z15_S2","ZBROYAR_Z15_S3","M249_SAW","MBR","MBR2","MOSSBERG_500","SAWED_OFF","JACKHAMMER","GRENADE","BATTLE_AXE","DAGGER","SABRE","SPEAR","SPIKED_CLUB","STORMBREAKER","SWIRL_SHIELD","TOWER_SHIELD"],"idle":{"activeSlots":0,"spawnedTotal":0,"over":null},"noAutomatic":[],"first":[{"id":1,"weapon":"PISTOL","phase":"REVEALED"}],"collected":{"weapon":"PISTOL","phase":"READY","shots":0},"hits":3,"damage":94.5,"popups":2,"hpBefore":{"hero":1000,"rival":1000,"heroMax":1000,"rivalMax":1000},"lethal":{"hp":{"hero":1000,"rival":1000,"heroMax":1000,"rivalMax":1000},"over":null,"hits":4,"damage":1694.5,"numbers":["32","32","1600"]},"storm":{"weapon":"STORMBREAKER","phase":"REVEALED","tier":"T6"},"floorAngle":4.71238898038469,"beforeExit":{"credits":1000,"quest":"{\"unlockedThrough\":20,\"completedStages\":[20]}"},"afterExit":{"credits":1000,"quest":"{\"unlockedThrough\":20,\"completedStages\":[20]}","hub":"block","gameState":"MENU","panelGone":true}}
PASS  lab-lethal-feedback-no-ko-true-damage  — {"hp":{"hero":1000,"rival":1000,"heroMax":1000,"rivalMax":1000},"over":null,"hits":4,"damage":1694.5,"numbers":["32","32","1600"]}
PASS  lab-exact-storm-horizontal-floor  — {"weapon":"STORMBREAKER","phase":"REVEALED","tier":"T6"}
PASS  lab-exit-no-progression  — {"credits":1000,"quest":"{\"unlockedThrough\":20,\"completedStages\":[20]}","hub":"block","gameState":"MENU","panelGone":true}
[AQ] MODE_ENTER mode=ARSENAL_QUEST
[AQ] LAB_ENTER fighters=ROBOT,ROBOT
[AQ] LAB_SPAWN id=1 weapon=TOWER_SHIELD x=877 y=182
[AQ] LAB_SPAWN id=2 weapon=TOWER_SHIELD x=454 y=136
[AQ] LAB_SPAWN id=3 weapon=TOWER_SHIELD x=129 y=708
[AQ] LAB_SPAWN id=4 weapon=TOWER_SHIELD x=516 y=767
[AQ] LAB_SPAWN id=5 weapon=TOWER_SHIELD x=497 y=491
[AQ] LAB_SPAWN id=6 weapon=TOWER_SHIELD x=104 y=98
[AQ] MODE_EXIT mode=ARSENAL_QUEST
PASS  lab-manual-shield-bounded-separate-cap  — {"slots":[["TOWER_SHIELD","REVEALED"],["TOWER_SHIELD","REVEALED"],["TOWER_SHIELD","REVEALED"],["TOWER_SHIELD","REVEALED"],["TOWER_SHIELD","REVEALED"],["TOWER_SHIELD","REVEALED"]],"message":"LAB FULL — collect a pickup first","count":6,"productionCap":5}
PASS  lab-splatter-blood-unchanged  — {"rgb":[92,0,0],"legacy":[142,14,24]}
PASS  lab-splatter-victim-v1-and-legacy  — {"blood":{"rgb":[92,0,0],"legacy":[142,14,24]},"firearm":{"rgb":[32,74,116],"palette":[32,74,116]},"legacy":{"rgb":[51,119,187],"palette":[51,119,187]},"key":"apexChaos.arsenalSplatter.v1","stored":"FIGHTER COLOR","reloaded":"FIGHTER COLOR","semantics":{"dmg":"#F2382F","crit":"#FF8A24","heal":"#37D96B"}}
PASS  lab-splatter-persists-semantic-numbers  — {"blood":{"rgb":[92,0,0],"legacy":[142,14,24]},"firearm":{"rgb":[32,74,116],"palette":[32,74,116]},"legacy":{"rgb":[51,119,187],"palette":[51,119,187]},"key":"apexChaos.arsenalSplatter.v1","stored":"FIGHTER COLOR","reloaded":"FIGHTER COLOR","semantics":{"dmg":"#F2382F","crit":"#FF8A24","heal":"#37D96B"}}
[AQ] MODE_ENTER mode=ARSENAL_QUEST
[AQ] LAB_ENTER fighters=ROBOT,ROBOT
[AQ] LAB_SPAWN id=1 weapon=STORMBREAKER x=267 y=604
Not implemented: HTMLMediaElement's pause() method
Not implemented: HTMLMediaElement's pause() method
Not implemented: HTMLMediaElement's pause() method
Not implemented: HTMLMediaElement's pause() method
Not implemented: HTMLMediaElement's pause() method
Not implemented: HTMLMediaElement's pause() method
Not implemented: HTMLMediaElement's pause() method
Not implemented: HTMLMediaElement's pause() method
Not implemented: HTMLMediaElement's pause() method
[AQ] STORM_SPAWN_VFX slot=1
[AQ] MODE_EXIT mode=ARSENAL_QUEST
[AQ] MODE_ENTER mode=ARSENAL_QUEST
[AQ] SPAWN_SLOT id=1 x=687 y=350 lead=2.00
[AQ] REVEAL id=1 weapon=GLOCK_17 eta=0.87 lead=2.00 fighter=ROBOT force=false
Not implemented: HTMLMediaElement's pause() method
Not implemented: HTMLMediaElement's pause() method
Not implemented: HTMLMediaElement's pause() method
Not implemented: HTMLMediaElement's pause() method
Not implemented: HTMLMediaElement's pause() method
Not implemented: HTMLMediaElement's pause() method
Not implemented: HTMLMediaElement's pause() method
Not implemented: HTMLMediaElement's pause() method
Not implemented: HTMLMediaElement's pause() method
[AQ] PICKUP id=1 fighter=PAINTER weapon=GLOCK_17
[AQ] USE fighter=PAINTER weapon=GLOCK_17
[AQ] SHOT fighter=PAINTER weapon=GLOCK_17 t=0.467
[AQ] HIT source=PAINTER target=ROBOT weapon=GLOCK_17 damage=24.5
[AQ] SHOT fighter=PAINTER weapon=GLOCK_17 t=0.583
[AQ] HIT source=PAINTER target=ROBOT weapon=GLOCK_17 damage=24.5
[AQ] SHOT fighter=PAINTER weapon=GLOCK_17 t=0.700
[AQ] HIT source=PAINTER target=ROBOT weapon=GLOCK_17 damage=24.5
[AQ] SHOT fighter=PAINTER weapon=GLOCK_17 t=0.817
[AQ] CONSUME fighter=PAINTER weapon=GLOCK_17 reason=sequence-complete
[AQ] HIT source=PAINTER target=ROBOT weapon=GLOCK_17 damage=24.5
[AQ] SPAWN_SLOT id=2 x=736 y=540 lead=2.00
[AQ] REVEAL id=2 weapon=P90 eta=null lead=2.00 fighter=TIMEOUT force=true
[AQ] SPAWN_SLOT id=3 x=295 y=229 lead=2.00
[AQ] PICKUP id=2 fighter=PAINTER weapon=P90
[AQ] USE fighter=PAINTER weapon=P90
[AQ] SHOT fighter=PAINTER weapon=P90 t=6.900
[AQ] SHOT fighter=PAINTER weapon=P90 t=6.950
[AQ] SHOT fighter=PAINTER weapon=P90 t=7.017
[AQ] HIT source=PAINTER target=ROBOT weapon=P90 damage=13.3
[AQ] SHOT fighter=PAINTER weapon=P90 t=7.083
[AQ] HIT source=PAINTER target=ROBOT weapon=P90 damage=13.3
[AQ] SHOT fighter=PAINTER weapon=P90 t=7.150
[AQ] HIT source=PAINTER target=ROBOT weapon=P90 damage=13.3
[AQ] SHOT fighter=PAINTER weapon=P90 t=7.217
[AQ] HIT source=PAINTER target=ROBOT weapon=P90 damage=13.3
[AQ] SHOT fighter=PAINTER weapon=P90 t=7.283
[AQ] HIT source=PAINTER target=ROBOT weapon=P90 damage=13.3
[AQ] SHOT fighter=PAINTER weapon=P90 t=7.350
[AQ] HIT source=PAINTER target=ROBOT weapon=P90 damage=13.3
[AQ] SHOT fighter=PAINTER weapon=P90 t=7.417
[AQ] HIT source=PAINTER target=ROBOT weapon=P90 damage=13.3
[AQ] SPAWN_HEAL id=4 heal=HEAL_H2 restore=126
[AQ] REJECT_HEAL fighter=PAINTER id=4 reason=full-health
[AQ] SHOT fighter=PAINTER weapon=P90 t=7.483
[AQ] HIT source=PAINTER target=ROBOT weapon=P90 damage=13.3
[AQ] CONSUME fighter=PAINTER weapon=P90 reason=sequence-complete
[AQ] HIT source=PAINTER target=ROBOT weapon=P90 damage=13.3
[AQ] SPAWN_SLOT id=5 x=282 y=535 lead=2.00
[AQ] HIT source=PAINTER target=ROBOT weapon=P90 damage=13.3
[AQ] REVEAL id=3 weapon=TEC_9 eta=0.34 lead=2.00 fighter=ROBOT force=false
[AQ] PICKUP id=3 fighter=ROBOT weapon=TEC_9
[AQ] USE fighter=ROBOT weapon=TEC_9
[AQ] SHOT fighter=ROBOT weapon=TEC_9 t=8.150
[AQ] HIT source=ROBOT target=PAINTER weapon=TEC_9 damage=21.0
[AQ] COUNTER_RESERVED id=5 for=PAINTER shield=SWIRL_SHIELD vs=TEC_9
[AQ] SHOT fighter=ROBOT weapon=TEC_9 t=8.233
[AQ] HIT source=ROBOT target=PAINTER weapon=TEC_9 damage=21.0
[AQ] SHOT fighter=ROBOT weapon=TEC_9 t=8.317
[AQ] HIT source=ROBOT target=PAINTER weapon=TEC_9 damage=21.0
[AQ] USE fighter=PAINTER weapon=SWIRL_SHIELD
[AQ] PICKUP id=5 fighter=PAINTER weapon=SWIRL_SHIELD
[AQ] SHOT fighter=ROBOT weapon=TEC_9 t=8.417
[AQ] REFLECT fighter=PAINTER weapon=SWIRL_SHIELD projectileFrom=ROBOT
[AQ] HIT source=PAINTER target=ROBOT weapon=TEC_9 damage=21.0
[AQ] SHOT fighter=ROBOT weapon=TEC_9 t=8.500
[AQ] REFLECT fighter=PAINTER weapon=SWIRL_SHIELD projectileFrom=ROBOT
[AQ] HIT source=PAINTER target=ROBOT weapon=TEC_9 damage=21.0
[AQ] CONSUME fighter=ROBOT weapon=TEC_9 reason=sequence-complete
[AQ] CONSUME fighter=PAINTER weapon=SWIRL_SHIELD reason=expired
[AQ] SPAWN_SLOT id=6 x=705 y=554 lead=2.00
[AQ] PICKUP_HEAL id=4 fighter=ROBOT restore=126
[AQ] REVEAL id=6 weapon=GLOCK_17 eta=0.71 lead=2.00 fighter=ROBOT force=false
[AQ] PICKUP id=6 fighter=ROBOT weapon=GLOCK_17
[AQ] USE fighter=ROBOT weapon=GLOCK_17
[AQ] SHOT fighter=ROBOT weapon=GLOCK_17 t=11.633
[AQ] HIT source=ROBOT target=PAINTER weapon=GLOCK_17 damage=24.5
[AQ] SHOT fighter=ROBOT weapon=GLOCK_17 t=11.750
[AQ] HIT source=ROBOT target=PAINTER weapon=GLOCK_17 damage=24.5
[AQ] SHOT fighter=ROBOT weapon=GLOCK_17 t=11.867
[AQ] HIT source=ROBOT target=PAINTER weapon=GLOCK_17 damage=24.5
[AQ] SHOT fighter=ROBOT weapon=GLOCK_17 t=11.983
[AQ] CONSUME fighter=ROBOT weapon=GLOCK_17 reason=sequence-complete
[AQ] SPAWN_SLOT id=7 x=455 y=699 lead=2.00
[AQ] REVEAL id=7 weapon=P90 eta=0.53 lead=2.00 fighter=PAINTER force=false
[AQ] PICKUP id=7 fighter=PAINTER weapon=P90
[AQ] USE fighter=PAINTER weapon=P90
[AQ] SHOT fighter=PAINTER weapon=P90 t=14.800
[AQ] HIT source=PAINTER target=ROBOT weapon=P90 damage=13.3
[AQ] SHOT fighter=PAINTER weapon=P90 t=14.850
[AQ] HIT source=PAINTER target=ROBOT weapon=P90 damage=13.3
[AQ] SHOT fighter=PAINTER weapon=P90 t=14.917
[AQ] HIT source=PAINTER target=ROBOT weapon=P90 damage=13.3
[AQ] SHOT fighter=PAINTER weapon=P90 t=14.983
[AQ] HIT source=PAINTER target=ROBOT weapon=P90 damage=13.3
[AQ] SHOT fighter=PAINTER weapon=P90 t=15.050
[AQ] HIT source=PAINTER target=ROBOT weapon=P90 damage=13.3
[AQ] SHOT fighter=PAINTER weapon=P90 t=15.117
[AQ] HIT source=PAINTER target=ROBOT weapon=P90 damage=13.3
[AQ] SHOT fighter=PAINTER weapon=P90 t=15.183
[AQ] HIT source=PAINTER target=ROBOT weapon=P90 damage=13.3
[AQ] SHOT fighter=PAINTER weapon=P90 t=15.250
[AQ] HIT source=PAINTER target=ROBOT weapon=P90 damage=13.3
[AQ] SHOT fighter=PAINTER weapon=P90 t=15.317
[AQ] HIT source=PAINTER target=ROBOT weapon=P90 damage=13.3
[AQ] SHOT fighter=PAINTER weapon=P90 t=15.383
[AQ] HIT source=PAINTER target=ROBOT weapon=P90 damage=13.3
[AQ] CONSUME fighter=PAINTER weapon=P90 reason=sequence-complete
[AQ] SPAWN_SLOT id=8 x=225 y=180 lead=2.00
[AQ] SPAWN_HEAL id=9 heal=HEAL_H2 restore=126
[AQ] REVEAL id=8 weapon=TEC_9 eta=0.78 lead=2.00 fighter=PAINTER force=false
[AQ] PICKUP id=8 fighter=ROBOT weapon=TEC_9
[AQ] USE fighter=ROBOT weapon=TEC_9
[AQ] SHOT fighter=ROBOT weapon=TEC_9 t=18.200
[AQ] SHOT fighter=ROBOT weapon=TEC_9 t=18.283
[AQ] SHOT fighter=ROBOT weapon=TEC_9 t=18.367
[AQ] SHOT fighter=ROBOT weapon=TEC_9 t=18.467
[AQ] SHOT fighter=ROBOT weapon=TEC_9 t=18.550
[AQ] HIT source=ROBOT target=PAINTER weapon=TEC_9 damage=21.0
[AQ] HIT source=ROBOT target=PAINTER weapon=TEC_9 damage=21.0
[AQ] CONSUME fighter=ROBOT weapon=TEC_9 reason=sequence-complete
[AQ] SPAWN_SLOT id=10 x=853 y=598 lead=2.00
[AQ] HIT source=ROBOT target=PAINTER weapon=TEC_9 damage=21.0
[AQ] PICKUP_HEAL id=9 fighter=PAINTER restore=126
[AQ] REVEAL id=10 weapon=GLOCK_17 eta=null lead=2.00 fighter=TIMEOUT force=true
[AQ] SPAWN_SLOT id=11 x=737 y=757 lead=2.00
[AQ] REVEAL id=11 weapon=P90 eta=1.19 lead=2.00 fighter=ROBOT force=false
[AQ] PICKUP id=11 fighter=ROBOT weapon=P90
[AQ] USE fighter=ROBOT weapon=P90
[AQ] SHOT fighter=ROBOT weapon=P90 t=24.533
[AQ] SHOT fighter=ROBOT weapon=P90 t=24.583
[AQ] SHOT fighter=ROBOT weapon=P90 t=24.650
[AQ] SHOT fighter=ROBOT weapon=P90 t=24.717
[AQ] SHOT fighter=ROBOT weapon=P90 t=24.783
[AQ] SHOT fighter=ROBOT weapon=P90 t=24.850
[AQ] SHOT fighter=ROBOT weapon=P90 t=24.917
[AQ] SHOT fighter=ROBOT weapon=P90 t=24.983
[AQ] HIT source=ROBOT target=PAINTER weapon=P90 damage=13.3
[AQ] SHOT fighter=ROBOT weapon=P90 t=25.050
[AQ] SHOT fighter=ROBOT weapon=P90 t=25.117
[AQ] CONSUME fighter=ROBOT weapon=P90 reason=sequence-complete
[AQ] HIT source=ROBOT target=PAINTER weapon=P90 damage=13.3
[AQ] SPAWN_HEAL id=12 heal=HEAL_H2 restore=126
[AQ] SPAWN_SLOT id=13 x=184 y=805 lead=2.00
[AQ] REVEAL id=13 weapon=TEC_9 eta=null lead=2.00 fighter=TIMEOUT force=true
[AQ] PICKUP id=10 fighter=PAINTER weapon=GLOCK_17
[AQ] USE fighter=PAINTER weapon=GLOCK_17
[AQ] SHOT fighter=PAINTER weapon=GLOCK_17 t=31.033
[AQ] SHOT fighter=PAINTER weapon=GLOCK_17 t=31.150
[AQ] HIT source=PAINTER target=ROBOT weapon=GLOCK_17 damage=24.5
[AQ] HIT source=PAINTER target=ROBOT weapon=GLOCK_17 damage=24.5
[AQ] SHOT fighter=PAINTER weapon=GLOCK_17 t=31.267
[AQ] HIT source=PAINTER target=ROBOT weapon=GLOCK_17 damage=24.5
[AQ] SHOT fighter=PAINTER weapon=GLOCK_17 t=31.383
[AQ] HIT source=PAINTER target=ROBOT weapon=GLOCK_17 damage=24.5
[AQ] CONSUME fighter=PAINTER weapon=GLOCK_17 reason=sequence-complete
[AQ] PICKUP_HEAL id=12 fighter=PAINTER restore=88.09999999999991
[AQ] SPAWN_SLOT id=14 x=647 y=700 lead=2.00
[AQ] PICKUP id=13 fighter=PAINTER weapon=TEC_9
[AQ] SPAWN_HEAL id=15 heal=HEAL_H1 restore=70
[AQ] REJECT_HEAL fighter=PAINTER id=15 reason=full-health
[AQ] USE fighter=PAINTER weapon=TEC_9
[AQ] SHOT fighter=PAINTER weapon=TEC_9 t=34.767
[AQ] SHOT fighter=PAINTER weapon=TEC_9 t=34.850
[AQ] SHOT fighter=PAINTER weapon=TEC_9 t=34.933
[AQ] SHOT fighter=PAINTER weapon=TEC_9 t=35.033
[AQ] SHOT fighter=PAINTER weapon=TEC_9 t=35.117
[AQ] HIT source=PAINTER target=ROBOT weapon=TEC_9 damage=21.0
[AQ] REVEAL id=14 weapon=P90 eta=null lead=2.00 fighter=TIMEOUT force=true
[AQ] CONSUME fighter=PAINTER weapon=TEC_9 reason=sequence-complete
[AQ] PICKUP id=14 fighter=ROBOT weapon=P90
[AQ] USE fighter=ROBOT weapon=P90
[AQ] SHOT fighter=ROBOT weapon=P90 t=36.517
[AQ] SHOT fighter=ROBOT weapon=P90 t=36.567
[AQ] SHOT fighter=ROBOT weapon=P90 t=36.633
[AQ] SPAWN_SLOT id=16 x=261 y=363 lead=2.00
[AQ] SHOT fighter=ROBOT weapon=P90 t=36.700
[AQ] SHOT fighter=ROBOT weapon=P90 t=36.767
[AQ] SHOT fighter=ROBOT weapon=P90 t=36.833
[AQ] SHOT fighter=ROBOT weapon=P90 t=36.900
[AQ] SHOT fighter=ROBOT weapon=P90 t=36.967
[AQ] SHOT fighter=ROBOT weapon=P90 t=37.033
[AQ] SHOT fighter=ROBOT weapon=P90 t=37.100
[AQ] CONSUME fighter=ROBOT weapon=P90 reason=sequence-complete
[AQ] SPAWN_SLOT id=17 x=456 y=861 lead=2.00
[AQ] PICKUP_HEAL id=15 fighter=ROBOT restore=70
[AQ] REVEAL id=16 weapon=SMG eta=null lead=2.00 fighter=TIMEOUT force=true
[AQ] REVEAL id=17 weapon=TEC_9 eta=null lead=2.00 fighter=TIMEOUT force=true
[AQ] PICKUP id=16 fighter=PAINTER weapon=SMG
[AQ] USE fighter=PAINTER weapon=SMG
[AQ] SHOT fighter=PAINTER weapon=SMG t=41.517
[AQ] SHOT fighter=PAINTER weapon=SMG t=41.600
[AQ] HIT source=PAINTER target=ROBOT weapon=SMG damage=15.8
[AQ] SPAWN_SLOT id=18 x=195 y=366 lead=2.00
[AQ] SHOT fighter=PAINTER weapon=SMG t=41.683
[AQ] HIT source=PAINTER target=ROBOT weapon=SMG damage=15.8
[AQ] SHOT fighter=PAINTER weapon=SMG t=41.767
[AQ] SHOT fighter=PAINTER weapon=SMG t=41.850
[AQ] SHOT fighter=PAINTER weapon=SMG t=41.933
[AQ] HIT source=PAINTER target=ROBOT weapon=SMG damage=15.8
[AQ] SHOT fighter=PAINTER weapon=SMG t=42.017
[AQ] HIT source=PAINTER target=ROBOT weapon=SMG damage=15.8
[AQ] SHOT fighter=PAINTER weapon=SMG t=42.100
[AQ] HIT source=PAINTER target=ROBOT weapon=SMG damage=15.8
[AQ] CONSUME fighter=PAINTER weapon=SMG reason=sequence-complete
[AQ] HIT source=PAINTER target=ROBOT weapon=SMG damage=15.8
[AQ] HIT source=PAINTER target=ROBOT weapon=SMG damage=15.8
[AQ] SPAWN_HEAL id=19 heal=HEAL_H1 restore=70
[AQ] REJECT_HEAL fighter=PAINTER id=19 reason=full-health
[AQ] REVEAL id=18 weapon=P90 eta=null lead=2.00 fighter=TIMEOUT force=true
[AQ] SPAWN_SLOT id=20 x=643 y=850 lead=2.00
[AQ] REVEAL id=20 weapon=SMG eta=0.84 lead=2.00 fighter=PAINTER force=false
[AQ] PICKUP id=20 fighter=PAINTER weapon=SMG
[AQ] USE fighter=PAINTER weapon=SMG
[AQ] SHOT fighter=PAINTER weapon=SMG t=49.267
[AQ] SHOT fighter=PAINTER weapon=SMG t=49.350
[AQ] HIT source=PAINTER target=ROBOT weapon=SMG damage=15.8
[AQ] SHOT fighter=PAINTER weapon=SMG t=49.433
[AQ] HIT source=PAINTER target=ROBOT weapon=SMG damage=15.8
[AQ] SHOT fighter=PAINTER weapon=SMG t=49.517
[AQ] HIT source=PAINTER target=ROBOT weapon=SMG damage=15.8
[AQ] SHOT fighter=PAINTER weapon=SMG t=49.600
[AQ] HIT source=PAINTER target=ROBOT weapon=SMG damage=15.8
[AQ] SHOT fighter=PAINTER weapon=SMG t=49.683
[AQ] HIT source=PAINTER target=ROBOT weapon=SMG damage=15.8
[AQ] SHOT fighter=PAINTER weapon=SMG t=49.767
[AQ] HIT source=PAINTER target=ROBOT weapon=SMG damage=15.8
[AQ] SHOT fighter=PAINTER weapon=SMG t=49.850
[AQ] HIT source=PAINTER target=ROBOT weapon=SMG damage=15.8
[AQ] CONSUME fighter=PAINTER weapon=SMG reason=sequence-complete
[AQ] SPAWN_SLOT id=21 x=458 y=572 lead=2.00
[AQ] REVEAL id=21 weapon=TEC_9 eta=0.89 lead=2.00 fighter=PAINTER force=false
[AQ] PICKUP id=17 fighter=ROBOT weapon=TEC_9
[AQ] USE fighter=ROBOT weapon=TEC_9
[AQ] SHOT fighter=ROBOT weapon=TEC_9 t=51.467
[AQ] SHOT fighter=ROBOT weapon=TEC_9 t=51.550
[AQ] PICKUP id=21 fighter=PAINTER weapon=TEC_9
[AQ] HIT source=ROBOT target=PAINTER weapon=TEC_9 damage=21.0
[AQ] SHOT fighter=ROBOT weapon=TEC_9 t=51.633
[AQ] HIT source=ROBOT target=PAINTER weapon=TEC_9 damage=21.0
[AQ] SHOT fighter=ROBOT weapon=TEC_9 t=51.733
[AQ] HIT source=ROBOT target=PAINTER weapon=TEC_9 damage=21.0
[AQ] SHOT fighter=ROBOT weapon=TEC_9 t=51.817
[AQ] HIT source=ROBOT target=PAINTER weapon=TEC_9 damage=21.0
[AQ] USE fighter=PAINTER weapon=TEC_9
[AQ] SHOT fighter=PAINTER weapon=TEC_9 t=51.900
[AQ] CONSUME fighter=ROBOT weapon=TEC_9 reason=sequence-complete
[AQ] HIT source=ROBOT target=PAINTER weapon=TEC_9 damage=21.0
[AQ] SHOT fighter=PAINTER weapon=TEC_9 t=51.983
[AQ] HIT source=PAINTER target=ROBOT weapon=TEC_9 damage=21.0
[AQ] HIT source=PAINTER target=ROBOT weapon=TEC_9 damage=21.0
[AQ] SHOT fighter=PAINTER weapon=TEC_9 t=52.067
[AQ] HIT source=PAINTER target=ROBOT weapon=TEC_9 damage=21.0
[AQ] SHOT fighter=PAINTER weapon=TEC_9 t=52.167
[AQ] HIT source=PAINTER target=ROBOT weapon=TEC_9 damage=21.0
[AQ] SHOT fighter=PAINTER weapon=TEC_9 t=52.250
[AQ] HIT source=PAINTER target=ROBOT weapon=TEC_9 damage=21.0
[AQ] CONSUME fighter=PAINTER weapon=TEC_9 reason=sequence-complete
[AQ] PICKUP_HEAL id=19 fighter=ROBOT restore=70
[AQ] SPAWN_HEAL id=22 heal=HEAL_H1 restore=70
[AQ] PICKUP id=18 fighter=ROBOT weapon=P90
[AQ] USE fighter=ROBOT weapon=P90
[AQ] SHOT fighter=ROBOT weapon=P90 t=53.950
[AQ] HIT source=ROBOT target=PAINTER weapon=P90 damage=13.3
[AQ] SHOT fighter=ROBOT weapon=P90 t=54.000
[AQ] SHOT fighter=ROBOT weapon=P90 t=54.067
[AQ] SHOT fighter=ROBOT weapon=P90 t=54.133
[AQ] SHOT fighter=ROBOT weapon=P90 t=54.200
[AQ] SHOT fighter=ROBOT weapon=P90 t=54.267
[AQ] SHOT fighter=ROBOT weapon=P90 t=54.333
[AQ] SHOT fighter=ROBOT weapon=P90 t=54.400
[AQ] HIT source=ROBOT target=PAINTER weapon=P90 damage=13.3
[AQ] SHOT fighter=ROBOT weapon=P90 t=54.467
[AQ] HIT source=ROBOT target=PAINTER weapon=P90 damage=13.3
[AQ] SHOT fighter=ROBOT weapon=P90 t=54.533
[AQ] HIT source=ROBOT target=PAINTER weapon=P90 damage=13.3
[AQ] CONSUME fighter=ROBOT weapon=P90 reason=sequence-complete
[AQ] SPAWN_SLOT id=23 x=903 y=383 lead=2.00
[AQ] HIT source=ROBOT target=PAINTER weapon=P90 damage=13.3
[AQ] PICKUP_HEAL id=22 fighter=PAINTER restore=70
[AQ] REVEAL id=23 weapon=P90 eta=null lead=2.00 fighter=TIMEOUT force=true
[AQ] PICKUP id=23 fighter=ROBOT weapon=P90
[AQ] USE fighter=ROBOT weapon=P90
[AQ] SHOT fighter=ROBOT weapon=P90 t=58.050
[AQ] SHOT fighter=ROBOT weapon=P90 t=58.100
[AQ] SHOT fighter=ROBOT weapon=P90 t=58.167
[AQ] SHOT fighter=ROBOT weapon=P90 t=58.233
[AQ] SHOT fighter=ROBOT weapon=P90 t=58.300
[AQ] SHOT fighter=ROBOT weapon=P90 t=58.367
[AQ] SHOT fighter=ROBOT weapon=P90 t=58.433
[AQ] SHOT fighter=ROBOT weapon=P90 t=58.500
[AQ] SHOT fighter=ROBOT weapon=P90 t=58.567
[AQ] HIT source=ROBOT target=PAINTER weapon=P90 damage=13.3
[AQ] SHOT fighter=ROBOT weapon=P90 t=58.633
[AQ] HIT source=ROBOT target=PAINTER weapon=P90 damage=13.3
[AQ] CONSUME fighter=ROBOT weapon=P90 reason=sequence-complete
[AQ] SPAWN_SLOT id=24 x=119 y=537 lead=2.00
[AQ] REVEAL id=24 weapon=SMG eta=1.17 lead=2.00 fighter=ROBOT force=false
[AQ] PICKUP id=24 fighter=ROBOT weapon=SMG
[AQ] KO winner=ROBOT
[AQ] MODE_ENTER mode=ARSENAL_QUEST
[AQ] SPAWN_SLOT id=1 x=903 y=551 lead=2.00
Not implemented: HTMLMediaElement's pause() method
Not implemented: HTMLMediaElement's pause() method
Not implemented: HTMLMediaElement's pause() method
Not implemented: HTMLMediaElement's pause() method
Not implemented: HTMLMediaElement's pause() method
Not implemented: HTMLMediaElement's pause() method
Not implemented: HTMLMediaElement's pause() method
Not implemented: HTMLMediaElement's pause() method
Not implemented: HTMLMediaElement's pause() method
[AQ] REVEAL id=1 weapon=TEC_9 eta=null lead=2.00 fighter=TIMEOUT force=true
[AQ] PICKUP id=1 fighter=ROBOT weapon=TEC_9
[AQ] USE fighter=ROBOT weapon=TEC_9
[AQ] SHOT fighter=ROBOT weapon=TEC_9 t=3.983
[AQ] SHOT fighter=ROBOT weapon=TEC_9 t=4.067
[AQ] SHOT fighter=ROBOT weapon=TEC_9 t=4.150
[AQ] SHOT fighter=ROBOT weapon=TEC_9 t=4.250
[AQ] SHOT fighter=ROBOT weapon=TEC_9 t=4.333
[AQ] CONSUME fighter=ROBOT weapon=TEC_9 reason=sequence-complete
[AQ] SPAWN_SLOT id=2 x=310 y=883 lead=2.00
[AQ] REVEAL id=2 weapon=GLOCK_17 eta=null lead=2.00 fighter=TIMEOUT force=true
[AQ] SPAWN_SLOT id=3 x=146 y=258 lead=2.00
[AQ] PICKUP id=2 fighter=ROBOT weapon=GLOCK_17
[AQ] USE fighter=ROBOT weapon=GLOCK_17
[AQ] SHOT fighter=ROBOT weapon=GLOCK_17 t=9.383
[AQ] SHOT fighter=ROBOT weapon=GLOCK_17 t=9.500
[AQ] SHOT fighter=ROBOT weapon=GLOCK_17 t=9.617
[AQ] SHOT fighter=ROBOT weapon=GLOCK_17 t=9.733
[AQ] HIT source=ROBOT target=DRUM weapon=GLOCK_17 damage=24.5
[AQ] CONSUME fighter=ROBOT weapon=GLOCK_17 reason=sequence-complete
[AQ] SPAWN_SLOT id=4 x=96 y=864 lead=2.00
[AQ] REVEAL id=3 weapon=P90 eta=0.15 lead=2.00 fighter=ROBOT force=false
[AQ] PICKUP id=3 fighter=ROBOT weapon=P90
[AQ] USE fighter=ROBOT weapon=P90
[AQ] SHOT fighter=ROBOT weapon=P90 t=10.917
[AQ] SHOT fighter=ROBOT weapon=P90 t=10.967
[AQ] SHOT fighter=ROBOT weapon=P90 t=11.033
[AQ] SHOT fighter=ROBOT weapon=P90 t=11.100
[AQ] SHOT fighter=ROBOT weapon=P90 t=11.167
[AQ] HIT source=ROBOT target=DRUM weapon=P90 damage=13.3
[AQ] SHOT fighter=ROBOT weapon=P90 t=11.233
[AQ] SHOT fighter=ROBOT weapon=P90 t=11.300
[AQ] SHOT fighter=ROBOT weapon=P90 t=11.367
[AQ] HIT source=ROBOT target=DRUM weapon=P90 damage=13.3
[AQ] SHOT fighter=ROBOT weapon=P90 t=11.433
[AQ] HIT source=ROBOT target=DRUM weapon=P90 damage=13.3
[AQ] SHOT fighter=ROBOT weapon=P90 t=11.500
[AQ] CONSUME fighter=ROBOT weapon=P90 reason=sequence-complete
[AQ] SPAWN_SLOT id=5 x=876 y=264 lead=2.00
[AQ] REVEAL id=4 weapon=SMG eta=null lead=2.00 fighter=TIMEOUT force=true
[AQ] REVEAL id=5 weapon=TEC_9 eta=null lead=2.00 fighter=TIMEOUT force=true
[AQ] PICKUP id=5 fighter=ROBOT weapon=TEC_9
[AQ] USE fighter=ROBOT weapon=TEC_9
[AQ] SHOT fighter=ROBOT weapon=TEC_9 t=15.150
[AQ] SHOT fighter=ROBOT weapon=TEC_9 t=15.233
[AQ] SHOT fighter=ROBOT weapon=TEC_9 t=15.317
[AQ] SHOT fighter=ROBOT weapon=TEC_9 t=15.417
[AQ] SHOT fighter=ROBOT weapon=TEC_9 t=15.500
[AQ] CONSUME fighter=ROBOT weapon=TEC_9 reason=sequence-complete
[AQ] SPAWN_SLOT id=6 x=696 y=311 lead=2.00
[AQ] REVEAL id=6 weapon=GLOCK_17 eta=null lead=2.00 fighter=TIMEOUT force=true
[AQ] SPAWN_SLOT id=7 x=96 y=306 lead=2.00
[AQ] PICKUP id=4 fighter=DRUM weapon=SMG
[AQ] USE fighter=DRUM weapon=SMG
[AQ] SHOT fighter=DRUM weapon=SMG t=21.400
[AQ] SHOT fighter=DRUM weapon=SMG t=21.483
[AQ] SHOT fighter=DRUM weapon=SMG t=21.567
[AQ] SHOT fighter=DRUM weapon=SMG t=21.650
[AQ] HIT source=DRUM target=ROBOT weapon=SMG damage=15.8
[AQ] SHOT fighter=DRUM weapon=SMG t=21.733
[AQ] SHOT fighter=DRUM weapon=SMG t=21.817
[AQ] SHOT fighter=DRUM weapon=SMG t=21.900
[AQ] SHOT fighter=DRUM weapon=SMG t=21.983
[AQ] CONSUME fighter=DRUM weapon=SMG reason=sequence-complete
[AQ] REVEAL id=7 weapon=P90 eta=null lead=2.00 fighter=TIMEOUT force=true
[AQ] PICKUP id=6 fighter=ROBOT weapon=GLOCK_17
[AQ] USE fighter=ROBOT weapon=GLOCK_17
[AQ] SHOT fighter=ROBOT weapon=GLOCK_17 t=24.483
[AQ] SHOT fighter=ROBOT weapon=GLOCK_17 t=24.600
[AQ] HIT source=ROBOT target=DRUM weapon=GLOCK_17 damage=24.5
[AQ] SHOT fighter=ROBOT weapon=GLOCK_17 t=24.717
[AQ] HIT source=ROBOT target=DRUM weapon=GLOCK_17 damage=24.5
[AQ] SHOT fighter=ROBOT weapon=GLOCK_17 t=24.833
[AQ] HIT source=ROBOT target=DRUM weapon=GLOCK_17 damage=24.5
[AQ] CONSUME fighter=ROBOT weapon=GLOCK_17 reason=sequence-complete
[AQ] HIT source=ROBOT target=DRUM weapon=GLOCK_17 damage=24.5
[AQ] SPAWN_SLOT id=8 x=596 y=109 lead=2.00
[AQ] PICKUP id=7 fighter=DRUM weapon=P90
[AQ] USE fighter=DRUM weapon=P90
[AQ] SHOT fighter=DRUM weapon=P90 t=26.517
[AQ] SHOT fighter=DRUM weapon=P90 t=26.567
[AQ] SHOT fighter=DRUM weapon=P90 t=26.633
[AQ] SHOT fighter=DRUM weapon=P90 t=26.700
[AQ] HIT source=DRUM target=ROBOT weapon=P90 damage=13.3
[AQ] SHOT fighter=DRUM weapon=P90 t=26.767
[AQ] SHOT fighter=DRUM weapon=P90 t=26.833
[AQ] SHOT fighter=DRUM weapon=P90 t=26.900
[AQ] SHOT fighter=DRUM weapon=P90 t=26.967
[AQ] SHOT fighter=DRUM weapon=P90 t=27.033
[AQ] SHOT fighter=DRUM weapon=P90 t=27.100
[AQ] CONSUME fighter=DRUM weapon=P90 reason=sequence-complete
[AQ] SPAWN_SLOT id=9 x=530 y=646 lead=2.00
[AQ] REVEAL id=8 weapon=SMG eta=0.23 lead=2.00 fighter=DRUM force=false
[AQ] PICKUP id=8 fighter=DRUM weapon=SMG
[AQ] USE fighter=DRUM weapon=SMG
[AQ] SHOT fighter=DRUM weapon=SMG t=27.683
[AQ] SHOT fighter=DRUM weapon=SMG t=27.767
[AQ] SHOT fighter=DRUM weapon=SMG t=27.850
[AQ] HIT source=DRUM target=ROBOT weapon=SMG damage=15.8
[AQ] SHOT fighter=DRUM weapon=SMG t=27.933
[AQ] HIT source=DRUM target=ROBOT weapon=SMG damage=15.8
[AQ] SHOT fighter=DRUM weapon=SMG t=28.017
[AQ] SHOT fighter=DRUM weapon=SMG t=28.100
[AQ] SHOT fighter=DRUM weapon=SMG t=28.183
[AQ] HIT source=DRUM target=ROBOT weapon=SMG damage=15.8
[AQ] SHOT fighter=DRUM weapon=SMG t=28.267
[AQ] HIT source=DRUM target=ROBOT weapon=SMG damage=15.8
[AQ] CONSUME fighter=DRUM weapon=SMG reason=sequence-complete
[AQ] SPAWN_SLOT id=10 x=772 y=850 lead=2.00
[AQ] HIT source=DRUM target=ROBOT weapon=SMG damage=15.8
[AQ] HIT source=DRUM target=ROBOT weapon=SMG damage=15.8
[AQ] REVEAL id=9 weapon=TEC_9 eta=0.70 lead=2.00 fighter=DRUM force=false
[AQ] PICKUP id=9 fighter=DRUM weapon=TEC_9
[AQ] USE fighter=DRUM weapon=TEC_9
[AQ] SHOT fighter=DRUM weapon=TEC_9 t=30.533
[AQ] HIT source=DRUM target=ROBOT weapon=TEC_9 damage=21.0
[AQ] SHOT fighter=DRUM weapon=TEC_9 t=30.617
[AQ] HIT source=DRUM target=ROBOT weapon=TEC_9 damage=21.0
[AQ] SPAWN_HEAL id=11 heal=HEAL_H1 restore=70
[AQ] SHOT fighter=DRUM weapon=TEC_9 t=30.700
[AQ] HIT source=DRUM target=ROBOT weapon=TEC_9 damage=21.0
[AQ] SHOT fighter=DRUM weapon=TEC_9 t=30.800
[AQ] SHOT fighter=DRUM weapon=TEC_9 t=30.883
[AQ] PICKUP_HEAL id=11 fighter=DRUM restore=70
[AQ] CONSUME fighter=DRUM weapon=TEC_9 reason=sequence-complete
[AQ] SPAWN_SLOT id=12 x=494 y=391 lead=2.00
[AQ] REVEAL id=10 weapon=P90 eta=null lead=2.00 fighter=TIMEOUT force=true
[AQ] PICKUP id=10 fighter=DRUM weapon=P90
[AQ] USE fighter=DRUM weapon=P90
[AQ] SHOT fighter=DRUM weapon=P90 t=32.817
[AQ] SHOT fighter=DRUM weapon=P90 t=32.867
[AQ] SHOT fighter=DRUM weapon=P90 t=32.933
[AQ] SHOT fighter=DRUM weapon=P90 t=33.000
[AQ] SHOT fighter=DRUM weapon=P90 t=33.067
[AQ] SHOT fighter=DRUM weapon=P90 t=33.133
[AQ] SHOT fighter=DRUM weapon=P90 t=33.200
[AQ] SHOT fighter=DRUM weapon=P90 t=33.267
[AQ] HIT source=DRUM target=ROBOT weapon=P90 damage=13.3
[AQ] SHOT fighter=DRUM weapon=P90 t=33.333
[AQ] SHOT fighter=DRUM weapon=P90 t=33.400
[AQ] CONSUME fighter=DRUM weapon=P90 reason=sequence-complete
[AQ] SPAWN_SLOT id=13 x=158 y=667 lead=2.00
[AQ] REVEAL id=12 weapon=SMG eta=null lead=2.00 fighter=TIMEOUT force=true
[AQ] REVEAL id=13 weapon=TEC_9 eta=null lead=2.00 fighter=TIMEOUT force=true
[AQ] PICKUP id=12 fighter=ROBOT weapon=SMG
[AQ] USE fighter=ROBOT weapon=SMG
[AQ] SHOT fighter=ROBOT weapon=SMG t=37.400
[AQ] HIT source=ROBOT target=DRUM weapon=SMG damage=15.8
[AQ] SHOT fighter=ROBOT weapon=SMG t=37.483
[AQ] SHOT fighter=ROBOT weapon=SMG t=37.567
[AQ] HIT source=ROBOT target=DRUM weapon=SMG damage=15.8
[AQ] SHOT fighter=ROBOT weapon=SMG t=37.650
[AQ] HIT source=ROBOT target=DRUM weapon=SMG damage=15.8
[AQ] SHOT fighter=ROBOT weapon=SMG t=37.733
[AQ] SHOT fighter=ROBOT weapon=SMG t=37.817
[AQ] HIT source=ROBOT target=DRUM weapon=SMG damage=15.8
[AQ] SHOT fighter=ROBOT weapon=SMG t=37.900
[AQ] HIT source=ROBOT target=DRUM weapon=SMG damage=15.8
[AQ] SPAWN_SLOT id=14 x=129 y=108 lead=2.00
[AQ] SHOT fighter=ROBOT weapon=SMG t=37.983
[AQ] CONSUME fighter=ROBOT weapon=SMG reason=sequence-complete
[AQ] HIT source=ROBOT target=DRUM weapon=SMG damage=15.8
[AQ] HIT source=ROBOT target=DRUM weapon=SMG damage=15.8
[AQ] SPAWN_HEAL id=15 heal=HEAL_H1 restore=70
[AQ] PICKUP id=13 fighter=DRUM weapon=TEC_9
[AQ] REVEAL id=14 weapon=P90 eta=null lead=2.00 fighter=TIMEOUT force=true
[AQ] USE fighter=DRUM weapon=TEC_9
[AQ] SHOT fighter=DRUM weapon=TEC_9 t=41.250
[AQ] SHOT fighter=DRUM weapon=TEC_9 t=41.333
[AQ] SHOT fighter=DRUM weapon=TEC_9 t=41.417
[AQ] PICKUP_HEAL id=15 fighter=DRUM restore=70
[AQ] SHOT fighter=DRUM weapon=TEC_9 t=41.517
[AQ] SHOT fighter=DRUM weapon=TEC_9 t=41.600
[AQ] HIT source=DRUM target=ROBOT weapon=TEC_9 damage=21.0
[AQ] CONSUME fighter=DRUM weapon=TEC_9 reason=sequence-complete
[AQ] SPAWN_SLOT id=16 x=491 y=700 lead=2.00
[AQ] REVEAL id=16 weapon=SMG eta=0.77 lead=2.00 fighter=ROBOT force=false
[AQ] PICKUP id=16 fighter=ROBOT weapon=SMG
[AQ] USE fighter=ROBOT weapon=SMG
[AQ] SHOT fighter=ROBOT weapon=SMG t=44.317
[AQ] HIT source=ROBOT target=DRUM weapon=SMG damage=15.8
[AQ] SHOT fighter=ROBOT weapon=SMG t=44.400
[AQ] HIT source=ROBOT target=DRUM weapon=SMG damage=15.8
[AQ] SHOT fighter=ROBOT weapon=SMG t=44.483
[AQ] HIT source=ROBOT target=DRUM weapon=SMG damage=15.8
[AQ] SHOT fighter=ROBOT weapon=SMG t=44.567
[AQ] SHOT fighter=ROBOT weapon=SMG t=44.650
[AQ] HIT source=ROBOT target=DRUM weapon=SMG damage=15.8
[AQ] SHOT fighter=ROBOT weapon=SMG t=44.733
[AQ] HIT source=ROBOT target=DRUM weapon=SMG damage=15.8
[AQ] SHOT fighter=ROBOT weapon=SMG t=44.817
[AQ] HIT source=ROBOT target=DRUM weapon=SMG damage=15.8
[AQ] SHOT fighter=ROBOT weapon=SMG t=44.900
[AQ] HIT source=ROBOT target=DRUM weapon=SMG damage=15.8
[AQ] CONSUME fighter=ROBOT weapon=SMG reason=sequence-complete
[AQ] HIT source=ROBOT target=DRUM weapon=SMG damage=15.8
[AQ] PICKUP id=14 fighter=ROBOT weapon=P90
[AQ] SPAWN_SLOT id=17 x=651 y=726 lead=2.00
[AQ] USE fighter=ROBOT weapon=P90
[AQ] SHOT fighter=ROBOT weapon=P90 t=47.050
[AQ] SHOT fighter=ROBOT weapon=P90 t=47.100
[AQ] SHOT fighter=ROBOT weapon=P90 t=47.167
[AQ] SHOT fighter=ROBOT weapon=P90 t=47.233
[AQ] HIT source=ROBOT target=DRUM weapon=P90 damage=13.3
[AQ] SHOT fighter=ROBOT weapon=P90 t=47.300
[AQ] HIT source=ROBOT target=DRUM weapon=P90 damage=13.3
[AQ] SHOT fighter=ROBOT weapon=P90 t=47.367
[AQ] HIT source=ROBOT target=DRUM weapon=P90 damage=13.3
[AQ] SHOT fighter=ROBOT weapon=P90 t=47.433
[AQ] HIT source=ROBOT target=DRUM weapon=P90 damage=13.3
[AQ] SHOT fighter=ROBOT weapon=P90 t=47.500
[AQ] HIT source=ROBOT target=DRUM weapon=P90 damage=13.3
[AQ] SHOT fighter=ROBOT weapon=P90 t=47.567
[AQ] SHOT fighter=ROBOT weapon=P90 t=47.633
[AQ] HIT source=ROBOT target=DRUM weapon=P90 damage=13.3
[AQ] CONSUME fighter=ROBOT weapon=P90 reason=sequence-complete
[AQ] HIT source=ROBOT target=DRUM weapon=P90 damage=13.3
[AQ] SPAWN_SLOT id=18 x=500 y=487 lead=2.00
[AQ] REVEAL id=18 weapon=TEC_9 eta=0.29 lead=2.00 fighter=ROBOT force=false
[AQ] PICKUP id=18 fighter=DRUM weapon=TEC_9
[AQ] USE fighter=DRUM weapon=TEC_9
[AQ] SHOT fighter=DRUM weapon=TEC_9 t=48.117
[AQ] HIT source=DRUM target=ROBOT weapon=TEC_9 damage=21.0
[AQ] SHOT fighter=DRUM weapon=TEC_9 t=48.200
[AQ] SHOT fighter=DRUM weapon=TEC_9 t=48.283
[AQ] HIT source=DRUM target=ROBOT weapon=TEC_9 damage=21.0
[AQ] SHOT fighter=DRUM weapon=TEC_9 t=48.383
[AQ] HIT source=DRUM target=ROBOT weapon=TEC_9 damage=21.0
[AQ] SHOT fighter=DRUM weapon=TEC_9 t=48.467
[AQ] CONSUME fighter=DRUM weapon=TEC_9 reason=sequence-complete
[AQ] SPAWN_SLOT id=19 x=192 y=431 lead=2.00
[AQ] HIT source=DRUM target=ROBOT weapon=TEC_9 damage=21.0
[AQ] SPAWN_HEAL id=20 heal=HEAL_H1 restore=70
[AQ] REVEAL id=17 weapon=P90 eta=null lead=2.00 fighter=TIMEOUT force=true
[AQ] REVEAL id=19 weapon=SMG eta=0.90 lead=2.00 fighter=ROBOT force=false
[AQ] PICKUP id=19 fighter=ROBOT weapon=SMG
[AQ] USE fighter=ROBOT weapon=SMG
[AQ] SHOT fighter=ROBOT weapon=SMG t=51.333
[AQ] SHOT fighter=ROBOT weapon=SMG t=51.417
[AQ] PICKUP id=17 fighter=DRUM weapon=P90
[AQ] SHOT fighter=ROBOT weapon=SMG t=51.500
[AQ] HIT source=ROBOT target=DRUM weapon=SMG damage=15.8
[AQ] SHOT fighter=ROBOT weapon=SMG t=51.583
[AQ] HIT source=ROBOT target=DRUM weapon=SMG damage=15.8
[AQ] SHOT fighter=ROBOT weapon=SMG t=51.667
[AQ] SHOT fighter=ROBOT weapon=SMG t=51.750
[AQ] USE fighter=DRUM weapon=P90
[AQ] SHOT fighter=DRUM weapon=P90 t=51.800
[AQ] HIT source=ROBOT target=DRUM weapon=SMG damage=15.8
[AQ] SHOT fighter=ROBOT weapon=SMG t=51.833
[AQ] SHOT fighter=DRUM weapon=P90 t=51.850
[AQ] SHOT fighter=ROBOT weapon=SMG t=51.917
[AQ] SHOT fighter=DRUM weapon=P90 t=51.917
[AQ] HIT source=ROBOT target=DRUM weapon=SMG damage=15.8
[AQ] SHOT fighter=DRUM weapon=P90 t=51.983
[AQ] CONSUME fighter=ROBOT weapon=SMG reason=sequence-complete
[AQ] HIT source=ROBOT target=DRUM weapon=SMG damage=15.8
[AQ] SHOT fighter=DRUM weapon=P90 t=52.050
[AQ] HIT source=DRUM target=ROBOT weapon=P90 damage=13.3
[AQ] SHOT fighter=DRUM weapon=P90 t=52.117
[AQ] SHOT fighter=DRUM weapon=P90 t=52.183
[AQ] SHOT fighter=DRUM weapon=P90 t=52.250
[AQ] SHOT fighter=DRUM weapon=P90 t=52.317
[AQ] SHOT fighter=DRUM weapon=P90 t=52.383
[AQ] CONSUME fighter=DRUM weapon=P90 reason=sequence-complete
[AQ] SPAWN_SLOT id=21 x=829 y=292 lead=2.00
[AQ] REVEAL id=21 weapon=TEC_9 eta=null lead=2.00 fighter=TIMEOUT force=true
[AQ] PICKUP_HEAL id=20 fighter=ROBOT restore=70
[AQ] PICKUP id=21 fighter=DRUM weapon=TEC_9
[AQ] USE fighter=DRUM weapon=TEC_9
[AQ] SHOT fighter=DRUM weapon=TEC_9 t=56.650
[AQ] SHOT fighter=DRUM weapon=TEC_9 t=56.733
[AQ] SHOT fighter=DRUM weapon=TEC_9 t=56.817
[AQ] SHOT fighter=DRUM weapon=TEC_9 t=56.917
[AQ] SPAWN_SLOT id=22 x=885 y=143 lead=2.00
[AQ] SHOT fighter=DRUM weapon=TEC_9 t=57.000
[AQ] HIT source=DRUM target=ROBOT weapon=TEC_9 damage=21.0
[AQ] CONSUME fighter=DRUM weapon=TEC_9 reason=sequence-complete
[AQ] SPAWN_SLOT id=23 x=775 y=778 lead=2.00
[AQ] HIT source=DRUM target=ROBOT weapon=TEC_9 damage=21.0
[AQ] HIT source=DRUM target=ROBOT weapon=TEC_9 damage=21.0
[AQ] SPAWN_HEAL id=24 heal=HEAL_H1 restore=70
[AQ] PICKUP_HEAL id=24 fighter=ROBOT restore=70
[AQ] REVEAL id=22 weapon=P90 eta=null lead=2.00 fighter=TIMEOUT force=true
[AQ] KO winner=ROBOT
[AQ] MODE_ENTER mode=ARSENAL_QUEST
[AQ] SPAWN_SLOT id=1 x=407 y=780 lead=2.00
Not implemented: HTMLMediaElement's pause() method
Not implemented: HTMLMediaElement's pause() method
Not implemented: HTMLMediaElement's pause() method
Not implemented: HTMLMediaElement's pause() method
Not implemented: HTMLMediaElement's pause() method
Not implemented: HTMLMediaElement's pause() method
Not implemented: HTMLMediaElement's pause() method
Not implemented: HTMLMediaElement's pause() method
Not implemented: HTMLMediaElement's pause() method
[AQ] REVEAL id=1 weapon=SMG eta=null lead=2.00 fighter=TIMEOUT force=true
[AQ] PICKUP id=1 fighter=CARD weapon=SMG
[AQ] USE fighter=CARD weapon=SMG
[AQ] SHOT fighter=CARD weapon=SMG t=3.367
[AQ] HIT source=CARD target=ROBOT weapon=SMG damage=15.8
[AQ] SHOT fighter=CARD weapon=SMG t=3.450
[AQ] HIT source=CARD target=ROBOT weapon=SMG damage=15.8
[AQ] SHOT fighter=CARD weapon=SMG t=3.533
[AQ] HIT source=CARD target=ROBOT weapon=SMG damage=15.8
[AQ] SHOT fighter=CARD weapon=SMG t=3.617
[AQ] HIT source=CARD target=ROBOT weapon=SMG damage=15.8
[AQ] SHOT fighter=CARD weapon=SMG t=3.700
[AQ] HIT source=CARD target=ROBOT weapon=SMG damage=15.8
[AQ] SHOT fighter=CARD weapon=SMG t=3.783
[AQ] HIT source=CARD target=ROBOT weapon=SMG damage=15.8
[AQ] SHOT fighter=CARD weapon=SMG t=3.867
[AQ] HIT source=CARD target=ROBOT weapon=SMG damage=15.8
[AQ] SHOT fighter=CARD weapon=SMG t=3.950
[AQ] HIT source=CARD target=ROBOT weapon=SMG damage=15.8
[AQ] CONSUME fighter=CARD weapon=SMG reason=sequence-complete
[AQ] SPAWN_SLOT id=2 x=97 y=295 lead=2.00
[AQ] REVEAL id=2 weapon=TEC_9 eta=0.40 lead=2.00 fighter=ROBOT force=false
[AQ] PICKUP id=2 fighter=ROBOT weapon=TEC_9
[AQ] USE fighter=ROBOT weapon=TEC_9
[AQ] SHOT fighter=ROBOT weapon=TEC_9 t=5.717
[AQ] HIT source=ROBOT target=CARD weapon=TEC_9 damage=21.0
[AQ] SHOT fighter=ROBOT weapon=TEC_9 t=5.800
[AQ] HIT source=ROBOT target=CARD weapon=TEC_9 damage=21.0
[AQ] SHOT fighter=ROBOT weapon=TEC_9 t=5.883
[AQ] HIT source=ROBOT target=CARD weapon=TEC_9 damage=21.0
[AQ] SHOT fighter=ROBOT weapon=TEC_9 t=5.983
[AQ] HIT source=ROBOT target=CARD weapon=TEC_9 damage=21.0
[AQ] SHOT fighter=ROBOT weapon=TEC_9 t=6.067
[AQ] HIT source=ROBOT target=CARD weapon=TEC_9 damage=21.0
[AQ] CONSUME fighter=ROBOT weapon=TEC_9 reason=sequence-complete
[AQ] SPAWN_SLOT id=3 x=345 y=856 lead=2.00
[AQ] REVEAL id=3 weapon=GLOCK_17 eta=null lead=2.00 fighter=TIMEOUT force=true
[AQ] SPAWN_SLOT id=4 x=203 y=110 lead=2.00
[AQ] PICKUP id=3 fighter=ROBOT weapon=GLOCK_17
[AQ] USE fighter=ROBOT weapon=GLOCK_17
[AQ] SHOT fighter=ROBOT weapon=GLOCK_17 t=11.833
[AQ] SHOT fighter=ROBOT weapon=GLOCK_17 t=11.950
[AQ] SHOT fighter=ROBOT weapon=GLOCK_17 t=12.067
[AQ] HIT source=ROBOT target=CARD weapon=GLOCK_17 damage=24.5
[AQ] SHOT fighter=ROBOT weapon=GLOCK_17 t=12.183
[AQ] HIT source=ROBOT target=CARD weapon=GLOCK_17 damage=24.5
[AQ] CONSUME fighter=ROBOT weapon=GLOCK_17 reason=sequence-complete
[AQ] HIT source=ROBOT target=CARD weapon=GLOCK_17 damage=24.5
[AQ] SPAWN_SLOT id=5 x=435 y=402 lead=2.00
[AQ] HIT source=ROBOT target=CARD weapon=GLOCK_17 damage=24.5
[AQ] SPAWN_HEAL id=6 heal=HEAL_H1 restore=70
[AQ] REVEAL id=4 weapon=SMG eta=null lead=2.00 fighter=TIMEOUT force=true
[AQ] REVEAL id=5 weapon=TEC_9 eta=0.93 lead=2.00 fighter=ROBOT force=false
[AQ] PICKUP id=5 fighter=CARD weapon=TEC_9
[AQ] USE fighter=CARD weapon=TEC_9
[AQ] SHOT fighter=CARD weapon=TEC_9 t=15.833
[AQ] HIT source=CARD target=ROBOT weapon=TEC_9 damage=21.0
[AQ] SHOT fighter=CARD weapon=TEC_9 t=15.917
[AQ] HIT source=CARD target=ROBOT weapon=TEC_9 damage=21.0
[AQ] SHOT fighter=CARD weapon=TEC_9 t=16.000
[AQ] HIT source=CARD target=ROBOT weapon=TEC_9 damage=21.0
[AQ] SHOT fighter=CARD weapon=TEC_9 t=16.100
[AQ] SHOT fighter=CARD weapon=TEC_9 t=16.183
[AQ] HIT source=CARD target=ROBOT weapon=TEC_9 damage=21.0
[AQ] CONSUME fighter=CARD weapon=TEC_9 reason=sequence-complete
[AQ] HIT source=CARD target=ROBOT weapon=TEC_9 damage=21.0
[AQ] SPAWN_SLOT id=7 x=348 y=838 lead=2.00
[AQ] PICKUP id=4 fighter=CARD weapon=SMG
[AQ] USE fighter=CARD weapon=SMG
[AQ] SHOT fighter=CARD weapon=SMG t=19.650
[AQ] SHOT fighter=CARD weapon=SMG t=19.733
[AQ] HIT source=CARD target=ROBOT weapon=SMG damage=15.8
[AQ] SHOT fighter=CARD weapon=SMG t=19.817
[AQ] REVEAL id=7 weapon=GLOCK_17 eta=null lead=2.00 fighter=TIMEOUT force=true
[AQ] HIT source=CARD target=ROBOT weapon=SMG damage=15.8
[AQ] SHOT fighter=CARD weapon=SMG t=19.900
[AQ] HIT source=CARD target=ROBOT weapon=SMG damage=15.8
[AQ] SHOT fighter=CARD weapon=SMG t=19.983
[AQ] HIT source=CARD target=ROBOT weapon=SMG damage=15.8
[AQ] SHOT fighter=CARD weapon=SMG t=20.067
[AQ] PICKUP_HEAL id=6 fighter=ROBOT restore=70
[AQ] HIT source=CARD target=ROBOT weapon=SMG damage=15.8
[AQ] SHOT fighter=CARD weapon=SMG t=20.150
[AQ] HIT source=CARD target=ROBOT weapon=SMG damage=15.8
[AQ] SHOT fighter=CARD weapon=SMG t=20.233
[AQ] HIT source=CARD target=ROBOT weapon=SMG damage=15.8
[AQ] CONSUME fighter=CARD weapon=SMG reason=sequence-complete
[AQ] HIT source=CARD target=ROBOT weapon=SMG damage=15.8
[AQ] SPAWN_SLOT id=8 x=804 y=742 lead=2.00
[AQ] SPAWN_HEAL id=9 heal=HEAL_H1 restore=70
[AQ] PICKUP_HEAL id=9 fighter=CARD restore=70
[AQ] REVEAL id=8 weapon=SMG eta=null lead=2.00 fighter=TIMEOUT force=true
[AQ] SPAWN_SLOT id=10 x=556 y=464 lead=2.00
[AQ] PICKUP id=7 fighter=CARD weapon=GLOCK_17
[AQ] USE fighter=CARD weapon=GLOCK_17
[AQ] SHOT fighter=CARD weapon=GLOCK_17 t=26.650
[AQ] SHOT fighter=CARD weapon=GLOCK_17 t=26.767
[AQ] SHOT fighter=CARD weapon=GLOCK_17 t=26.883
[AQ] HIT source=CARD target=ROBOT weapon=GLOCK_17 damage=24.5
[AQ] HIT source=CARD target=ROBOT weapon=GLOCK_17 damage=24.5
[AQ] SHOT fighter=CARD weapon=GLOCK_17 t=27.000
[AQ] HIT source=CARD target=ROBOT weapon=GLOCK_17 damage=24.5
[AQ] CONSUME fighter=CARD weapon=GLOCK_17 reason=sequence-complete
[AQ] PICKUP id=8 fighter=ROBOT weapon=SMG
[AQ] USE fighter=ROBOT weapon=SMG
[AQ] SHOT fighter=ROBOT weapon=SMG t=28.550
[AQ] SHOT fighter=ROBOT weapon=SMG t=28.633
[AQ] SHOT fighter=ROBOT weapon=SMG t=28.717
[AQ] HIT source=ROBOT target=CARD weapon=SMG damage=15.8
[AQ] SHOT fighter=ROBOT weapon=SMG t=28.800
[AQ] REVEAL id=10 weapon=TEC_9 eta=null lead=2.00 fighter=TIMEOUT force=true
[AQ] HIT source=ROBOT target=CARD weapon=SMG damage=15.8
[AQ] SHOT fighter=ROBOT weapon=SMG t=28.883
[AQ] HIT source=ROBOT target=CARD weapon=SMG damage=15.8
[AQ] SHOT fighter=ROBOT weapon=SMG t=28.967
[AQ] HIT source=ROBOT target=CARD weapon=SMG damage=15.8
[AQ] SHOT fighter=ROBOT weapon=SMG t=29.050
[AQ] HIT source=ROBOT target=CARD weapon=SMG damage=15.8
[AQ] HIT source=ROBOT target=CARD weapon=SMG damage=15.8
[AQ] SHOT fighter=ROBOT weapon=SMG t=29.133
[AQ] HIT source=ROBOT target=CARD weapon=SMG damage=15.8
[AQ] CONSUME fighter=ROBOT weapon=SMG reason=sequence-complete
[AQ] HIT source=ROBOT target=CARD weapon=SMG damage=15.8
[AQ] PICKUP id=10 fighter=CARD weapon=TEC_9
[AQ] USE fighter=CARD weapon=TEC_9
[AQ] SHOT fighter=CARD weapon=TEC_9 t=29.700
[AQ] HIT source=CARD target=ROBOT weapon=TEC_9 damage=21.0
[AQ] SHOT fighter=CARD weapon=TEC_9 t=29.783
[AQ] HIT source=CARD target=ROBOT weapon=TEC_9 damage=21.0
[AQ] SHOT fighter=CARD weapon=TEC_9 t=29.867
[AQ] HIT source=CARD target=ROBOT weapon=TEC_9 damage=21.0
[AQ] SHOT fighter=CARD weapon=TEC_9 t=29.967
[AQ] HIT source=CARD target=ROBOT weapon=TEC_9 damage=21.0
[AQ] SHOT fighter=CARD weapon=TEC_9 t=30.050
[AQ] HIT source=CARD target=ROBOT weapon=TEC_9 damage=21.0
[AQ] CONSUME fighter=CARD weapon=TEC_9 reason=sequence-complete
[AQ] SPAWN_SLOT id=11 x=502 y=319 lead=2.00
[AQ] SPAWN_HEAL id=12 heal=HEAL_H1 restore=70
[AQ] PICKUP_HEAL id=12 fighter=CARD restore=70
[AQ] REVEAL id=11 weapon=P90 eta=0.79 lead=2.00 fighter=ROBOT force=false
[AQ] PICKUP id=11 fighter=CARD weapon=P90
[AQ] USE fighter=CARD weapon=P90
[AQ] SHOT fighter=CARD weapon=P90 t=33.000
[AQ] SHOT fighter=CARD weapon=P90 t=33.050
[AQ] HIT source=CARD target=ROBOT weapon=P90 damage=13.3
[AQ] SHOT fighter=CARD weapon=P90 t=33.117
[AQ] HIT source=CARD target=ROBOT weapon=P90 damage=13.3
[AQ] SHOT fighter=CARD weapon=P90 t=33.183
[AQ] HIT source=CARD target=ROBOT weapon=P90 damage=13.3
[AQ] SHOT fighter=CARD weapon=P90 t=33.250
[AQ] HIT source=CARD target=ROBOT weapon=P90 damage=13.3
[AQ] SHOT fighter=CARD weapon=P90 t=33.317
[AQ] HIT source=CARD target=ROBOT weapon=P90 damage=13.3
[AQ] SHOT fighter=CARD weapon=P90 t=33.383
[AQ] SHOT fighter=CARD weapon=P90 t=33.450
[AQ] HIT source=CARD target=ROBOT weapon=P90 damage=13.3
[AQ] SHOT fighter=CARD weapon=P90 t=33.517
[AQ] HIT source=CARD target=ROBOT weapon=P90 damage=13.3
[AQ] SHOT fighter=CARD weapon=P90 t=33.583
[AQ] HIT source=CARD target=ROBOT weapon=P90 damage=13.3
[AQ] CONSUME fighter=CARD weapon=P90 reason=sequence-complete
[AQ] SPAWN_SLOT id=13 x=258 y=329 lead=2.00
[AQ] HIT source=CARD target=ROBOT weapon=P90 damage=13.3
[AQ] HIT source=CARD target=ROBOT weapon=P90 damage=13.3
[AQ] REVEAL id=13 weapon=SMG eta=0.04 lead=2.00 fighter=CARD force=false
[AQ] PICKUP id=13 fighter=CARD weapon=SMG
[AQ] USE fighter=CARD weapon=SMG
[AQ] SHOT fighter=CARD weapon=SMG t=36.950
[AQ] HIT source=CARD target=ROBOT weapon=SMG damage=15.8
[AQ] SHOT fighter=CARD weapon=SMG t=37.033
[AQ] HIT source=CARD target=ROBOT weapon=SMG damage=15.8
[AQ] SHOT fighter=CARD weapon=SMG t=37.117
[AQ] HIT source=CARD target=ROBOT weapon=SMG damage=15.8
[AQ] SHOT fighter=CARD weapon=SMG t=37.200
[AQ] HIT source=CARD target=ROBOT weapon=SMG damage=15.8
[AQ] SHOT fighter=CARD weapon=SMG t=37.283
[AQ] SHOT fighter=CARD weapon=SMG t=37.367
[AQ] SHOT fighter=CARD weapon=SMG t=37.450
[AQ] SHOT fighter=CARD weapon=SMG t=37.533
[AQ] CONSUME fighter=CARD weapon=SMG reason=sequence-complete
[AQ] SPAWN_SLOT id=14 x=747 y=163 lead=2.00
[AQ] REVEAL id=14 weapon=TEC_9 eta=0.44 lead=2.00 fighter=ROBOT force=false
[AQ] PICKUP id=14 fighter=ROBOT weapon=TEC_9
[AQ] USE fighter=ROBOT weapon=TEC_9
[AQ] SHOT fighter=ROBOT weapon=TEC_9 t=38.250
[AQ] SHOT fighter=ROBOT weapon=TEC_9 t=38.333
[AQ] SHOT fighter=ROBOT weapon=TEC_9 t=38.417
[AQ] SHOT fighter=ROBOT weapon=TEC_9 t=38.517
[AQ] HIT source=ROBOT target=CARD weapon=TEC_9 damage=21.0
[AQ] SHOT fighter=ROBOT weapon=TEC_9 t=38.600
[AQ] CONSUME fighter=ROBOT weapon=TEC_9 reason=sequence-complete
[AQ] SPAWN_SLOT id=15 x=707 y=348 lead=2.00
[AQ] HIT source=ROBOT target=CARD weapon=TEC_9 damage=21.0
[AQ] SPAWN_HEAL id=16 heal=HEAL_H1 restore=70
[AQ] REVEAL id=15 weapon=P90 eta=null lead=2.00 fighter=TIMEOUT force=true
[AQ] SPAWN_SLOT id=17 x=391 y=810 lead=2.00
[AQ] REVEAL id=17 weapon=SMG eta=0.00 lead=2.00 fighter=ROBOT force=false
[AQ] PICKUP id=17 fighter=ROBOT weapon=SMG
[AQ] USE fighter=ROBOT weapon=SMG
[AQ] SHOT fighter=ROBOT weapon=SMG t=43.550
[AQ] SHOT fighter=ROBOT weapon=SMG t=43.633
[AQ] PICKUP_HEAL id=16 fighter=CARD restore=70
[AQ] SHOT fighter=ROBOT weapon=SMG t=43.717
[AQ] HIT source=ROBOT target=CARD weapon=SMG damage=15.8
[AQ] SHOT fighter=ROBOT weapon=SMG t=43.800
[AQ] HIT source=ROBOT target=CARD weapon=SMG damage=15.8
[AQ] SHOT fighter=ROBOT weapon=SMG t=43.883
[AQ] HIT source=ROBOT target=CARD weapon=SMG damage=15.8
[AQ] SHOT fighter=ROBOT weapon=SMG t=43.967
[AQ] SHOT fighter=ROBOT weapon=SMG t=44.050
[AQ] SHOT fighter=ROBOT weapon=SMG t=44.133
[AQ] HIT source=ROBOT target=CARD weapon=SMG damage=15.8
[AQ] CONSUME fighter=ROBOT weapon=SMG reason=sequence-complete
[AQ] HIT source=ROBOT target=CARD weapon=SMG damage=15.8
[AQ] HIT source=ROBOT target=CARD weapon=SMG damage=15.8
[AQ] PICKUP id=15 fighter=CARD weapon=P90
[AQ] USE fighter=CARD weapon=P90
[AQ] SHOT fighter=CARD weapon=P90 t=45.133
[AQ] SHOT fighter=CARD weapon=P90 t=45.183
[AQ] HIT source=CARD target=ROBOT weapon=P90 damage=13.3
[AQ] SHOT fighter=CARD weapon=P90 t=45.250
[AQ] HIT source=CARD target=ROBOT weapon=P90 damage=13.3
[AQ] SHOT fighter=CARD weapon=P90 t=45.317
[AQ] HIT source=CARD target=ROBOT weapon=P90 damage=13.3
[AQ] SHOT fighter=CARD weapon=P90 t=45.383
[AQ] HIT source=CARD target=ROBOT weapon=P90 damage=13.3
[AQ] SHOT fighter=CARD weapon=P90 t=45.450
[AQ] SHOT fighter=CARD weapon=P90 t=45.517
[AQ] HIT source=CARD target=ROBOT weapon=P90 damage=13.3
[AQ] SHOT fighter=CARD weapon=P90 t=45.583
[AQ] HIT source=CARD target=ROBOT weapon=P90 damage=13.3
[AQ] SHOT fighter=CARD weapon=P90 t=45.650
[AQ] SHOT fighter=CARD weapon=P90 t=45.717
[AQ] HIT source=CARD target=ROBOT weapon=P90 damage=13.3
[AQ] CONSUME fighter=CARD weapon=P90 reason=sequence-complete
[AQ] SPAWN_SLOT id=18 x=290 y=817 lead=2.00
[AQ] REVEAL id=18 weapon=TEC_9 eta=0.03 lead=2.00 fighter=ROBOT force=false
[AQ] PICKUP id=18 fighter=ROBOT weapon=TEC_9
[AQ] HIT source=CARD target=ROBOT weapon=P90 damage=13.3
[AQ] HIT source=CARD target=ROBOT weapon=P90 damage=13.3
[AQ] HIT source=CARD target=ROBOT weapon=P90 damage=13.3
[AQ] USE fighter=ROBOT weapon=TEC_9
[AQ] SHOT fighter=ROBOT weapon=TEC_9 t=46.133
[AQ] SHOT fighter=ROBOT weapon=TEC_9 t=46.217
[AQ] SHOT fighter=ROBOT weapon=TEC_9 t=46.300
[AQ] HIT source=ROBOT target=CARD weapon=TEC_9 damage=21.0
[AQ] SHOT fighter=ROBOT weapon=TEC_9 t=46.400
[AQ] HIT source=ROBOT target=CARD weapon=TEC_9 damage=21.0
[AQ] SHOT fighter=ROBOT weapon=TEC_9 t=46.483
[AQ] HIT source=ROBOT target=CARD weapon=TEC_9 damage=21.0
[AQ] CONSUME fighter=ROBOT weapon=TEC_9 reason=sequence-complete
[AQ] HIT source=ROBOT target=CARD weapon=TEC_9 damage=21.0
[AQ] SPAWN_SLOT id=19 x=492 y=787 lead=2.00
[AQ] HIT source=ROBOT target=CARD weapon=TEC_9 damage=21.0
[AQ] SPAWN_HEAL id=20 heal=HEAL_H1 restore=70
[AQ] REVEAL id=19 weapon=P90 eta=null lead=2.00 fighter=TIMEOUT force=true
[AQ] SPAWN_SLOT id=21 x=884 y=653 lead=2.00
[AQ] PICKUP id=19 fighter=CARD weapon=P90
[AQ] USE fighter=CARD weapon=P90
[AQ] SHOT fighter=CARD weapon=P90 t=51.950
[AQ] SHOT fighter=CARD weapon=P90 t=52.000
[AQ] SHOT fighter=CARD weapon=P90 t=52.067
[AQ] SHOT fighter=CARD weapon=P90 t=52.133
[AQ] SHOT fighter=CARD weapon=P90 t=52.200
[AQ] SHOT fighter=CARD weapon=P90 t=52.267
[AQ] HIT source=CARD target=ROBOT weapon=P90 damage=13.3
[AQ] PICKUP_HEAL id=20 fighter=CARD restore=70
[AQ] SHOT fighter=CARD weapon=P90 t=52.333
[AQ] SHOT fighter=CARD weapon=P90 t=52.400
[AQ] HIT source=CARD target=ROBOT weapon=P90 damage=13.3
[AQ] SHOT fighter=CARD weapon=P90 t=52.467
[AQ] SHOT fighter=CARD weapon=P90 t=52.533
[AQ] HIT source=CARD target=ROBOT weapon=P90 damage=13.3
[AQ] CONSUME fighter=CARD weapon=P90 reason=sequence-complete
[AQ] SPAWN_SLOT id=22 x=594 y=600 lead=2.00
[AQ] HIT source=CARD target=ROBOT weapon=P90 damage=13.3
[AQ] REVEAL id=21 weapon=SMG eta=null lead=2.00 fighter=TIMEOUT force=true
[AQ] REVEAL id=22 weapon=TEC_9 eta=0.98 lead=2.00 fighter=ROBOT force=false
[AQ] PICKUP id=22 fighter=ROBOT weapon=TEC_9
[AQ] USE fighter=ROBOT weapon=TEC_9
[AQ] SHOT fighter=ROBOT weapon=TEC_9 t=55.283
[AQ] HIT source=ROBOT target=CARD weapon=TEC_9 damage=21.0
[AQ] SHOT fighter=ROBOT weapon=TEC_9 t=55.367
[AQ] HIT source=ROBOT target=CARD weapon=TEC_9 damage=21.0
[AQ] SHOT fighter=ROBOT weapon=TEC_9 t=55.450
[AQ] HIT source=ROBOT target=CARD weapon=TEC_9 damage=21.0
[AQ] SHOT fighter=ROBOT weapon=TEC_9 t=55.550
[AQ] HIT source=ROBOT target=CARD weapon=TEC_9 damage=21.0
[AQ] SHOT fighter=ROBOT weapon=TEC_9 t=55.633
[AQ] HIT source=ROBOT target=CARD weapon=TEC_9 damage=21.0
[AQ] CONSUME fighter=ROBOT weapon=TEC_9 reason=sequence-complete
[AQ] SPAWN_SLOT id=23 x=679 y=367 lead=2.00
[AQ] SPAWN_HEAL id=24 heal=HEAL_H1 restore=70
[AQ] PICKUP_HEAL id=24 fighter=CARD restore=70
[AQ] PICKUP id=21 fighter=ROBOT weapon=SMG
[AQ] USE fighter=ROBOT weapon=SMG
[AQ] SHOT fighter=ROBOT weapon=SMG t=59.250
[AQ] SHOT fighter=ROBOT weapon=SMG t=59.333
[AQ] HIT source=ROBOT target=CARD weapon=SMG damage=15.8
[AQ] SHOT fighter=ROBOT weapon=SMG t=59.417
[AQ] HIT source=ROBOT target=CARD weapon=SMG damage=15.8
[AQ] SHOT fighter=ROBOT weapon=SMG t=59.500
[AQ] HIT source=ROBOT target=CARD weapon=SMG damage=15.8
[AQ] SHOT fighter=ROBOT weapon=SMG t=59.583
[AQ] HIT source=ROBOT target=CARD weapon=SMG damage=15.8
[AQ] SHOT fighter=ROBOT weapon=SMG t=59.667
[AQ] HIT source=ROBOT target=CARD weapon=SMG damage=15.8
[AQ] SHOT fighter=ROBOT weapon=SMG t=59.750
[AQ] HIT source=ROBOT target=CARD weapon=SMG damage=15.8
[AQ] SHOT fighter=ROBOT weapon=SMG t=59.833
[AQ] HIT source=ROBOT target=CARD weapon=SMG damage=15.8
[AQ] CONSUME fighter=ROBOT weapon=SMG reason=sequence-complete
[AQ] HIT source=ROBOT target=CARD weapon=SMG damage=15.8
[AQ] SPAWN_SLOT id=25 x=424 y=385 lead=2.00
[AQ] KO winner=ROBOT
[AQ] MODE_ENTER mode=ARSENAL_QUEST
[AQ] SPAWN_SLOT id=1 x=764 y=711 lead=2.00
Not implemented: HTMLMediaElement's pause() method
Not implemented: HTMLMediaElement's pause() method
Not implemented: HTMLMediaElement's pause() method
Not implemented: HTMLMediaElement's pause() method
Not implemented: HTMLMediaElement's pause() method
Not implemented: HTMLMediaElement's pause() method
Not implemented: HTMLMediaElement's pause() method
Not implemented: HTMLMediaElement's pause() method
Not implemented: HTMLMediaElement's pause() method
[AQ] REVEAL id=1 weapon=P90 eta=0.29 lead=2.00 fighter=ICE force=false
[AQ] PICKUP id=1 fighter=ICE weapon=P90
[AQ] USE fighter=ICE weapon=P90
[AQ] SHOT fighter=ICE weapon=P90 t=0.833
[AQ] SHOT fighter=ICE weapon=P90 t=0.883
[AQ] HIT source=ICE target=ROBOT weapon=P90 damage=13.3
[AQ] SHOT fighter=ICE weapon=P90 t=0.950
[AQ] HIT source=ICE target=ROBOT weapon=P90 damage=13.3
[AQ] HIT source=ICE target=ROBOT weapon=P90 damage=13.3
[AQ] SHOT fighter=ICE weapon=P90 t=1.017
[AQ] HIT source=ICE target=ROBOT weapon=P90 damage=13.3
[AQ] SHOT fighter=ICE weapon=P90 t=1.083
[AQ] HIT source=ICE target=ROBOT weapon=P90 damage=13.3
[AQ] SHOT fighter=ICE weapon=P90 t=1.150
[AQ] HIT source=ICE target=ROBOT weapon=P90 damage=13.3
[AQ] SHOT fighter=ICE weapon=P90 t=1.217
[AQ] HIT source=ICE target=ROBOT weapon=P90 damage=13.3
[AQ] SHOT fighter=ICE weapon=P90 t=1.283
[AQ] HIT source=ICE target=ROBOT weapon=P90 damage=13.3
[AQ] SHOT fighter=ICE weapon=P90 t=1.350
[AQ] HIT source=ICE target=ROBOT weapon=P90 damage=13.3
[AQ] SHOT fighter=ICE weapon=P90 t=1.417
[AQ] HIT source=ICE target=ROBOT weapon=P90 damage=13.3
[AQ] CONSUME fighter=ICE weapon=P90 reason=sequence-complete
[AQ] SPAWN_SLOT id=2 x=773 y=268 lead=2.00
[AQ] REVEAL id=2 weapon=SMG eta=null lead=2.00 fighter=TIMEOUT force=true
[AQ] PICKUP id=2 fighter=ICE weapon=SMG
[AQ] USE fighter=ICE weapon=SMG
[AQ] SHOT fighter=ICE weapon=SMG t=4.850
[AQ] SHOT fighter=ICE weapon=SMG t=4.933
[AQ] HIT source=ICE target=ROBOT weapon=SMG damage=15.8
[AQ] SHOT fighter=ICE weapon=SMG t=5.017
[AQ] HIT source=ICE target=ROBOT weapon=SMG damage=15.8
[AQ] SHOT fighter=ICE weapon=SMG t=5.100
[AQ] HIT source=ICE target=ROBOT weapon=SMG damage=15.8
[AQ] SHOT fighter=ICE weapon=SMG t=5.183
[AQ] HIT source=ICE target=ROBOT weapon=SMG damage=15.8
[AQ] SPAWN_HEAL id=3 heal=HEAL_H1 restore=70
[AQ] REJECT_HEAL fighter=ICE id=3 reason=full-health
[AQ] SHOT fighter=ICE weapon=SMG t=5.267
[AQ] HIT source=ICE target=ROBOT weapon=SMG damage=15.8
[AQ] SHOT fighter=ICE weapon=SMG t=5.350
[AQ] HIT source=ICE target=ROBOT weapon=SMG damage=15.8
[AQ] SHOT fighter=ICE weapon=SMG t=5.433
[AQ] HIT source=ICE target=ROBOT weapon=SMG damage=15.8
[AQ] CONSUME fighter=ICE weapon=SMG reason=sequence-complete
[AQ] SPAWN_SLOT id=4 x=241 y=610 lead=2.00
[AQ] HIT source=ICE target=ROBOT weapon=SMG damage=15.8
[AQ] REVEAL id=4 weapon=GLOCK_17 eta=null lead=2.00 fighter=TIMEOUT force=true
[AQ] PICKUP id=4 fighter=ROBOT weapon=GLOCK_17
[AQ] USE fighter=ROBOT weapon=GLOCK_17
[AQ] SHOT fighter=ROBOT weapon=GLOCK_17 t=8.867
[AQ] SHOT fighter=ROBOT weapon=GLOCK_17 t=8.983
[AQ] HIT source=ROBOT target=ICE weapon=GLOCK_17 damage=24.5
[AQ] SHOT fighter=ROBOT weapon=GLOCK_17 t=9.100
[AQ] HIT source=ROBOT target=ICE weapon=GLOCK_17 damage=24.5
[AQ] SHOT fighter=ROBOT weapon=GLOCK_17 t=9.217
[AQ] HIT source=ROBOT target=ICE weapon=GLOCK_17 damage=24.5
[AQ] CONSUME fighter=ROBOT weapon=GLOCK_17 reason=sequence-complete
[AQ] SPAWN_SLOT id=5 x=715 y=501 lead=2.00
[AQ] REVEAL id=5 weapon=P90 eta=1.24 lead=2.00 fighter=ROBOT force=false
[AQ] SPAWN_SLOT id=6 x=471 y=98 lead=2.00
[AQ] PICKUP id=5 fighter=ICE weapon=P90
[AQ] USE fighter=ICE weapon=P90
[AQ] SHOT fighter=ICE weapon=P90 t=15.000
[AQ] SHOT fighter=ICE weapon=P90 t=15.050
[AQ] SHOT fighter=ICE weapon=P90 t=15.117
[AQ] HIT source=ICE target=ROBOT weapon=P90 damage=13.3
[AQ] SHOT fighter=ICE weapon=P90 t=15.183
[AQ] SHOT fighter=ICE weapon=P90 t=15.250
[AQ] HIT source=ICE target=ROBOT weapon=P90 damage=13.3
[AQ] SHOT fighter=ICE weapon=P90 t=15.317
[AQ] HIT source=ICE target=ROBOT weapon=P90 damage=13.3
[AQ] SHOT fighter=ICE weapon=P90 t=15.383
[AQ] HIT source=ICE target=ROBOT weapon=P90 damage=13.3
[AQ] SHOT fighter=ICE weapon=P90 t=15.450
[AQ] HIT source=ICE target=ROBOT weapon=P90 damage=13.3
[AQ] SHOT fighter=ICE weapon=P90 t=15.517
[AQ] HIT source=ICE target=ROBOT weapon=P90 damage=13.3
[AQ] SHOT fighter=ICE weapon=P90 t=15.583
[AQ] HIT source=ICE target=ROBOT weapon=P90 damage=13.3
[AQ] CONSUME fighter=ICE weapon=P90 reason=sequence-complete
[AQ] SPAWN_SLOT id=7 x=906 y=820 lead=2.00
[AQ] HIT source=ICE target=ROBOT weapon=P90 damage=13.3
[AQ] HIT source=ICE target=ROBOT weapon=P90 damage=13.3
[AQ] REVEAL id=6 weapon=SMG eta=null lead=2.00 fighter=TIMEOUT force=true
[AQ] EXPIRE_HEAL id=3
[AQ] SPAWN_HEAL id=8 heal=HEAL_H1 restore=70
[AQ] REVEAL id=7 weapon=GLOCK_17 eta=null lead=2.00 fighter=TIMEOUT force=true
[AQ] SPAWN_SLOT id=9 x=813 y=361 lead=2.00
[AQ] PICKUP_HEAL id=8 fighter=ICE restore=70
[AQ] PICKUP id=7 fighter=ROBOT weapon=GLOCK_17
[AQ] USE fighter=ROBOT weapon=GLOCK_17
[AQ] SHOT fighter=ROBOT weapon=GLOCK_17 t=22.567
[AQ] SHOT fighter=ROBOT weapon=GLOCK_17 t=22.683
[AQ] HIT source=ROBOT target=ICE weapon=GLOCK_17 damage=24.5
[AQ] SHOT fighter=ROBOT weapon=GLOCK_17 t=22.800
[AQ] HIT source=ROBOT target=ICE weapon=GLOCK_17 damage=24.5
[AQ] SHOT fighter=ROBOT weapon=GLOCK_17 t=22.917
[AQ] HIT source=ROBOT target=ICE weapon=GLOCK_17 damage=24.5
[AQ] CONSUME fighter=ROBOT weapon=GLOCK_17 reason=sequence-complete
[AQ] HIT source=ROBOT target=ICE weapon=GLOCK_17 damage=24.5
[AQ] REVEAL id=9 weapon=P90 eta=null lead=2.00 fighter=TIMEOUT force=true
[AQ] SPAWN_SLOT id=10 x=246 y=835 lead=2.00
[AQ] PICKUP id=9 fighter=ROBOT weapon=P90
[AQ] USE fighter=ROBOT weapon=P90
[AQ] SHOT fighter=ROBOT weapon=P90 t=25.883
[AQ] SHOT fighter=ROBOT weapon=P90 t=25.933
[AQ] HIT source=ROBOT target=ICE weapon=P90 damage=13.3
[AQ] SHOT fighter=ROBOT weapon=P90 t=26.000
[AQ] HIT source=ROBOT target=ICE weapon=P90 damage=13.3
[AQ] SHOT fighter=ROBOT weapon=P90 t=26.067
[AQ] HIT source=ROBOT target=ICE weapon=P90 damage=13.3
[AQ] SHOT fighter=ROBOT weapon=P90 t=26.133
[AQ] HIT source=ROBOT target=ICE weapon=P90 damage=13.3
[AQ] SPAWN_HEAL id=11 heal=HEAL_H2 restore=126
[AQ] SHOT fighter=ROBOT weapon=P90 t=26.200
[AQ] HIT source=ROBOT target=ICE weapon=P90 damage=13.3
[AQ] SHOT fighter=ROBOT weapon=P90 t=26.267
[AQ] HIT source=ROBOT target=ICE weapon=P90 damage=13.3
[AQ] SHOT fighter=ROBOT weapon=P90 t=26.333
[AQ] HIT source=ROBOT target=ICE weapon=P90 damage=13.3
[AQ] SHOT fighter=ROBOT weapon=P90 t=26.400
[AQ] HIT source=ROBOT target=ICE weapon=P90 damage=13.3
[AQ] SHOT fighter=ROBOT weapon=P90 t=26.467
[AQ] HIT source=ROBOT target=ICE weapon=P90 damage=13.3
[AQ] CONSUME fighter=ROBOT weapon=P90 reason=sequence-complete
[AQ] HIT source=ROBOT target=ICE weapon=P90 damage=13.3
[AQ] REVEAL id=10 weapon=TEC_9 eta=null lead=2.00 fighter=TIMEOUT force=true
[AQ] PICKUP id=6 fighter=ICE weapon=SMG
[AQ] USE fighter=ICE weapon=SMG
[AQ] SHOT fighter=ICE weapon=SMG t=28.700
[AQ] HIT source=ICE target=ROBOT weapon=SMG damage=15.8
[AQ] SHOT fighter=ICE weapon=SMG t=28.783
[AQ] HIT source=ICE target=ROBOT weapon=SMG damage=15.8
[AQ] SHOT fighter=ICE weapon=SMG t=28.867
[AQ] HIT source=ICE target=ROBOT weapon=SMG damage=15.8
[AQ] SHOT fighter=ICE weapon=SMG t=28.950
[AQ] HIT source=ICE target=ROBOT weapon=SMG damage=15.8
[AQ] SHOT fighter=ICE weapon=SMG t=29.033
[AQ] HIT source=ICE target=ROBOT weapon=SMG damage=15.8
[AQ] SHOT fighter=ICE weapon=SMG t=29.117
[AQ] HIT source=ICE target=ROBOT weapon=SMG damage=15.8
[AQ] SPAWN_SLOT id=12 x=144 y=430 lead=2.00
[AQ] SHOT fighter=ICE weapon=SMG t=29.200
[AQ] HIT source=ICE target=ROBOT weapon=SMG damage=15.8
[AQ] SHOT fighter=ICE weapon=SMG t=29.283
[AQ] HIT source=ICE target=ROBOT weapon=SMG damage=15.8
[AQ] CONSUME fighter=ICE weapon=SMG reason=sequence-complete
[AQ] REVEAL id=12 weapon=GLOCK_17 eta=null lead=2.00 fighter=TIMEOUT force=true
[AQ] PICKUP_HEAL id=11 fighter=ICE restore=126
[AQ] PICKUP id=10 fighter=ICE weapon=TEC_9
[AQ] USE fighter=ICE weapon=TEC_9
[AQ] SHOT fighter=ICE weapon=TEC_9 t=33.500
[AQ] HIT source=ICE target=ROBOT weapon=TEC_9 damage=21.0
[AQ] SHOT fighter=ICE weapon=TEC_9 t=33.583
[AQ] HIT source=ICE target=ROBOT weapon=TEC_9 damage=21.0
[AQ] SPAWN_SLOT id=13 x=131 y=768 lead=2.00
[AQ] SHOT fighter=ICE weapon=TEC_9 t=33.667
[AQ] HIT source=ICE target=ROBOT weapon=TEC_9 damage=21.0
[AQ] SHOT fighter=ICE weapon=TEC_9 t=33.767
[AQ] HIT source=ICE target=ROBOT weapon=TEC_9 damage=21.0
[AQ] SHOT fighter=ICE weapon=TEC_9 t=33.850
[AQ] HIT source=ICE target=ROBOT weapon=TEC_9 damage=21.0
[AQ] CONSUME fighter=ICE weapon=TEC_9 reason=sequence-complete
[AQ] SPAWN_HEAL id=14 heal=HEAL_H1 restore=70
[AQ] REVEAL id=13 weapon=SMG eta=null lead=2.00 fighter=TIMEOUT force=true
[AQ] PICKUP id=13 fighter=ROBOT weapon=SMG
[AQ] USE fighter=ROBOT weapon=SMG
[AQ] SHOT fighter=ROBOT weapon=SMG t=37.917
[AQ] SHOT fighter=ROBOT weapon=SMG t=38.000
[AQ] SHOT fighter=ROBOT weapon=SMG t=38.083
[AQ] HIT source=ROBOT target=ICE weapon=SMG damage=15.8
[AQ] SPAWN_SLOT id=15 x=584 y=237 lead=2.00
[AQ] SHOT fighter=ROBOT weapon=SMG t=38.167
[AQ] HIT source=ROBOT target=ICE weapon=SMG damage=15.8
[AQ] SHOT fighter=ROBOT weapon=SMG t=38.250
[AQ] SHOT fighter=ROBOT weapon=SMG t=38.333
[AQ] HIT source=ROBOT target=ICE weapon=SMG damage=15.8
[AQ] SHOT fighter=ROBOT weapon=SMG t=38.417
[AQ] HIT source=ROBOT target=ICE weapon=SMG damage=15.8
[AQ] SHOT fighter=ROBOT weapon=SMG t=38.500
[AQ] CONSUME fighter=ROBOT weapon=SMG reason=sequence-complete
[AQ] HIT source=ROBOT target=ICE weapon=SMG damage=15.8
[AQ] PICKUP_HEAL id=14 fighter=ROBOT restore=70
[AQ] REVEAL id=15 weapon=TEC_9 eta=null lead=2.00 fighter=TIMEOUT force=true
[AQ] PICKUP id=12 fighter=ICE weapon=GLOCK_17
[AQ] USE fighter=ICE weapon=GLOCK_17
[AQ] SHOT fighter=ICE weapon=GLOCK_17 t=42.183
[AQ] SHOT fighter=ICE weapon=GLOCK_17 t=42.300
[AQ] HIT source=ICE target=ROBOT weapon=GLOCK_17 damage=24.5
[AQ] SHOT fighter=ICE weapon=GLOCK_17 t=42.417
[AQ] HIT source=ICE target=ROBOT weapon=GLOCK_17 damage=24.5
[AQ] SHOT fighter=ICE weapon=GLOCK_17 t=42.533
[AQ] CONSUME fighter=ICE weapon=GLOCK_17 reason=sequence-complete
[AQ] SPAWN_SLOT id=16 x=201 y=808 lead=2.00
[AQ] PICKUP id=15 fighter=ROBOT weapon=TEC_9
[AQ] USE fighter=ROBOT weapon=TEC_9
[AQ] SHOT fighter=ROBOT weapon=TEC_9 t=43.133
[AQ] SHOT fighter=ROBOT weapon=TEC_9 t=43.217
[AQ] HIT source=ROBOT target=ICE weapon=TEC_9 damage=21.0
[AQ] HIT source=ROBOT target=ICE weapon=TEC_9 damage=21.0
[AQ] SHOT fighter=ROBOT weapon=TEC_9 t=43.300
[AQ] HIT source=ROBOT target=ICE weapon=TEC_9 damage=21.0
[AQ] SHOT fighter=ROBOT weapon=TEC_9 t=43.400
[AQ] HIT source=ROBOT target=ICE weapon=TEC_9 damage=21.0
[AQ] SHOT fighter=ROBOT weapon=TEC_9 t=43.483
[AQ] HIT source=ROBOT target=ICE weapon=TEC_9 damage=21.0
[AQ] CONSUME fighter=ROBOT weapon=TEC_9 reason=sequence-complete
[AQ] SPAWN_SLOT id=17 x=668 y=701 lead=2.00
[AQ] REVEAL id=17 weapon=GLOCK_17 eta=0.06 lead=2.00 fighter=ROBOT force=false
[AQ] PICKUP id=17 fighter=ROBOT weapon=GLOCK_17
[AQ] USE fighter=ROBOT weapon=GLOCK_17
[AQ] SHOT fighter=ROBOT weapon=GLOCK_17 t=43.933
[AQ] SHOT fighter=ROBOT weapon=GLOCK_17 t=44.050
[AQ] SHOT fighter=ROBOT weapon=GLOCK_17 t=44.167
[AQ] SPAWN_HEAL id=18 heal=HEAL_H1 restore=70
[AQ] SHOT fighter=ROBOT weapon=GLOCK_17 t=44.283
[AQ] CONSUME fighter=ROBOT weapon=GLOCK_17 reason=sequence-complete
[AQ] SPAWN_SLOT id=19 x=727 y=716 lead=2.00
[AQ] HIT source=ROBOT target=ICE weapon=GLOCK_17 damage=24.5
[AQ] REVEAL id=16 weapon=SMG eta=null lead=2.00 fighter=TIMEOUT force=true
[AQ] REVEAL id=19 weapon=TEC_9 eta=null lead=2.00 fighter=TIMEOUT force=true
[AQ] PICKUP_HEAL id=18 fighter=ROBOT restore=70
[AQ] SPAWN_SLOT id=20 x=462 y=406 lead=2.00
[AQ] PICKUP id=16 fighter=ICE weapon=SMG
[AQ] USE fighter=ICE weapon=SMG
[AQ] SHOT fighter=ICE weapon=SMG t=49.983
[AQ] SHOT fighter=ICE weapon=SMG t=50.067
[AQ] SHOT fighter=ICE weapon=SMG t=50.150
[AQ] SHOT fighter=ICE weapon=SMG t=50.233
[AQ] SHOT fighter=ICE weapon=SMG t=50.317
[AQ] HIT source=ICE target=ROBOT weapon=SMG damage=15.8
[AQ] SHOT fighter=ICE weapon=SMG t=50.400
[AQ] HIT source=ICE target=ROBOT weapon=SMG damage=15.8
[AQ] HIT source=ICE target=ROBOT weapon=SMG damage=15.8
[AQ] SHOT fighter=ICE weapon=SMG t=50.483
[AQ] HIT source=ICE target=ROBOT weapon=SMG damage=15.8
[AQ] SHOT fighter=ICE weapon=SMG t=50.567
[AQ] HIT source=ICE target=ROBOT weapon=SMG damage=15.8
[AQ] CONSUME fighter=ICE weapon=SMG reason=sequence-complete
[AQ] PICKUP id=19 fighter=ROBOT weapon=TEC_9
[AQ] USE fighter=ROBOT weapon=TEC_9
[AQ] SHOT fighter=ROBOT weapon=TEC_9 t=51.250
[AQ] SHOT fighter=ROBOT weapon=TEC_9 t=51.333
[AQ] HIT source=ROBOT target=ICE weapon=TEC_9 damage=21.0
[AQ] SHOT fighter=ROBOT weapon=TEC_9 t=51.417
[AQ] HIT source=ROBOT target=ICE weapon=TEC_9 damage=21.0
[AQ] SHOT fighter=ROBOT weapon=TEC_9 t=51.517
[AQ] HIT source=ROBOT target=ICE weapon=TEC_9 damage=21.0
[AQ] SHOT fighter=ROBOT weapon=TEC_9 t=51.600
[AQ] CONSUME fighter=ROBOT weapon=TEC_9 reason=sequence-complete
[AQ] SPAWN_SLOT id=21 x=451 y=692 lead=2.00
[AQ] REVEAL id=20 weapon=GLOCK_17 eta=null lead=2.00 fighter=TIMEOUT force=true
[AQ] SPAWN_HEAL id=22 heal=HEAL_H1 restore=70
[AQ] REVEAL id=21 weapon=SMG eta=null lead=2.00 fighter=TIMEOUT force=true
[AQ] PICKUP id=20 fighter=ICE weapon=GLOCK_17
[AQ] USE fighter=ICE weapon=GLOCK_17
[AQ] SHOT fighter=ICE weapon=GLOCK_17 t=55.417
[AQ] SHOT fighter=ICE weapon=GLOCK_17 t=55.533
[AQ] REJECT_PICKUP fighter=ICE id=21 reason=already-armed
[AQ] SHOT fighter=ICE weapon=GLOCK_17 t=55.650
[AQ] SHOT fighter=ICE weapon=GLOCK_17 t=55.767
[AQ] CONSUME fighter=ICE weapon=GLOCK_17 reason=sequence-complete
[AQ] SPAWN_SLOT id=23 x=134 y=795 lead=2.00
[AQ] REVEAL id=23 weapon=TEC_9 eta=0.11 lead=2.00 fighter=ICE force=false
[AQ] PICKUP id=23 fighter=ICE weapon=TEC_9
[AQ] USE fighter=ICE weapon=TEC_9
[AQ] SHOT fighter=ICE weapon=TEC_9 t=56.933
[AQ] HIT source=ICE target=ROBOT weapon=TEC_9 damage=21.0
[AQ] SHOT fighter=ICE weapon=TEC_9 t=57.017
[AQ] HIT source=ICE target=ROBOT weapon=TEC_9 damage=21.0
[AQ] SHOT fighter=ICE weapon=TEC_9 t=57.100
[AQ] HIT source=ICE target=ROBOT weapon=TEC_9 damage=21.0
[AQ] SHOT fighter=ICE weapon=TEC_9 t=57.200
[AQ] HIT source=ICE target=ROBOT weapon=TEC_9 damage=21.0
[AQ] SHOT fighter=ICE weapon=TEC_9 t=57.283
[AQ] HIT source=ICE target=ROBOT weapon=TEC_9 damage=21.0
[AQ] CONSUME fighter=ICE weapon=TEC_9 reason=sequence-complete
[AQ] KO winner=ROBOT
[AQ] MODE_ENTER mode=ARSENAL_QUEST
[AQ] SPAWN_SLOT id=1 x=480 y=684 lead=2.00
Not implemented: HTMLMediaElement's pause() method
Not implemented: HTMLMediaElement's pause() method
Not implemented: HTMLMediaElement's pause() method
Not implemented: HTMLMediaElement's pause() method
Not implemented: HTMLMediaElement's pause() method
Not implemented: HTMLMediaElement's pause() method
Not implemented: HTMLMediaElement's pause() method
Not implemented: HTMLMediaElement's pause() method
Not implemented: HTMLMediaElement's pause() method
[AQ] REVEAL id=1 weapon=GLOCK_17 eta=0.33 lead=2.00 fighter=ROBOT force=false
[AQ] PICKUP id=1 fighter=ROBOT weapon=GLOCK_17
[AQ] USE fighter=ROBOT weapon=GLOCK_17
[AQ] SHOT fighter=ROBOT weapon=GLOCK_17 t=3.133
[AQ] SHOT fighter=ROBOT weapon=GLOCK_17 t=3.250
[AQ] SHOT fighter=ROBOT weapon=GLOCK_17 t=3.367
[AQ] SHOT fighter=ROBOT weapon=GLOCK_17 t=3.483
[AQ] CONSUME fighter=ROBOT weapon=GLOCK_17 reason=sequence-complete
[AQ] SPAWN_SLOT id=2 x=524 y=280 lead=2.00
[AQ] REVEAL id=2 weapon=P90 eta=null lead=2.00 fighter=TIMEOUT force=true
[AQ] SPAWN_SLOT id=3 x=476 y=435 lead=2.00
[AQ] PICKUP id=2 fighter=MATH weapon=P90
[AQ] USE fighter=MATH weapon=P90
[AQ] SHOT fighter=MATH weapon=P90 t=9.700
[AQ] SHOT fighter=MATH weapon=P90 t=9.750
[AQ] SHOT fighter=MATH weapon=P90 t=9.817
[AQ] HIT source=MATH target=ROBOT weapon=P90 damage=13.3
[AQ] SHOT fighter=MATH weapon=P90 t=9.883
[AQ] HIT source=MATH target=ROBOT weapon=P90 damage=13.3
[AQ] SHOT fighter=MATH weapon=P90 t=9.950
[AQ] HIT source=MATH target=ROBOT weapon=P90 damage=13.3
[AQ] SHOT fighter=MATH weapon=P90 t=10.017
[AQ] HIT source=MATH target=ROBOT weapon=P90 damage=13.3
[AQ] SHOT fighter=MATH weapon=P90 t=10.083
[AQ] HIT source=MATH target=ROBOT weapon=P90 damage=13.3
[AQ] SHOT fighter=MATH weapon=P90 t=10.150
[AQ] HIT source=MATH target=ROBOT weapon=P90 damage=13.3
[AQ] SHOT fighter=MATH weapon=P90 t=10.217
[AQ] HIT source=MATH target=ROBOT weapon=P90 damage=13.3
[AQ] SHOT fighter=MATH weapon=P90 t=10.283
[AQ] CONSUME fighter=MATH weapon=P90 reason=sequence-complete
[AQ] HIT source=MATH target=ROBOT weapon=P90 damage=13.3
[AQ] SPAWN_SLOT id=4 x=728 y=661 lead=2.00
[AQ] HIT source=MATH target=ROBOT weapon=P90 damage=13.3
[AQ] REVEAL id=4 weapon=SMG eta=0.45 lead=2.00 fighter=MATH force=false
[AQ] PICKUP id=4 fighter=MATH weapon=SMG
[AQ] USE fighter=MATH weapon=SMG
[AQ] SHOT fighter=MATH weapon=SMG t=11.050
[AQ] REVEAL id=3 weapon=TEC_9 eta=null lead=2.00 fighter=TIMEOUT force=true
[AQ] SHOT fighter=MATH weapon=SMG t=11.133
[AQ] HIT source=MATH target=ROBOT weapon=SMG damage=15.8
[AQ] HIT source=MATH target=ROBOT weapon=SMG damage=15.8
[AQ] SHOT fighter=MATH weapon=SMG t=11.217
[AQ] HIT source=MATH target=ROBOT weapon=SMG damage=15.8
[AQ] SHOT fighter=MATH weapon=SMG t=11.300
[AQ] HIT source=MATH target=ROBOT weapon=SMG damage=15.8
[AQ] SHOT fighter=MATH weapon=SMG t=11.383
[AQ] HIT source=MATH target=ROBOT weapon=SMG damage=15.8
[AQ] SPAWN_HEAL id=5 heal=HEAL_H1 restore=70
[AQ] REJECT_HEAL fighter=MATH id=5 reason=full-health
[AQ] SHOT fighter=MATH weapon=SMG t=11.467
[AQ] HIT source=MATH target=ROBOT weapon=SMG damage=15.8
[AQ] SHOT fighter=MATH weapon=SMG t=11.550
[AQ] HIT source=MATH target=ROBOT weapon=SMG damage=15.8
[AQ] SHOT fighter=MATH weapon=SMG t=11.633
[AQ] HIT source=MATH target=ROBOT weapon=SMG damage=15.8
[AQ] CONSUME fighter=MATH weapon=SMG reason=sequence-complete
[AQ] PICKUP id=3 fighter=ROBOT weapon=TEC_9
[AQ] USE fighter=ROBOT weapon=TEC_9
[AQ] SHOT fighter=ROBOT weapon=TEC_9 t=13.300
[AQ] HIT source=ROBOT target=MATH weapon=TEC_9 damage=21.0
[AQ] SHOT fighter=ROBOT weapon=TEC_9 t=13.383
[AQ] HIT source=ROBOT target=MATH weapon=TEC_9 damage=21.0
[AQ] SHOT fighter=ROBOT weapon=TEC_9 t=13.467
[AQ] HIT source=ROBOT target=MATH weapon=TEC_9 damage=21.0
[AQ] SHOT fighter=ROBOT weapon=TEC_9 t=13.567
[AQ] SHOT fighter=ROBOT weapon=TEC_9 t=13.650
[AQ] CONSUME fighter=ROBOT weapon=TEC_9 reason=sequence-complete
[AQ] SPAWN_SLOT id=6 x=521 y=377 lead=2.00
[AQ] PICKUP_HEAL id=5 fighter=ROBOT restore=70
[AQ] REVEAL id=6 weapon=P90 eta=0.82 lead=2.00 fighter=MATH force=false
[AQ] PICKUP id=6 fighter=MATH weapon=P90
[AQ] USE fighter=MATH weapon=P90
[AQ] SHOT fighter=MATH weapon=P90 t=17.050
[AQ] SHOT fighter=MATH weapon=P90 t=17.100
[AQ] HIT source=MATH target=ROBOT weapon=P90 damage=13.3
[AQ] SHOT fighter=MATH weapon=P90 t=17.167
[AQ] HIT source=MATH target=ROBOT weapon=P90 damage=13.3
[AQ] SHOT fighter=MATH weapon=P90 t=17.233
[AQ] HIT source=MATH target=ROBOT weapon=P90 damage=13.3
[AQ] SHOT fighter=MATH weapon=P90 t=17.300
[AQ] HIT source=MATH target=ROBOT weapon=P90 damage=13.3
[AQ] SHOT fighter=MATH weapon=P90 t=17.367
[AQ] HIT source=MATH target=ROBOT weapon=P90 damage=13.3
[AQ] SHOT fighter=MATH weapon=P90 t=17.433
[AQ] SHOT fighter=MATH weapon=P90 t=17.500
[AQ] SHOT fighter=MATH weapon=P90 t=17.567
[AQ] SHOT fighter=MATH weapon=P90 t=17.633
[AQ] CONSUME fighter=MATH weapon=P90 reason=sequence-complete
[AQ] SPAWN_SLOT id=7 x=450 y=637 lead=2.00
[AQ] HIT source=MATH target=ROBOT weapon=P90 damage=13.3
[AQ] HIT source=MATH target=ROBOT weapon=P90 damage=13.3
[AQ] SPAWN_HEAL id=8 heal=HEAL_H2 restore=126
[AQ] REVEAL id=7 weapon=TEC_9 eta=null lead=2.00 fighter=TIMEOUT force=true
[AQ] PICKUP id=7 fighter=ROBOT weapon=TEC_9
[AQ] USE fighter=ROBOT weapon=TEC_9
[AQ] SHOT fighter=ROBOT weapon=TEC_9 t=21.717
[AQ] SHOT fighter=ROBOT weapon=TEC_9 t=21.800
[AQ] SHOT fighter=ROBOT weapon=TEC_9 t=21.883
[AQ] SHOT fighter=ROBOT weapon=TEC_9 t=21.983
[AQ] HIT source=ROBOT target=MATH weapon=TEC_9 damage=21.0
[AQ] SHOT fighter=ROBOT weapon=TEC_9 t=22.067
[AQ] CONSUME fighter=ROBOT weapon=TEC_9 reason=sequence-complete
[AQ] SPAWN_SLOT id=9 x=509 y=731 lead=2.00
[AQ] HIT source=ROBOT target=MATH weapon=TEC_9 damage=21.0
[AQ] REVEAL id=9 weapon=GLOCK_17 eta=1.21 lead=2.00 fighter=MATH force=false
[AQ] PICKUP id=9 fighter=MATH weapon=GLOCK_17
[AQ] USE fighter=MATH weapon=GLOCK_17
[AQ] SHOT fighter=MATH weapon=GLOCK_17 t=26.433
[AQ] HIT source=MATH target=ROBOT weapon=GLOCK_17 damage=24.5
[AQ] SHOT fighter=MATH weapon=GLOCK_17 t=26.550
[AQ] PICKUP_HEAL id=8 fighter=MATH restore=89.24999999999977
[AQ] SHOT fighter=MATH weapon=GLOCK_17 t=26.667
[AQ] SPAWN_SLOT id=10 x=450 y=470 lead=2.00
[AQ] HIT source=MATH target=ROBOT weapon=GLOCK_17 damage=24.5
[AQ] SHOT fighter=MATH weapon=GLOCK_17 t=26.783
[AQ] CONSUME fighter=MATH weapon=GLOCK_17 reason=sequence-complete
[AQ] SPAWN_SLOT id=11 x=443 y=144 lead=2.00
[AQ] REVEAL id=11 weapon=P90 eta=0.00 lead=2.00 fighter=ROBOT force=false
[AQ] PICKUP id=11 fighter=ROBOT weapon=P90
[AQ] USE fighter=ROBOT weapon=P90
[AQ] SHOT fighter=ROBOT weapon=P90 t=27.250
[AQ] SHOT fighter=ROBOT weapon=P90 t=27.300
[AQ] SHOT fighter=ROBOT weapon=P90 t=27.367
[AQ] SHOT fighter=ROBOT weapon=P90 t=27.433
[AQ] HIT source=ROBOT target=MATH weapon=P90 damage=13.3
[AQ] HIT source=ROBOT target=MATH weapon=P90 damage=13.3
[AQ] SHOT fighter=ROBOT weapon=P90 t=27.500
[AQ] SHOT fighter=ROBOT weapon=P90 t=27.567
[AQ] HIT source=ROBOT target=MATH weapon=P90 damage=13.3
[AQ] SHOT fighter=ROBOT weapon=P90 t=27.633
[AQ] HIT source=ROBOT target=MATH weapon=P90 damage=13.3
[AQ] SHOT fighter=ROBOT weapon=P90 t=27.700
[AQ] HIT source=ROBOT target=MATH weapon=P90 damage=13.3
[AQ] SHOT fighter=ROBOT weapon=P90 t=27.767
[AQ] HIT source=ROBOT target=MATH weapon=P90 damage=13.3
[AQ] SHOT fighter=ROBOT weapon=P90 t=27.833
[AQ] CONSUME fighter=ROBOT weapon=P90 reason=sequence-complete
[AQ] SPAWN_SLOT id=12 x=218 y=799 lead=2.00
[AQ] SPAWN_HEAL id=13 heal=HEAL_H2 restore=126
[AQ] PICKUP_HEAL id=13 fighter=ROBOT restore=126
[AQ] REVEAL id=10 weapon=TEC_9 eta=null lead=2.00 fighter=TIMEOUT force=true
[AQ] REVEAL id=12 weapon=GLOCK_17 eta=null lead=2.00 fighter=TIMEOUT force=true
[AQ] PICKUP id=10 fighter=ROBOT weapon=TEC_9
[AQ] SPAWN_SLOT id=14 x=733 y=453 lead=2.00
[AQ] USE fighter=ROBOT weapon=TEC_9
[AQ] SHOT fighter=ROBOT weapon=TEC_9 t=32.500
[AQ] SHOT fighter=ROBOT weapon=TEC_9 t=32.583
[AQ] HIT source=ROBOT target=MATH weapon=TEC_9 damage=21.0
[AQ] SHOT fighter=ROBOT weapon=TEC_9 t=32.667
[AQ] SHOT fighter=ROBOT weapon=TEC_9 t=32.767
[AQ] SHOT fighter=ROBOT weapon=TEC_9 t=32.850
[AQ] CONSUME fighter=ROBOT weapon=TEC_9 reason=sequence-complete
[AQ] PICKUP id=12 fighter=ROBOT weapon=GLOCK_17
[AQ] USE fighter=ROBOT weapon=GLOCK_17
[AQ] SHOT fighter=ROBOT weapon=GLOCK_17 t=33.500
[AQ] SHOT fighter=ROBOT weapon=GLOCK_17 t=33.617
[AQ] SHOT fighter=ROBOT weapon=GLOCK_17 t=33.733
[AQ] SHOT fighter=ROBOT weapon=GLOCK_17 t=33.850
[AQ] CONSUME fighter=ROBOT weapon=GLOCK_17 reason=sequence-complete
[AQ] SPAWN_SLOT id=15 x=342 y=638 lead=2.00
[AQ] REVEAL id=14 weapon=P90 eta=null lead=2.00 fighter=TIMEOUT force=true
[AQ] PICKUP id=14 fighter=ROBOT weapon=P90
[AQ] REVEAL id=15 weapon=SMG eta=null lead=2.00 fighter=TIMEOUT force=true
[AQ] USE fighter=ROBOT weapon=P90
[AQ] SHOT fighter=ROBOT weapon=P90 t=37.267
[AQ] SHOT fighter=ROBOT weapon=P90 t=37.317
[AQ] SHOT fighter=ROBOT weapon=P90 t=37.383
[AQ] SHOT fighter=ROBOT weapon=P90 t=37.450
[AQ] SHOT fighter=ROBOT weapon=P90 t=37.517
[AQ] SHOT fighter=ROBOT weapon=P90 t=37.583
[AQ] SHOT fighter=ROBOT weapon=P90 t=37.650
[AQ] SHOT fighter=ROBOT weapon=P90 t=37.717
[AQ] SHOT fighter=ROBOT weapon=P90 t=37.783
[AQ] SHOT fighter=ROBOT weapon=P90 t=37.850
[AQ] CONSUME fighter=ROBOT weapon=P90 reason=sequence-complete
[AQ] SPAWN_HEAL id=16 heal=HEAL_H1 restore=70
[AQ] SPAWN_SLOT id=17 x=708 y=523 lead=2.00
[AQ] REVEAL id=17 weapon=GLOCK_17 eta=0.40 lead=2.00 fighter=ROBOT force=false
[AQ] PICKUP id=17 fighter=ROBOT weapon=GLOCK_17
[AQ] USE fighter=ROBOT weapon=GLOCK_17
[AQ] SHOT fighter=ROBOT weapon=GLOCK_17 t=39.067
[AQ] HIT source=ROBOT target=MATH weapon=GLOCK_17 damage=24.5
[AQ] SHOT fighter=ROBOT weapon=GLOCK_17 t=39.183
[AQ] HIT source=ROBOT target=MATH weapon=GLOCK_17 damage=24.5
[AQ] SHOT fighter=ROBOT weapon=GLOCK_17 t=39.300
[AQ] HIT source=ROBOT target=MATH weapon=GLOCK_17 damage=24.5
[AQ] PICKUP_HEAL id=16 fighter=MATH restore=70
[AQ] SHOT fighter=ROBOT weapon=GLOCK_17 t=39.417
[AQ] HIT source=ROBOT target=MATH weapon=GLOCK_17 damage=24.5
[AQ] CONSUME fighter=ROBOT weapon=GLOCK_17 reason=sequence-complete
[AQ] SPAWN_SLOT id=18 x=899 y=667 lead=2.00
[AQ] PICKUP id=15 fighter=MATH weapon=SMG
[AQ] USE fighter=MATH weapon=SMG
[AQ] SHOT fighter=MATH weapon=SMG t=44.683
[AQ] HIT source=MATH target=ROBOT weapon=SMG damage=15.8
[AQ] SHOT fighter=MATH weapon=SMG t=44.767
[AQ] HIT source=MATH target=ROBOT weapon=SMG damage=15.8
[AQ] SHOT fighter=MATH weapon=SMG t=44.850
[AQ] HIT source=MATH target=ROBOT weapon=SMG damage=15.8
[AQ] SHOT fighter=MATH weapon=SMG t=44.933
[AQ] HIT source=MATH target=ROBOT weapon=SMG damage=15.8
[AQ] SHOT fighter=MATH weapon=SMG t=45.017
[AQ] HIT source=MATH target=ROBOT weapon=SMG damage=15.8
[AQ] SHOT fighter=MATH weapon=SMG t=45.100
[AQ] SHOT fighter=MATH weapon=SMG t=45.183
[AQ] HIT source=MATH target=ROBOT weapon=SMG damage=15.8
[AQ] SHOT fighter=MATH weapon=SMG t=45.267
[AQ] HIT source=MATH target=ROBOT weapon=SMG damage=15.8
[AQ] CONSUME fighter=MATH weapon=SMG reason=sequence-complete
[AQ] HIT source=MATH target=ROBOT weapon=SMG damage=15.8
[AQ] SPAWN_SLOT id=19 x=128 y=519 lead=2.00
[AQ] REVEAL id=18 weapon=P90 eta=null lead=2.00 fighter=TIMEOUT force=true
[AQ] PICKUP id=18 fighter=MATH weapon=P90
[AQ] USE fighter=MATH weapon=P90
[AQ] SHOT fighter=MATH weapon=P90 t=46.483
[AQ] SHOT fighter=MATH weapon=P90 t=46.533
[AQ] SHOT fighter=MATH weapon=P90 t=46.600
[AQ] SHOT fighter=MATH weapon=P90 t=46.667
[AQ] HIT source=MATH target=ROBOT weapon=P90 damage=13.3
[AQ] SHOT fighter=MATH weapon=P90 t=46.733
[AQ] HIT source=MATH target=ROBOT weapon=P90 damage=13.3
[AQ] SHOT fighter=MATH weapon=P90 t=46.800
[AQ] HIT source=MATH target=ROBOT weapon=P90 damage=13.3
[AQ] SHOT fighter=MATH weapon=P90 t=46.867
[AQ] HIT source=MATH target=ROBOT weapon=P90 damage=13.3
[AQ] SHOT fighter=MATH weapon=P90 t=46.933
[AQ] SHOT fighter=MATH weapon=P90 t=47.000
[AQ] SHOT fighter=MATH weapon=P90 t=47.067
[AQ] CONSUME fighter=MATH weapon=P90 reason=sequence-complete
[AQ] SPAWN_SLOT id=20 x=646 y=691 lead=2.00
[AQ] SPAWN_HEAL id=21 heal=HEAL_H2 restore=126
[AQ] PICKUP_HEAL id=21 fighter=MATH restore=115.74000000000024
[AQ] REVEAL id=19 weapon=TEC_9 eta=null lead=2.00 fighter=TIMEOUT force=true
[AQ] REVEAL id=20 weapon=GLOCK_17 eta=1.15 lead=2.00 fighter=MATH force=false
[AQ] PICKUP id=20 fighter=MATH weapon=GLOCK_17
[AQ] USE fighter=MATH weapon=GLOCK_17
[AQ] SHOT fighter=MATH weapon=GLOCK_17 t=49.700
[AQ] HIT source=MATH target=ROBOT weapon=GLOCK_17 damage=24.5
[AQ] SHOT fighter=MATH weapon=GLOCK_17 t=49.817
[AQ] HIT source=MATH target=ROBOT weapon=GLOCK_17 damage=24.5
[AQ] SHOT fighter=MATH weapon=GLOCK_17 t=49.933
[AQ] HIT source=MATH target=ROBOT weapon=GLOCK_17 damage=24.5
[AQ] SHOT fighter=MATH weapon=GLOCK_17 t=50.050
[AQ] HIT source=MATH target=ROBOT weapon=GLOCK_17 damage=24.5
[AQ] CONSUME fighter=MATH weapon=GLOCK_17 reason=sequence-complete
[AQ] SPAWN_SLOT id=22 x=376 y=904 lead=2.00
[AQ] PICKUP id=19 fighter=MATH weapon=TEC_9
[AQ] USE fighter=MATH weapon=TEC_9
[AQ] SHOT fighter=MATH weapon=TEC_9 t=52.833
[AQ] HIT source=MATH target=ROBOT weapon=TEC_9 damage=21.0
[AQ] SHOT fighter=MATH weapon=TEC_9 t=52.917
[AQ] HIT source=MATH target=ROBOT weapon=TEC_9 damage=21.0
[AQ] SHOT fighter=MATH weapon=TEC_9 t=53.000
[AQ] HIT source=MATH target=ROBOT weapon=TEC_9 damage=21.0
[AQ] SHOT fighter=MATH weapon=TEC_9 t=53.100
[AQ] HIT source=MATH target=ROBOT weapon=TEC_9 damage=21.0
[AQ] SHOT fighter=MATH weapon=TEC_9 t=53.183
[AQ] HIT source=MATH target=ROBOT weapon=TEC_9 damage=21.0
[AQ] CONSUME fighter=MATH weapon=TEC_9 reason=sequence-complete
[AQ] SPAWN_SLOT id=23 x=390 y=450 lead=2.00
[AQ] REVEAL id=22 weapon=P90 eta=0.00 lead=2.00 fighter=MATH force=false
[AQ] PICKUP id=22 fighter=MATH weapon=P90
[AQ] USE fighter=MATH weapon=P90
[AQ] SHOT fighter=MATH weapon=P90 t=54.150
[AQ] HIT source=MATH target=ROBOT weapon=P90 damage=13.3
[AQ] SHOT fighter=MATH weapon=P90 t=54.200
[AQ] HIT source=MATH target=ROBOT weapon=P90 damage=13.3
[AQ] SHOT fighter=MATH weapon=P90 t=54.267
[AQ] HIT source=MATH target=ROBOT weapon=P90 damage=13.3
[AQ] SHOT fighter=MATH weapon=P90 t=54.333
[AQ] HIT source=MATH target=ROBOT weapon=P90 damage=13.3
[AQ] SHOT fighter=MATH weapon=P90 t=54.400
[AQ] HIT source=MATH target=ROBOT weapon=P90 damage=13.3
[AQ] SHOT fighter=MATH weapon=P90 t=54.467
[AQ] HIT source=MATH target=ROBOT weapon=P90 damage=13.3
[AQ] SHOT fighter=MATH weapon=P90 t=54.533
[AQ] HIT source=MATH target=ROBOT weapon=P90 damage=13.3
[AQ] SHOT fighter=MATH weapon=P90 t=54.600
[AQ] HIT source=MATH target=ROBOT weapon=P90 damage=13.3
[AQ] SHOT fighter=MATH weapon=P90 t=54.667
[AQ] HIT source=MATH target=ROBOT weapon=P90 damage=13.3
[AQ] SHOT fighter=MATH weapon=P90 t=54.733
[AQ] HIT source=MATH target=ROBOT weapon=P90 damage=13.3
[AQ] CONSUME fighter=MATH weapon=P90 reason=sequence-complete
[AQ] SPAWN_SLOT id=24 x=602 y=694 lead=2.00
[AQ] REVEAL id=23 weapon=SMG eta=null lead=2.00 fighter=TIMEOUT force=true
[AQ] SPAWN_HEAL id=25 heal=HEAL_H1 restore=70
[AQ] REJECT_HEAL fighter=MATH id=25 reason=full-health
[AQ] REVEAL id=24 weapon=GLOCK_17 eta=1.18 lead=2.00 fighter=MATH force=false
[AQ] PICKUP id=23 fighter=MATH weapon=SMG
[AQ] USE fighter=MATH weapon=SMG
[AQ] SHOT fighter=MATH weapon=SMG t=57.433
[AQ] HIT source=MATH target=ROBOT weapon=SMG damage=15.8
[AQ] SHOT fighter=MATH weapon=SMG t=57.517
[AQ] HIT source=MATH target=ROBOT weapon=SMG damage=15.8
[AQ] SHOT fighter=MATH weapon=SMG t=57.600
[AQ] HIT source=MATH target=ROBOT weapon=SMG damage=15.8
[AQ] REJECT_PICKUP fighter=MATH id=24 reason=already-armed
[AQ] SHOT fighter=MATH weapon=SMG t=57.683
[AQ] HIT source=MATH target=ROBOT weapon=SMG damage=15.8
[AQ] SHOT fighter=MATH weapon=SMG t=57.767
[AQ] HIT source=MATH target=ROBOT weapon=SMG damage=15.8
[AQ] SHOT fighter=MATH weapon=SMG t=57.850
[AQ] HIT source=MATH target=ROBOT weapon=SMG damage=15.8
[AQ] SHOT fighter=MATH weapon=SMG t=57.933
[AQ] HIT source=MATH target=ROBOT weapon=SMG damage=15.8
[AQ] PICKUP_HEAL id=25 fighter=ROBOT restore=70
[AQ] SHOT fighter=MATH weapon=SMG t=58.017
[AQ] CONSUME fighter=MATH weapon=SMG reason=sequence-complete
[AQ] HIT source=MATH target=ROBOT weapon=SMG damage=15.8
[AQ] PICKUP id=24 fighter=MATH weapon=GLOCK_17
[AQ] SPAWN_SLOT id=26 x=449 y=812 lead=2.00
[AQ] USE fighter=MATH weapon=GLOCK_17
[AQ] SHOT fighter=MATH weapon=GLOCK_17 t=59.567
[AQ] HIT source=MATH target=ROBOT weapon=GLOCK_17 damage=24.5
[AQ] SHOT fighter=MATH weapon=GLOCK_17 t=59.683
[AQ] SHOT fighter=MATH weapon=GLOCK_17 t=59.800
[AQ] SHOT fighter=MATH weapon=GLOCK_17 t=59.917
[AQ] KO winner=ROBOT
[AQ] MODE_ENTER mode=ARSENAL_QUEST
[AQ] SPAWN_SLOT id=1 x=579 y=129 lead=2.00
Not implemented: HTMLMediaElement's pause() method
Not implemented: HTMLMediaElement's pause() method
Not implemented: HTMLMediaElement's pause() method
Not implemented: HTMLMediaElement's pause() method
Not implemented: HTMLMediaElement's pause() method
Not implemented: HTMLMediaElement's pause() method
Not implemented: HTMLMediaElement's pause() method
Not implemented: HTMLMediaElement's pause() method
Not implemented: HTMLMediaElement's pause() method
[AQ] REVEAL id=1 weapon=P90 eta=null lead=2.00 fighter=TIMEOUT force=true
[AQ] PICKUP id=1 fighter=BLADE weapon=P90
[AQ] USE fighter=BLADE weapon=P90
[AQ] SHOT fighter=BLADE weapon=P90 t=3.667
[AQ] SHOT fighter=BLADE weapon=P90 t=3.717
[AQ] HIT source=BLADE target=ROBOT weapon=P90 damage=13.3
[AQ] SHOT fighter=BLADE weapon=P90 t=3.783
[AQ] HIT source=BLADE target=ROBOT weapon=P90 damage=13.3
[AQ] SHOT fighter=BLADE weapon=P90 t=3.850
[AQ] HIT source=BLADE target=ROBOT weapon=P90 damage=13.3
[AQ] SHOT fighter=BLADE weapon=P90 t=3.917
[AQ] HIT source=BLADE target=ROBOT weapon=P90 damage=13.3
[AQ] SHOT fighter=BLADE weapon=P90 t=3.983
[AQ] HIT source=BLADE target=ROBOT weapon=P90 damage=13.3
[AQ] SHOT fighter=BLADE weapon=P90 t=4.050
[AQ] HIT source=BLADE target=ROBOT weapon=P90 damage=13.3
[AQ] SHOT fighter=BLADE weapon=P90 t=4.117
[AQ] HIT source=BLADE target=ROBOT weapon=P90 damage=13.3
[AQ] SHOT fighter=BLADE weapon=P90 t=4.183
[AQ] HIT source=BLADE target=ROBOT weapon=P90 damage=13.3
[AQ] SHOT fighter=BLADE weapon=P90 t=4.250
[AQ] HIT source=BLADE target=ROBOT weapon=P90 damage=13.3
[AQ] CONSUME fighter=BLADE weapon=P90 reason=sequence-complete
[AQ] HIT source=BLADE target=ROBOT weapon=P90 damage=13.3
[AQ] SPAWN_SLOT id=2 x=372 y=513 lead=2.00
[AQ] REVEAL id=2 weapon=SMG eta=null lead=2.00 fighter=TIMEOUT force=true
[AQ] PICKUP id=2 fighter=ROBOT weapon=SMG
[AQ] USE fighter=ROBOT weapon=SMG
[AQ] SHOT fighter=ROBOT weapon=SMG t=8.650
[AQ] SHOT fighter=ROBOT weapon=SMG t=8.733
[AQ] HIT source=ROBOT target=BLADE weapon=SMG damage=15.8
[AQ] SHOT fighter=ROBOT weapon=SMG t=8.817
[AQ] HIT source=ROBOT target=BLADE weapon=SMG damage=15.8
[AQ] SPAWN_SLOT id=3 x=821 y=202 lead=2.00
[AQ] SHOT fighter=ROBOT weapon=SMG t=8.900
[AQ] HIT source=ROBOT target=BLADE weapon=SMG damage=15.8
[AQ] SHOT fighter=ROBOT weapon=SMG t=8.983
[AQ] HIT source=ROBOT target=BLADE weapon=SMG damage=15.8
[AQ] SHOT fighter=ROBOT weapon=SMG t=9.067
[AQ] HIT source=ROBOT target=BLADE weapon=SMG damage=15.8
[AQ] SHOT fighter=ROBOT weapon=SMG t=9.150
[AQ] SHOT fighter=ROBOT weapon=SMG t=9.233
[AQ] HIT source=ROBOT target=BLADE weapon=SMG damage=15.8
[AQ] CONSUME fighter=ROBOT weapon=SMG reason=sequence-complete
[AQ] SPAWN_SLOT id=4 x=144 y=198 lead=2.00
[AQ] REVEAL id=3 weapon=TEC_9 eta=0.18 lead=2.00 fighter=ROBOT force=false
[AQ] PICKUP id=3 fighter=ROBOT weapon=TEC_9
[AQ] USE fighter=ROBOT weapon=TEC_9
[AQ] SHOT fighter=ROBOT weapon=TEC_9 t=11.617
[AQ] SHOT fighter=ROBOT weapon=TEC_9 t=11.700
[AQ] SHOT fighter=ROBOT weapon=TEC_9 t=11.783
[AQ] HIT source=ROBOT target=BLADE weapon=TEC_9 damage=21.0
[AQ] SHOT fighter=ROBOT weapon=TEC_9 t=11.883
[AQ] HIT source=ROBOT target=BLADE weapon=TEC_9 damage=21.0
[AQ] SHOT fighter=ROBOT weapon=TEC_9 t=11.967
[AQ] HIT source=ROBOT target=BLADE weapon=TEC_9 damage=21.0
[AQ] CONSUME fighter=ROBOT weapon=TEC_9 reason=sequence-complete
[AQ] HIT source=ROBOT target=BLADE weapon=TEC_9 damage=21.0
[AQ] SPAWN_SLOT id=5 x=265 y=910 lead=2.00
[AQ] REVEAL id=4 weapon=GLOCK_17 eta=null lead=2.00 fighter=TIMEOUT force=true
[AQ] PICKUP id=4 fighter=ROBOT weapon=GLOCK_17
[AQ] USE fighter=ROBOT weapon=GLOCK_17
[AQ] SHOT fighter=ROBOT weapon=GLOCK_17 t=13.950
[AQ] SHOT fighter=ROBOT weapon=GLOCK_17 t=14.067
[AQ] SHOT fighter=ROBOT weapon=GLOCK_17 t=14.183
[AQ] HIT source=ROBOT target=BLADE weapon=GLOCK_17 damage=24.5
[AQ] SPAWN_HEAL id=6 heal=HEAL_H1 restore=70
[AQ] SHOT fighter=ROBOT weapon=GLOCK_17 t=14.300
[AQ] HIT source=ROBOT target=BLADE weapon=GLOCK_17 damage=24.5
[AQ] CONSUME fighter=ROBOT weapon=GLOCK_17 reason=sequence-complete
[AQ] SPAWN_SLOT id=7 x=613 y=543 lead=2.00
[AQ] REVEAL id=5 weapon=SMG eta=null lead=2.00 fighter=TIMEOUT force=true
[AQ] PICKUP_HEAL id=6 fighter=ROBOT restore=70
[AQ] REVEAL id=7 weapon=TEC_9 eta=1.08 lead=2.00 fighter=BLADE force=false
[AQ] PICKUP id=7 fighter=BLADE weapon=TEC_9
[AQ] USE fighter=BLADE weapon=TEC_9
[AQ] SHOT fighter=BLADE weapon=TEC_9 t=18.617
[AQ] SHOT fighter=BLADE weapon=TEC_9 t=18.700
[AQ] SHOT fighter=BLADE weapon=TEC_9 t=18.783
[AQ] SHOT fighter=BLADE weapon=TEC_9 t=18.883
[AQ] SPAWN_SLOT id=8 x=142 y=581 lead=2.00
[AQ] SHOT fighter=BLADE weapon=TEC_9 t=18.967
[AQ] CONSUME fighter=BLADE weapon=TEC_9 reason=sequence-complete
[AQ] PICKUP id=5 fighter=ROBOT weapon=SMG
[AQ] USE fighter=ROBOT weapon=SMG
[AQ] SHOT fighter=ROBOT weapon=SMG t=20.333
[AQ] HIT source=ROBOT target=BLADE weapon=SMG damage=15.8
[AQ] SHOT fighter=ROBOT weapon=SMG t=20.417
[AQ] HIT source=ROBOT target=BLADE weapon=SMG damage=15.8
[AQ] SHOT fighter=ROBOT weapon=SMG t=20.500
[AQ] SHOT fighter=ROBOT weapon=SMG t=20.583
[AQ] HIT source=ROBOT target=BLADE weapon=SMG damage=15.8
[AQ] SHOT fighter=ROBOT weapon=SMG t=20.667
[AQ] SHOT fighter=ROBOT weapon=SMG t=20.750
[AQ] SHOT fighter=ROBOT weapon=SMG t=20.833
[AQ] SHOT fighter=ROBOT weapon=SMG t=20.917
[AQ] CONSUME fighter=ROBOT weapon=SMG reason=sequence-complete
[AQ] SPAWN_SLOT id=9 x=698 y=314 lead=2.00
[AQ] REVEAL id=8 weapon=GLOCK_17 eta=null lead=2.00 fighter=TIMEOUT force=true
[AQ] PICKUP id=8 fighter=BLADE weapon=GLOCK_17
[AQ] USE fighter=BLADE weapon=GLOCK_17
[AQ] SHOT fighter=BLADE weapon=GLOCK_17 t=23.133
[AQ] SPAWN_HEAL id=10 heal=HEAL_H1 restore=70
[AQ] PICKUP_HEAL id=10 fighter=ROBOT restore=70
[AQ] SHOT fighter=BLADE weapon=GLOCK_17 t=23.250
[AQ] HIT source=BLADE target=ROBOT weapon=GLOCK_17 damage=24.5
[AQ] SHOT fighter=BLADE weapon=GLOCK_17 t=23.367
[AQ] HIT source=BLADE target=ROBOT weapon=GLOCK_17 damage=24.5
[AQ] SHOT fighter=BLADE weapon=GLOCK_17 t=23.483
[AQ] HIT source=BLADE target=ROBOT weapon=GLOCK_17 damage=24.5
[AQ] CONSUME fighter=BLADE weapon=GLOCK_17 reason=sequence-complete
[AQ] SPAWN_SLOT id=11 x=166 y=150 lead=2.00
[AQ] HIT source=BLADE target=ROBOT weapon=GLOCK_17 damage=24.5
[AQ] REVEAL id=9 weapon=SMG eta=null lead=2.00 fighter=TIMEOUT force=true
[AQ] PICKUP id=9 fighter=BLADE weapon=SMG
[AQ] USE fighter=BLADE weapon=SMG
[AQ] SHOT fighter=BLADE weapon=SMG t=24.450
[AQ] HIT source=BLADE target=ROBOT weapon=SMG damage=15.8
[AQ] SHOT fighter=BLADE weapon=SMG t=24.533
[AQ] HIT source=BLADE target=ROBOT weapon=SMG damage=15.8
[AQ] SHOT fighter=BLADE weapon=SMG t=24.617
[AQ] HIT source=BLADE target=ROBOT weapon=SMG damage=15.8
[AQ] SHOT fighter=BLADE weapon=SMG t=24.700
[AQ] HIT source=BLADE target=ROBOT weapon=SMG damage=15.8
[AQ] SHOT fighter=BLADE weapon=SMG t=24.783
[AQ] HIT source=BLADE target=ROBOT weapon=SMG damage=15.8
[AQ] SHOT fighter=BLADE weapon=SMG t=24.867
[AQ] HIT source=BLADE target=ROBOT weapon=SMG damage=15.8
[AQ] SHOT fighter=BLADE weapon=SMG t=24.950
[AQ] HIT source=BLADE target=ROBOT weapon=SMG damage=15.8
[AQ] SHOT fighter=BLADE weapon=SMG t=25.033
[AQ] HIT source=BLADE target=ROBOT weapon=SMG damage=15.8
[AQ] CONSUME fighter=BLADE weapon=SMG reason=sequence-complete
[AQ] SPAWN_SLOT id=12 x=745 y=667 lead=2.00
[AQ] REVEAL id=11 weapon=TEC_9 eta=null lead=2.00 fighter=TIMEOUT force=true
[AQ] PICKUP id=11 fighter=BLADE weapon=TEC_9
[AQ] USE fighter=BLADE weapon=TEC_9
[AQ] SHOT fighter=BLADE weapon=TEC_9 t=26.967
[AQ] SHOT fighter=BLADE weapon=TEC_9 t=27.050
[AQ] SHOT fighter=BLADE weapon=TEC_9 t=27.133
[AQ] SHOT fighter=BLADE weapon=TEC_9 t=27.233
[AQ] HIT source=BLADE target=ROBOT weapon=TEC_9 damage=21.0
[AQ] SHOT fighter=BLADE weapon=TEC_9 t=27.317
[AQ] HIT source=BLADE target=ROBOT weapon=TEC_9 damage=21.0
[AQ] CONSUME fighter=BLADE weapon=TEC_9 reason=sequence-complete
[AQ] SPAWN_SLOT id=13 x=295 y=684 lead=2.00
[AQ] HIT source=BLADE target=ROBOT weapon=TEC_9 damage=21.0
[AQ] REVEAL id=12 weapon=GLOCK_17 eta=null lead=2.00 fighter=TIMEOUT force=true
[AQ] REVEAL id=13 weapon=P90 eta=1.19 lead=2.00 fighter=BLADE force=false
[AQ] PICKUP id=13 fighter=BLADE weapon=P90
[AQ] USE fighter=BLADE weapon=P90
[AQ] SHOT fighter=BLADE weapon=P90 t=29.617
[AQ] SHOT fighter=BLADE weapon=P90 t=29.667
[AQ] HIT source=BLADE target=ROBOT weapon=P90 damage=13.3
[AQ] SHOT fighter=BLADE weapon=P90 t=29.733
[AQ] HIT source=BLADE target=ROBOT weapon=P90 damage=13.3
[AQ] SHOT fighter=BLADE weapon=P90 t=29.800
[AQ] HIT source=BLADE target=ROBOT weapon=P90 damage=13.3
[AQ] SHOT fighter=BLADE weapon=P90 t=29.867
[AQ] HIT source=BLADE target=ROBOT weapon=P90 damage=13.3
[AQ] SHOT fighter=BLADE weapon=P90 t=29.933
[AQ] HIT source=BLADE target=ROBOT weapon=P90 damage=13.3
[AQ] SHOT fighter=BLADE weapon=P90 t=30.000
[AQ] SHOT fighter=BLADE weapon=P90 t=30.067
[AQ] HIT source=BLADE target=ROBOT weapon=P90 damage=13.3
[AQ] SHOT fighter=BLADE weapon=P90 t=30.133
[AQ] HIT source=BLADE target=ROBOT weapon=P90 damage=13.3
[AQ] SHOT fighter=BLADE weapon=P90 t=30.200
[AQ] HIT source=BLADE target=ROBOT weapon=P90 damage=13.3
[AQ] HIT source=BLADE target=ROBOT weapon=P90 damage=13.3
[AQ] CONSUME fighter=BLADE weapon=P90 reason=sequence-complete
[AQ] PICKUP id=12 fighter=ROBOT weapon=GLOCK_17
[AQ] USE fighter=ROBOT weapon=GLOCK_17
[AQ] SHOT fighter=ROBOT weapon=GLOCK_17 t=31.333
[AQ] HIT source=ROBOT target=BLADE weapon=GLOCK_17 damage=24.5
[AQ] SHOT fighter=ROBOT weapon=GLOCK_17 t=31.450
[AQ] SHOT fighter=ROBOT weapon=GLOCK_17 t=31.567
[AQ] SHOT fighter=ROBOT weapon=GLOCK_17 t=31.683
[AQ] HIT source=ROBOT target=BLADE weapon=GLOCK_17 damage=24.5
[AQ] CONSUME fighter=ROBOT weapon=GLOCK_17 reason=sequence-complete
[AQ] SPAWN_SLOT id=14 x=224 y=177 lead=2.00
[AQ] SPAWN_HEAL id=15 heal=HEAL_H2 restore=126
[AQ] PICKUP_HEAL id=15 fighter=BLADE restore=126
[AQ] REVEAL id=14 weapon=TEC_9 eta=null lead=2.00 fighter=TIMEOUT force=true
[AQ] SPAWN_SLOT id=16 x=566 y=847 lead=2.00
[AQ] REVEAL id=16 weapon=GLOCK_17 eta=0.89 lead=2.00 fighter=ROBOT force=false
[AQ] PICKUP id=16 fighter=ROBOT weapon=GLOCK_17
[AQ] USE fighter=ROBOT weapon=GLOCK_17
[AQ] SHOT fighter=ROBOT weapon=GLOCK_17 t=37.483
[AQ] SHOT fighter=ROBOT weapon=GLOCK_17 t=37.600
[AQ] HIT source=ROBOT target=BLADE weapon=GLOCK_17 damage=24.5
[AQ] SHOT fighter=ROBOT weapon=GLOCK_17 t=37.717
[AQ] HIT source=ROBOT target=BLADE weapon=GLOCK_17 damage=24.5
[AQ] SHOT fighter=ROBOT weapon=GLOCK_17 t=37.833
[AQ] HIT source=ROBOT target=BLADE weapon=GLOCK_17 damage=24.5
[AQ] CONSUME fighter=ROBOT weapon=GLOCK_17 reason=sequence-complete
[AQ] PICKUP id=14 fighter=ROBOT weapon=TEC_9
[AQ] SPAWN_SLOT id=17 x=769 y=487 lead=2.00
[AQ] USE fighter=ROBOT weapon=TEC_9
[AQ] SHOT fighter=ROBOT weapon=TEC_9 t=40.867
[AQ] SHOT fighter=ROBOT weapon=TEC_9 t=40.950
[AQ] SHOT fighter=ROBOT weapon=TEC_9 t=41.033
[AQ] HIT source=ROBOT target=BLADE weapon=TEC_9 damage=21.0
[AQ] SHOT fighter=ROBOT weapon=TEC_9 t=41.133
[AQ] SHOT fighter=ROBOT weapon=TEC_9 t=41.217
[AQ] SPAWN_HEAL id=18 heal=HEAL_H1 restore=70
[AQ] PICKUP_HEAL id=18 fighter=ROBOT restore=70
[AQ] CONSUME fighter=ROBOT weapon=TEC_9 reason=sequence-complete
[AQ] SPAWN_SLOT id=19 x=494 y=266 lead=2.00
[AQ] REVEAL id=17 weapon=SMG eta=null lead=2.00 fighter=TIMEOUT force=true
[AQ] REVEAL id=19 weapon=TEC_9 eta=null lead=2.00 fighter=TIMEOUT force=true
[AQ] SPAWN_SLOT id=20 x=105 y=759 lead=2.00
[AQ] PICKUP id=19 fighter=ROBOT weapon=TEC_9
[AQ] USE fighter=ROBOT weapon=TEC_9
[AQ] SHOT fighter=ROBOT weapon=TEC_9 t=47.183
[AQ] SHOT fighter=ROBOT weapon=TEC_9 t=47.267
[AQ] HIT source=ROBOT target=BLADE weapon=TEC_9 damage=21.0
[AQ] SHOT fighter=ROBOT weapon=TEC_9 t=47.350
[AQ] HIT source=ROBOT target=BLADE weapon=TEC_9 damage=21.0
[AQ] SHOT fighter=ROBOT weapon=TEC_9 t=47.450
[AQ] HIT source=ROBOT target=BLADE weapon=TEC_9 damage=21.0
[AQ] SHOT fighter=ROBOT weapon=TEC_9 t=47.533
[AQ] CONSUME fighter=ROBOT weapon=TEC_9 reason=sequence-complete
[AQ] PICKUP id=17 fighter=ROBOT weapon=SMG
[AQ] USE fighter=ROBOT weapon=SMG
[AQ] SHOT fighter=ROBOT weapon=SMG t=48.550
[AQ] HIT source=ROBOT target=BLADE weapon=SMG damage=15.8
[AQ] SHOT fighter=ROBOT weapon=SMG t=48.633
[AQ] HIT source=ROBOT target=BLADE weapon=SMG damage=15.8
[AQ] SHOT fighter=ROBOT weapon=SMG t=48.717
[AQ] HIT source=ROBOT target=BLADE weapon=SMG damage=15.8
[AQ] SHOT fighter=ROBOT weapon=SMG t=48.800
[AQ] HIT source=ROBOT target=BLADE weapon=SMG damage=15.8
[AQ] REVEAL id=20 weapon=GLOCK_17 eta=null lead=2.00 fighter=TIMEOUT force=true
[AQ] SHOT fighter=ROBOT weapon=SMG t=48.883
[AQ] HIT source=ROBOT target=BLADE weapon=SMG damage=15.8
[AQ] SHOT fighter=ROBOT weapon=SMG t=48.967
[AQ] SHOT fighter=ROBOT weapon=SMG t=49.050
[AQ] SHOT fighter=ROBOT weapon=SMG t=49.133
[AQ] CONSUME fighter=ROBOT weapon=SMG reason=sequence-complete
[AQ] PICKUP id=20 fighter=ROBOT weapon=GLOCK_17
[AQ] USE fighter=ROBOT weapon=GLOCK_17
[AQ] SHOT fighter=ROBOT weapon=GLOCK_17 t=50.083
[AQ] SHOT fighter=ROBOT weapon=GLOCK_17 t=50.200
[AQ] SPAWN_HEAL id=21 heal=HEAL_H1 restore=70
[AQ] PICKUP_HEAL id=21 fighter=BLADE restore=70
[AQ] SHOT fighter=ROBOT weapon=GLOCK_17 t=50.317
[AQ] SPAWN_SLOT id=22 x=501 y=497 lead=2.00
[AQ] SHOT fighter=ROBOT weapon=GLOCK_17 t=50.433
[AQ] CONSUME fighter=ROBOT weapon=GLOCK_17 reason=sequence-complete
[AQ] SPAWN_SLOT id=23 x=224 y=700 lead=2.00
[AQ] REVEAL id=22 weapon=SMG eta=0.97 lead=2.00 fighter=BLADE force=false
[AQ] REVEAL id=23 weapon=TEC_9 eta=null lead=2.00 fighter=TIMEOUT force=true
[AQ] PICKUP id=22 fighter=BLADE weapon=SMG
[AQ] USE fighter=BLADE weapon=SMG
[AQ] SHOT fighter=BLADE weapon=SMG t=53.933
[AQ] HIT source=BLADE target=ROBOT weapon=SMG damage=15.8
[AQ] SHOT fighter=BLADE weapon=SMG t=54.017
[AQ] HIT source=BLADE target=ROBOT weapon=SMG damage=15.8
[AQ] SHOT fighter=BLADE weapon=SMG t=54.100
[AQ] HIT source=BLADE target=ROBOT weapon=SMG damage=15.8
[AQ] SHOT fighter=BLADE weapon=SMG t=54.183
[AQ] HIT source=BLADE target=ROBOT weapon=SMG damage=15.8
[AQ] SHOT fighter=BLADE weapon=SMG t=54.267
[AQ] HIT source=BLADE target=ROBOT weapon=SMG damage=15.8
[AQ] SHOT fighter=BLADE weapon=SMG t=54.350
[AQ] HIT source=BLADE target=ROBOT weapon=SMG damage=15.8
[AQ] SHOT fighter=BLADE weapon=SMG t=54.433
[AQ] HIT source=BLADE target=ROBOT weapon=SMG damage=15.8
[AQ] SHOT fighter=BLADE weapon=SMG t=54.517
[AQ] HIT source=BLADE target=ROBOT weapon=SMG damage=15.8
[AQ] CONSUME fighter=BLADE weapon=SMG reason=sequence-complete
[AQ] SPAWN_SLOT id=24 x=205 y=281 lead=2.00
[AQ] REVEAL id=24 weapon=GLOCK_17 eta=0.18 lead=2.00 fighter=BLADE force=false
[AQ] PICKUP id=24 fighter=BLADE weapon=GLOCK_17
[AQ] USE fighter=BLADE weapon=GLOCK_17
[AQ] SHOT fighter=BLADE weapon=GLOCK_17 t=55.417
[AQ] SHOT fighter=BLADE weapon=GLOCK_17 t=55.533
[AQ] HIT source=BLADE target=ROBOT weapon=GLOCK_17 damage=24.5
[AQ] SHOT fighter=BLADE weapon=GLOCK_17 t=55.650
[AQ] HIT source=BLADE target=ROBOT weapon=GLOCK_17 damage=24.5
[AQ] SHOT fighter=BLADE weapon=GLOCK_17 t=55.767
[AQ] HIT source=BLADE target=ROBOT weapon=GLOCK_17 damage=24.5
[AQ] CONSUME fighter=BLADE weapon=GLOCK_17 reason=sequence-complete
[AQ] HIT source=BLADE target=ROBOT weapon=GLOCK_17 damage=24.5
[AQ] PICKUP id=23 fighter=ROBOT weapon=TEC_9
[AQ] USE fighter=ROBOT weapon=TEC_9
[AQ] SHOT fighter=ROBOT weapon=TEC_9 t=58.050
[AQ] SHOT fighter=ROBOT weapon=TEC_9 t=58.133
[AQ] SHOT fighter=ROBOT weapon=TEC_9 t=58.217
[AQ] SHOT fighter=ROBOT weapon=TEC_9 t=58.317
[AQ] SHOT fighter=ROBOT weapon=TEC_9 t=58.400
[AQ] HIT source=ROBOT target=BLADE weapon=TEC_9 damage=21.0
[AQ] CONSUME fighter=ROBOT weapon=TEC_9 reason=sequence-complete
[AQ] SPAWN_SLOT id=25 x=735 y=317 lead=2.00
[AQ] HIT source=ROBOT target=BLADE weapon=TEC_9 damage=21.0
[AQ] SPAWN_HEAL id=26 heal=HEAL_H1 restore=70
[AQ] PICKUP_HEAL id=26 fighter=ROBOT restore=70
[AQ] KO winner=ROBOT
[AQ] MODE_ENTER mode=ARSENAL_QUEST
[AQ] SPAWN_SLOT id=1 x=594 y=384 lead=2.00
Not implemented: HTMLMediaElement's pause() method
Not implemented: HTMLMediaElement's pause() method
Not implemented: HTMLMediaElement's pause() method
Not implemented: HTMLMediaElement's pause() method
Not implemented: HTMLMediaElement's pause() method
Not implemented: HTMLMediaElement's pause() method
Not implemented: HTMLMediaElement's pause() method
Not implemented: HTMLMediaElement's pause() method
Not implemented: HTMLMediaElement's pause() method
[AQ] REVEAL id=1 weapon=SMG eta=0.53 lead=2.00 fighter=TOXIC force=false
[AQ] PICKUP id=1 fighter=TOXIC weapon=SMG
[AQ] USE fighter=TOXIC weapon=SMG
[AQ] SHOT fighter=TOXIC weapon=SMG t=3.200
[AQ] HIT source=TOXIC target=ROBOT weapon=SMG damage=15.8
[AQ] SHOT fighter=TOXIC weapon=SMG t=3.283
[AQ] HIT source=TOXIC target=ROBOT weapon=SMG damage=15.8
[AQ] SHOT fighter=TOXIC weapon=SMG t=3.367
[AQ] HIT source=TOXIC target=ROBOT weapon=SMG damage=15.8
[AQ] SHOT fighter=TOXIC weapon=SMG t=3.450
[AQ] SHOT fighter=TOXIC weapon=SMG t=3.533
[AQ] HIT source=TOXIC target=ROBOT weapon=SMG damage=15.8
[AQ] SHOT fighter=TOXIC weapon=SMG t=3.617
[AQ] HIT source=TOXIC target=ROBOT weapon=SMG damage=15.8
[AQ] SHOT fighter=TOXIC weapon=SMG t=3.700
[AQ] HIT source=TOXIC target=ROBOT weapon=SMG damage=15.8
[AQ] SHOT fighter=TOXIC weapon=SMG t=3.783
[AQ] CONSUME fighter=TOXIC weapon=SMG reason=sequence-complete
[AQ] HIT source=TOXIC target=ROBOT weapon=SMG damage=15.8
[AQ] SPAWN_SLOT id=2 x=117 y=364 lead=2.00
[AQ] HIT source=TOXIC target=ROBOT weapon=SMG damage=15.8
[AQ] REVEAL id=2 weapon=TEC_9 eta=null lead=2.00 fighter=TIMEOUT force=true
[AQ] SPAWN_SLOT id=3 x=206 y=743 lead=2.00
[AQ] REVEAL id=3 weapon=GLOCK_17 eta=0.28 lead=2.00 fighter=TOXIC force=false
[AQ] PICKUP id=3 fighter=TOXIC weapon=GLOCK_17
[AQ] USE fighter=TOXIC weapon=GLOCK_17
[AQ] SHOT fighter=TOXIC weapon=GLOCK_17 t=9.350
[AQ] HIT source=TOXIC target=ROBOT weapon=GLOCK_17 damage=24.5
[AQ] SHOT fighter=TOXIC weapon=GLOCK_17 t=9.467
[AQ] HIT source=TOXIC target=ROBOT weapon=GLOCK_17 damage=24.5
[AQ] SHOT fighter=TOXIC weapon=GLOCK_17 t=9.583
[AQ] HIT source=TOXIC target=ROBOT weapon=GLOCK_17 damage=24.5
[AQ] SHOT fighter=TOXIC weapon=GLOCK_17 t=9.700
[AQ] HIT source=TOXIC target=ROBOT weapon=GLOCK_17 damage=24.5
[AQ] SPAWN_HEAL id=4 heal=HEAL_H1 restore=70
[AQ] REJECT_PICKUP fighter=TOXIC id=2 reason=already-armed
[AQ] CONSUME fighter=TOXIC weapon=GLOCK_17 reason=sequence-complete
[AQ] PICKUP id=2 fighter=TOXIC weapon=TEC_9
[AQ] USE fighter=TOXIC weapon=TEC_9
[AQ] SHOT fighter=TOXIC weapon=TEC_9 t=10.167
[AQ] SHOT fighter=TOXIC weapon=TEC_9 t=10.250
[AQ] HIT source=TOXIC target=ROBOT weapon=TEC_9 damage=21.0
[AQ] SHOT fighter=TOXIC weapon=TEC_9 t=10.333
[AQ] SHOT fighter=TOXIC weapon=TEC_9 t=10.433
[AQ] SHOT fighter=TOXIC weapon=TEC_9 t=10.517
[AQ] HIT source=TOXIC target=ROBOT weapon=TEC_9 damage=21.0
[AQ] CONSUME fighter=TOXIC weapon=TEC_9 reason=sequence-complete
[AQ] SPAWN_SLOT id=5 x=739 y=572 lead=2.00
[AQ] HIT source=TOXIC target=ROBOT weapon=TEC_9 damage=21.0
[AQ] PICKUP_HEAL id=4 fighter=ROBOT restore=70
[AQ] REVEAL id=5 weapon=SMG eta=null lead=2.00 fighter=TIMEOUT force=true
[AQ] SPAWN_SLOT id=6 x=111 y=406 lead=2.00
[AQ] REVEAL id=6 weapon=TEC_9 eta=0.00 lead=2.00 fighter=TOXIC force=false
[AQ] PICKUP id=6 fighter=TOXIC weapon=TEC_9
[AQ] USE fighter=TOXIC weapon=TEC_9
[AQ] SHOT fighter=TOXIC weapon=TEC_9 t=15.467
[AQ] SHOT fighter=TOXIC weapon=TEC_9 t=15.550
[AQ] HIT source=TOXIC target=ROBOT weapon=TEC_9 damage=21.0
[AQ] SHOT fighter=TOXIC weapon=TEC_9 t=15.633
[AQ] HIT source=TOXIC target=ROBOT weapon=TEC_9 damage=21.0
[AQ] HIT source=TOXIC target=ROBOT weapon=TEC_9 damage=21.0
[AQ] SHOT fighter=TOXIC weapon=TEC_9 t=15.733
[AQ] SHOT fighter=TOXIC weapon=TEC_9 t=15.817
[AQ] HIT source=TOXIC target=ROBOT weapon=TEC_9 damage=21.0
[AQ] CONSUME fighter=TOXIC weapon=TEC_9 reason=sequence-complete
[AQ] HIT source=TOXIC target=ROBOT weapon=TEC_9 damage=21.0
[AQ] SPAWN_HEAL id=7 heal=HEAL_H1 restore=70
[AQ] PICKUP_HEAL id=7 fighter=ROBOT restore=70
[AQ] SPAWN_SLOT id=8 x=573 y=723 lead=2.00
[AQ] PICKUP id=5 fighter=TOXIC weapon=SMG
[AQ] USE fighter=TOXIC weapon=SMG
[AQ] SHOT fighter=TOXIC weapon=SMG t=21.333
[AQ] SHOT fighter=TOXIC weapon=SMG t=21.417
[AQ] HIT source=TOXIC target=ROBOT weapon=SMG damage=15.8
[AQ] HIT source=TOXIC target=ROBOT weapon=SMG damage=15.8
[AQ] SHOT fighter=TOXIC weapon=SMG t=21.500
[AQ] HIT source=TOXIC target=ROBOT weapon=SMG damage=15.8
[AQ] SHOT fighter=TOXIC weapon=SMG t=21.583
[AQ] HIT source=TOXIC target=ROBOT weapon=SMG damage=15.8
[AQ] SHOT fighter=TOXIC weapon=SMG t=21.667
[AQ] HIT source=TOXIC target=ROBOT weapon=SMG damage=15.8
[AQ] SHOT fighter=TOXIC weapon=SMG t=21.750
[AQ] HIT source=TOXIC target=ROBOT weapon=SMG damage=15.8
[AQ] SHOT fighter=TOXIC weapon=SMG t=21.833
[AQ] HIT source=TOXIC target=ROBOT weapon=SMG damage=15.8
[AQ] SHOT fighter=TOXIC weapon=SMG t=21.917
[AQ] HIT source=TOXIC target=ROBOT weapon=SMG damage=15.8
[AQ] CONSUME fighter=TOXIC weapon=SMG reason=sequence-complete
[AQ] SPAWN_SLOT id=9 x=605 y=885 lead=2.00
[AQ] REVEAL id=8 weapon=P90 eta=null lead=2.00 fighter=TIMEOUT force=true
[AQ] REVEAL id=9 weapon=SMG eta=null lead=2.00 fighter=TIMEOUT force=true
[AQ] PICKUP id=8 fighter=TOXIC weapon=P90
[AQ] REJECT_PICKUP fighter=TOXIC id=9 reason=already-armed
[AQ] USE fighter=TOXIC weapon=P90
[AQ] SHOT fighter=TOXIC weapon=P90 t=25.683
[AQ] SHOT fighter=TOXIC weapon=P90 t=25.733
[AQ] SHOT fighter=TOXIC weapon=P90 t=25.800
[AQ] SHOT fighter=TOXIC weapon=P90 t=25.867
[AQ] HIT source=TOXIC target=ROBOT weapon=P90 damage=13.3
[AQ] HIT source=TOXIC target=ROBOT weapon=P90 damage=13.3
[AQ] SHOT fighter=TOXIC weapon=P90 t=25.933
[AQ] SHOT fighter=TOXIC weapon=P90 t=26.000
[AQ] SHOT fighter=TOXIC weapon=P90 t=26.067
[AQ] SHOT fighter=TOXIC weapon=P90 t=26.133
[AQ] SHOT fighter=TOXIC weapon=P90 t=26.200
[AQ] SHOT fighter=TOXIC weapon=P90 t=26.267
[AQ] CONSUME fighter=TOXIC weapon=P90 reason=sequence-complete
[AQ] SPAWN_SLOT id=10 x=458 y=667 lead=2.00
[AQ] REVEAL id=10 weapon=TEC_9 eta=1.10 lead=2.00 fighter=TOXIC force=false
[AQ] SPAWN_HEAL id=11 heal=HEAL_H1 restore=70
[AQ] PICKUP id=10 fighter=ROBOT weapon=TEC_9
[AQ] USE fighter=ROBOT weapon=TEC_9
[AQ] SHOT fighter=ROBOT weapon=TEC_9 t=28.433
[AQ] HIT source=ROBOT target=TOXIC weapon=TEC_9 damage=21.0
[AQ] SHOT fighter=ROBOT weapon=TEC_9 t=28.517
[AQ] HIT source=ROBOT target=TOXIC weapon=TEC_9 damage=21.0
[AQ] SHOT fighter=ROBOT weapon=TEC_9 t=28.600
[AQ] SHOT fighter=ROBOT weapon=TEC_9 t=28.700
[AQ] HIT source=ROBOT target=TOXIC weapon=TEC_9 damage=21.0
[AQ] SHOT fighter=ROBOT weapon=TEC_9 t=28.783
[AQ] HIT source=ROBOT target=TOXIC weapon=TEC_9 damage=21.0
[AQ] CONSUME fighter=ROBOT weapon=TEC_9 reason=sequence-complete
[AQ] HIT source=ROBOT target=TOXIC weapon=TEC_9 damage=21.0
[AQ] PICKUP_HEAL id=11 fighter=TOXIC restore=70
[AQ] PICKUP id=9 fighter=ROBOT weapon=SMG
[AQ] USE fighter=ROBOT weapon=SMG
[AQ] SHOT fighter=ROBOT weapon=SMG t=30.050
[AQ] SHOT fighter=ROBOT weapon=SMG t=30.133
[AQ] HIT source=ROBOT target=TOXIC weapon=SMG damage=15.8
[AQ] SHOT fighter=ROBOT weapon=SMG t=30.217
[AQ] HIT source=ROBOT target=TOXIC weapon=SMG damage=15.8
[AQ] SHOT fighter=ROBOT weapon=SMG t=30.300
[AQ] HIT source=ROBOT target=TOXIC weapon=SMG damage=15.8
[AQ] HIT source=ROBOT target=TOXIC weapon=SMG damage=15.8
[AQ] SHOT fighter=ROBOT weapon=SMG t=30.383
[AQ] HIT source=ROBOT target=TOXIC weapon=SMG damage=15.8
[AQ] SHOT fighter=ROBOT weapon=SMG t=30.467
[AQ] HIT source=ROBOT target=TOXIC weapon=SMG damage=15.8
[AQ] SHOT fighter=ROBOT weapon=SMG t=30.550
[AQ] HIT source=ROBOT target=TOXIC weapon=SMG damage=15.8
[AQ] SHOT fighter=ROBOT weapon=SMG t=30.633
[AQ] HIT source=ROBOT target=TOXIC weapon=SMG damage=15.8
[AQ] CONSUME fighter=ROBOT weapon=SMG reason=sequence-complete
[AQ] SPAWN_SLOT id=12 x=169 y=501 lead=2.00
[AQ] REVEAL id=12 weapon=P90 eta=0.00 lead=2.00 fighter=TOXIC force=false
[AQ] PICKUP id=12 fighter=TOXIC weapon=P90
[AQ] USE fighter=TOXIC weapon=P90
[AQ] SHOT fighter=TOXIC weapon=P90 t=31.067
[AQ] SHOT fighter=TOXIC weapon=P90 t=31.117
[AQ] SHOT fighter=TOXIC weapon=P90 t=31.183
[AQ] HIT source=TOXIC target=ROBOT weapon=P90 damage=13.3
[AQ] HIT source=TOXIC target=ROBOT weapon=P90 damage=13.3
[AQ] SHOT fighter=TOXIC weapon=P90 t=31.250
[AQ] HIT source=TOXIC target=ROBOT weapon=P90 damage=13.3
[AQ] SHOT fighter=TOXIC weapon=P90 t=31.317
[AQ] HIT source=TOXIC target=ROBOT weapon=P90 damage=13.3
[AQ] SHOT fighter=TOXIC weapon=P90 t=31.383
[AQ] HIT source=TOXIC target=ROBOT weapon=P90 damage=13.3
[AQ] SHOT fighter=TOXIC weapon=P90 t=31.450
[AQ] HIT source=TOXIC target=ROBOT weapon=P90 damage=13.3
[AQ] SHOT fighter=TOXIC weapon=P90 t=31.517
[AQ] HIT source=TOXIC target=ROBOT weapon=P90 damage=13.3
[AQ] SHOT fighter=TOXIC weapon=P90 t=31.583
[AQ] HIT source=TOXIC target=ROBOT weapon=P90 damage=13.3
[AQ] SHOT fighter=TOXIC weapon=P90 t=31.650
[AQ] HIT source=TOXIC target=ROBOT weapon=P90 damage=13.3
[AQ] CONSUME fighter=TOXIC weapon=P90 reason=sequence-complete
[AQ] SPAWN_SLOT id=13 x=401 y=127 lead=2.00
[AQ] HIT source=TOXIC target=ROBOT weapon=P90 damage=13.3
[AQ] REVEAL id=13 weapon=SMG eta=null lead=2.00 fighter=TIMEOUT force=true
[AQ] SPAWN_SLOT id=14 x=403 y=640 lead=2.00
[AQ] SPAWN_HEAL id=15 heal=HEAL_H1 restore=70
[AQ] PICKUP_HEAL id=15 fighter=TOXIC restore=70
[AQ] REVEAL id=14 weapon=GLOCK_17 eta=null lead=2.00 fighter=TIMEOUT force=true
[AQ] PICKUP id=13 fighter=TOXIC weapon=SMG
[AQ] SPAWN_SLOT id=16 x=741 y=866 lead=2.00
[AQ] USE fighter=TOXIC weapon=SMG
[AQ] SHOT fighter=TOXIC weapon=SMG t=41.017
[AQ] SHOT fighter=TOXIC weapon=SMG t=41.100
[AQ] HIT source=TOXIC target=ROBOT weapon=SMG damage=15.8
[AQ] SHOT fighter=TOXIC weapon=SMG t=41.183
[AQ] HIT source=TOXIC target=ROBOT weapon=SMG damage=15.8
[AQ] SHOT fighter=TOXIC weapon=SMG t=41.267
[AQ] HIT source=TOXIC target=ROBOT weapon=SMG damage=15.8
[AQ] SHOT fighter=TOXIC weapon=SMG t=41.350
[AQ] SHOT fighter=TOXIC weapon=SMG t=41.433
[AQ] SHOT fighter=TOXIC weapon=SMG t=41.517
[AQ] SHOT fighter=TOXIC weapon=SMG t=41.600
[AQ] CONSUME fighter=TOXIC weapon=SMG reason=sequence-complete
[AQ] REVEAL id=16 weapon=P90 eta=null lead=2.00 fighter=TIMEOUT force=true
[AQ] PICKUP id=14 fighter=ROBOT weapon=GLOCK_17
[AQ] USE fighter=ROBOT weapon=GLOCK_17
[AQ] SHOT fighter=ROBOT weapon=GLOCK_17 t=44.333
[AQ] SHOT fighter=ROBOT weapon=GLOCK_17 t=44.450
[AQ] SHOT fighter=ROBOT weapon=GLOCK_17 t=44.567
[AQ] HIT source=ROBOT target=TOXIC weapon=GLOCK_17 damage=24.5
[AQ] SHOT fighter=ROBOT weapon=GLOCK_17 t=44.683
[AQ] HIT source=ROBOT target=TOXIC weapon=GLOCK_17 damage=24.5
[AQ] CONSUME fighter=ROBOT weapon=GLOCK_17 reason=sequence-complete
[AQ] SPAWN_SLOT id=17 x=637 y=399 lead=2.00
[AQ] PICKUP id=16 fighter=TOXIC weapon=P90
[AQ] SPAWN_HEAL id=18 heal=HEAL_H2 restore=126
[AQ] PICKUP_HEAL id=18 fighter=ROBOT restore=126
[AQ] USE fighter=TOXIC weapon=P90
[AQ] SHOT fighter=TOXIC weapon=P90 t=45.950
[AQ] HIT source=TOXIC target=ROBOT weapon=P90 damage=13.3
[AQ] SHOT fighter=TOXIC weapon=P90 t=46.000
[AQ] HIT source=TOXIC target=ROBOT weapon=P90 damage=13.3
[AQ] SHOT fighter=TOXIC weapon=P90 t=46.067
[AQ] HIT source=TOXIC target=ROBOT weapon=P90 damage=13.3
[AQ] SHOT fighter=TOXIC weapon=P90 t=46.133
[AQ] HIT source=TOXIC target=ROBOT weapon=P90 damage=13.3
[AQ] SHOT fighter=TOXIC weapon=P90 t=46.200
[AQ] HIT source=TOXIC target=ROBOT weapon=P90 damage=13.3
[AQ] SHOT fighter=TOXIC weapon=P90 t=46.267
[AQ] HIT source=TOXIC target=ROBOT weapon=P90 damage=13.3
[AQ] SHOT fighter=TOXIC weapon=P90 t=46.333
[AQ] HIT source=TOXIC target=ROBOT weapon=P90 damage=13.3
[AQ] SHOT fighter=TOXIC weapon=P90 t=46.400
[AQ] SHOT fighter=TOXIC weapon=P90 t=46.467
[AQ] HIT source=TOXIC target=ROBOT weapon=P90 damage=13.3
[AQ] SHOT fighter=TOXIC weapon=P90 t=46.533
[AQ] HIT source=TOXIC target=ROBOT weapon=P90 damage=13.3
[AQ] CONSUME fighter=TOXIC weapon=P90 reason=sequence-complete
[AQ] SPAWN_SLOT id=19 x=874 y=178 lead=2.00
[AQ] HIT source=TOXIC target=ROBOT weapon=P90 damage=13.3
[AQ] REVEAL id=17 weapon=TEC_9 eta=null lead=2.00 fighter=TIMEOUT force=true
[AQ] REVEAL id=19 weapon=GLOCK_17 eta=null lead=2.00 fighter=TIMEOUT force=true
[AQ] PICKUP id=19 fighter=TOXIC weapon=GLOCK_17
[AQ] USE fighter=TOXIC weapon=GLOCK_17
[AQ] SHOT fighter=TOXIC weapon=GLOCK_17 t=49.967
[AQ] SHOT fighter=TOXIC weapon=GLOCK_17 t=50.083
[AQ] HIT source=TOXIC target=ROBOT weapon=GLOCK_17 damage=24.5
[AQ] SHOT fighter=TOXIC weapon=GLOCK_17 t=50.200
[AQ] HIT source=TOXIC target=ROBOT weapon=GLOCK_17 damage=24.5
[AQ] SHOT fighter=TOXIC weapon=GLOCK_17 t=50.317
[AQ] HIT source=TOXIC target=ROBOT weapon=GLOCK_17 damage=24.5
[AQ] CONSUME fighter=TOXIC weapon=GLOCK_17 reason=sequence-complete
[AQ] HIT source=TOXIC target=ROBOT weapon=GLOCK_17 damage=24.5
[AQ] SPAWN_SLOT id=20 x=171 y=745 lead=2.00
[AQ] PICKUP id=17 fighter=TOXIC weapon=TEC_9
[AQ] COUNTER_RESERVED id=20 for=ROBOT shield=SWIRL_SHIELD vs=TEC_9
[AQ] USE fighter=TOXIC weapon=TEC_9
[AQ] SHOT fighter=TOXIC weapon=TEC_9 t=52.217
[AQ] SHOT fighter=TOXIC weapon=TEC_9 t=52.300
[AQ] SHOT fighter=TOXIC weapon=TEC_9 t=52.383
[AQ] SHOT fighter=TOXIC weapon=TEC_9 t=52.483
[AQ] SHOT fighter=TOXIC weapon=TEC_9 t=52.567
[AQ] CONSUME fighter=TOXIC weapon=TEC_9 reason=sequence-complete
[AQ] SPAWN_SLOT id=21 x=480 y=628 lead=2.00
[AQ] COUNTER_RELEASE id=20 reason=invalid
[AQ] REVEAL id=20 weapon=P90 eta=0.77 lead=2.00 fighter=ROBOT force=false
[AQ] PICKUP id=20 fighter=ROBOT weapon=P90
[AQ] USE fighter=ROBOT weapon=P90
[AQ] SHOT fighter=ROBOT weapon=P90 t=53.650
[AQ] SHOT fighter=ROBOT weapon=P90 t=53.700
[AQ] SHOT fighter=ROBOT weapon=P90 t=53.767
[AQ] SHOT fighter=ROBOT weapon=P90 t=53.833
[AQ] HIT source=ROBOT target=TOXIC weapon=P90 damage=13.3
[AQ] SHOT fighter=ROBOT weapon=P90 t=53.900
[AQ] HIT source=ROBOT target=TOXIC weapon=P90 damage=13.3
[AQ] SHOT fighter=ROBOT weapon=P90 t=53.967
[AQ] HIT source=ROBOT target=TOXIC weapon=P90 damage=13.3
[AQ] SHOT fighter=ROBOT weapon=P90 t=54.033
[AQ] HIT source=ROBOT target=TOXIC weapon=P90 damage=13.3
[AQ] HIT source=ROBOT target=TOXIC weapon=P90 damage=13.3
[AQ] SHOT fighter=ROBOT weapon=P90 t=54.100
[AQ] HIT source=ROBOT target=TOXIC weapon=P90 damage=13.3
[AQ] SHOT fighter=ROBOT weapon=P90 t=54.167
[AQ] HIT source=ROBOT target=TOXIC weapon=P90 damage=13.3
[AQ] SHOT fighter=ROBOT weapon=P90 t=54.233
[AQ] CONSUME fighter=ROBOT weapon=P90 reason=sequence-complete
[AQ] SPAWN_SLOT id=22 x=844 y=444 lead=2.00
[AQ] REVEAL id=21 weapon=SMG eta=0.11 lead=2.00 fighter=ROBOT force=false
[AQ] REVEAL id=22 weapon=TEC_9 eta=0.48 lead=2.00 fighter=TOXIC force=false
[AQ] PICKUP id=21 fighter=ROBOT weapon=SMG
[AQ] SPAWN_HEAL id=23 heal=HEAL_H1 restore=70
[AQ] PICKUP id=22 fighter=TOXIC weapon=TEC_9
[AQ] USE fighter=ROBOT weapon=SMG
[AQ] SHOT fighter=ROBOT weapon=SMG t=55.033
[AQ] SHOT fighter=ROBOT weapon=SMG t=55.117
[AQ] SHOT fighter=ROBOT weapon=SMG t=55.200
[AQ] SHOT fighter=ROBOT weapon=SMG t=55.283
[AQ] USE fighter=TOXIC weapon=TEC_9
[AQ] SHOT fighter=TOXIC weapon=TEC_9 t=55.350
[AQ] SHOT fighter=ROBOT weapon=SMG t=55.367
[AQ] SHOT fighter=TOXIC weapon=TEC_9 t=55.433
[AQ] SHOT fighter=ROBOT weapon=SMG t=55.450
[AQ] HIT source=TOXIC target=ROBOT weapon=TEC_9 damage=21.0
[AQ] SHOT fighter=TOXIC weapon=TEC_9 t=55.517
[AQ] SHOT fighter=ROBOT weapon=SMG t=55.533
[AQ] SHOT fighter=ROBOT weapon=SMG t=55.617
[AQ] SHOT fighter=TOXIC weapon=TEC_9 t=55.617
[AQ] HIT source=TOXIC target=ROBOT weapon=TEC_9 damage=21.0
[AQ] CONSUME fighter=ROBOT weapon=SMG reason=sequence-complete
[AQ] SHOT fighter=TOXIC weapon=TEC_9 t=55.700
[AQ] CONSUME fighter=TOXIC weapon=TEC_9 reason=sequence-complete
[AQ] SPAWN_SLOT id=24 x=861 y=738 lead=2.00
[AQ] HIT source=TOXIC target=ROBOT weapon=TEC_9 damage=21.0
[AQ] PICKUP_HEAL id=23 fighter=TOXIC restore=70
[AQ] REVEAL id=24 weapon=P90 eta=null lead=2.00 fighter=TIMEOUT force=true
[AQ] KO winner=ROBOT
[AQ] MODE_ENTER mode=ARSENAL_QUEST
[AQ] SPAWN_SLOT id=1 x=719 y=256 lead=2.00
Not implemented: HTMLMediaElement's pause() method
Not implemented: HTMLMediaElement's pause() method
Not implemented: HTMLMediaElement's pause() method
Not implemented: HTMLMediaElement's pause() method
Not implemented: HTMLMediaElement's pause() method
Not implemented: HTMLMediaElement's pause() method
Not implemented: HTMLMediaElement's pause() method
Not implemented: HTMLMediaElement's pause() method
Not implemented: HTMLMediaElement's pause() method
[AQ] REVEAL id=1 weapon=SMG eta=1.21 lead=2.00 fighter=ORBIT force=false
[AQ] PICKUP id=1 fighter=ORBIT weapon=SMG
[AQ] USE fighter=ORBIT weapon=SMG
[AQ] SHOT fighter=ORBIT weapon=SMG t=3.883
[AQ] SHOT fighter=ORBIT weapon=SMG t=3.967
[AQ] HIT source=ORBIT target=ROBOT weapon=SMG damage=15.8
[AQ] SHOT fighter=ORBIT weapon=SMG t=4.050
[AQ] HIT source=ORBIT target=ROBOT weapon=SMG damage=15.8
[AQ] SHOT fighter=ORBIT weapon=SMG t=4.133
[AQ] HIT source=ORBIT target=ROBOT weapon=SMG damage=15.8
[AQ] SHOT fighter=ORBIT weapon=SMG t=4.217
[AQ] HIT source=ORBIT target=ROBOT weapon=SMG damage=15.8
[AQ] HIT source=ORBIT target=ROBOT weapon=SMG damage=15.8
[AQ] SHOT fighter=ORBIT weapon=SMG t=4.300
[AQ] HIT source=ORBIT target=ROBOT weapon=SMG damage=15.8
[AQ] SHOT fighter=ORBIT weapon=SMG t=4.383
[AQ] HIT source=ORBIT target=ROBOT weapon=SMG damage=15.8
[AQ] SHOT fighter=ORBIT weapon=SMG t=4.467
[AQ] HIT source=ORBIT target=ROBOT weapon=SMG damage=15.8
[AQ] SPAWN_SLOT id=2 x=333 y=373 lead=2.00
[AQ] CONSUME fighter=ORBIT weapon=SMG reason=sequence-complete
[AQ] SPAWN_SLOT id=3 x=897 y=386 lead=2.00
[AQ] REVEAL id=3 weapon=TEC_9 eta=0.57 lead=2.00 fighter=ORBIT force=false
[AQ] PICKUP id=3 fighter=ORBIT weapon=TEC_9
[AQ] USE fighter=ORBIT weapon=TEC_9
[AQ] SHOT fighter=ORBIT weapon=TEC_9 t=5.750
[AQ] SHOT fighter=ORBIT weapon=TEC_9 t=5.833
[AQ] SHOT fighter=ORBIT weapon=TEC_9 t=5.917
[AQ] HIT source=ORBIT target=ROBOT weapon=TEC_9 damage=21.0
[AQ] SHOT fighter=ORBIT weapon=TEC_9 t=6.017
[AQ] HIT source=ORBIT target=ROBOT weapon=TEC_9 damage=21.0
[AQ] HIT source=ORBIT target=ROBOT weapon=TEC_9 damage=21.0
[AQ] SPAWN_HEAL id=4 heal=HEAL_H1 restore=70
[AQ] REJECT_HEAL fighter=ORBIT id=4 reason=full-health
[AQ] SHOT fighter=ORBIT weapon=TEC_9 t=6.100
[AQ] HIT source=ORBIT target=ROBOT weapon=TEC_9 damage=21.0
[AQ] CONSUME fighter=ORBIT weapon=TEC_9 reason=sequence-complete
[AQ] SPAWN_SLOT id=5 x=147 y=308 lead=2.00
[AQ] REVEAL id=2 weapon=P90 eta=null lead=2.00 fighter=TIMEOUT force=true
[AQ] PICKUP id=2 fighter=ORBIT weapon=P90
[AQ] USE fighter=ORBIT weapon=P90
[AQ] SHOT fighter=ORBIT weapon=P90 t=8.433
[AQ] SHOT fighter=ORBIT weapon=P90 t=8.483
[AQ] HIT source=ORBIT target=ROBOT weapon=P90 damage=13.3
[AQ] HIT source=ORBIT target=ROBOT weapon=P90 damage=13.3
[AQ] SHOT fighter=ORBIT weapon=P90 t=8.550
[AQ] SHOT fighter=ORBIT weapon=P90 t=8.617
[AQ] HIT source=ORBIT target=ROBOT weapon=P90 damage=13.3
[AQ] SHOT fighter=ORBIT weapon=P90 t=8.683
[AQ] HIT source=ORBIT target=ROBOT weapon=P90 damage=13.3
[AQ] SHOT fighter=ORBIT weapon=P90 t=8.750
[AQ] HIT source=ORBIT target=ROBOT weapon=P90 damage=13.3
[AQ] SHOT fighter=ORBIT weapon=P90 t=8.817
[AQ] HIT source=ORBIT target=ROBOT weapon=P90 damage=13.3
[AQ] SHOT fighter=ORBIT weapon=P90 t=8.883
[AQ] SHOT fighter=ORBIT weapon=P90 t=8.950
[AQ] HIT source=ORBIT target=ROBOT weapon=P90 damage=13.3
[AQ] SHOT fighter=ORBIT weapon=P90 t=9.017
[AQ] HIT source=ORBIT target=ROBOT weapon=P90 damage=13.3
[AQ] CONSUME fighter=ORBIT weapon=P90 reason=sequence-complete
[AQ] SPAWN_SLOT id=6 x=146 y=702 lead=2.00
[AQ] REVEAL id=6 weapon=SMG eta=1.17 lead=2.00 fighter=ROBOT force=false
[AQ] HIT source=ORBIT target=ROBOT weapon=P90 damage=13.3
[AQ] HIT source=ORBIT target=ROBOT weapon=P90 damage=13.3
[AQ] REVEAL id=5 weapon=TEC_9 eta=null lead=2.00 fighter=TIMEOUT force=true
[AQ] PICKUP id=5 fighter=ROBOT weapon=TEC_9
[AQ] USE fighter=ROBOT weapon=TEC_9
[AQ] SHOT fighter=ROBOT weapon=TEC_9 t=11.183
[AQ] SHOT fighter=ROBOT weapon=TEC_9 t=11.267
[AQ] SHOT fighter=ROBOT weapon=TEC_9 t=11.350
[AQ] SHOT fighter=ROBOT weapon=TEC_9 t=11.450
[AQ] SHOT fighter=ROBOT weapon=TEC_9 t=11.533
[AQ] CONSUME fighter=ROBOT weapon=TEC_9 reason=sequence-complete
[AQ] SPAWN_SLOT id=7 x=582 y=401 lead=2.00
[AQ] REVEAL id=7 weapon=GLOCK_17 eta=null lead=2.00 fighter=TIMEOUT force=true
[AQ] PICKUP_HEAL id=4 fighter=ROBOT restore=70
[AQ] SPAWN_HEAL id=8 heal=HEAL_H1 restore=70
[AQ] REJECT_HEAL fighter=ORBIT id=8 reason=full-health
[AQ] PICKUP id=6 fighter=ROBOT weapon=SMG
[AQ] USE fighter=ROBOT weapon=SMG
[AQ] SHOT fighter=ROBOT weapon=SMG t=17.733
[AQ] SHOT fighter=ROBOT weapon=SMG t=17.817
[AQ] HIT source=ROBOT target=ORBIT weapon=SMG damage=15.8
[AQ] SHOT fighter=ROBOT weapon=SMG t=17.900
[AQ] HIT source=ROBOT target=ORBIT weapon=SMG damage=15.8
[AQ] SHOT fighter=ROBOT weapon=SMG t=17.983
[AQ] HIT source=ROBOT target=ORBIT weapon=SMG damage=15.8
[AQ] SHOT fighter=ROBOT weapon=SMG t=18.067
[AQ] SPAWN_SLOT id=9 x=400 y=321 lead=2.00
[AQ] HIT source=ROBOT target=ORBIT weapon=SMG damage=15.8
[AQ] SHOT fighter=ROBOT weapon=SMG t=18.150
[AQ] COUNTER_RESERVED id=9 for=ORBIT shield=SWIRL_SHIELD vs=SMG
[AQ] HIT source=ROBOT target=ORBIT weapon=SMG damage=15.8
[AQ] SHOT fighter=ROBOT weapon=SMG t=18.233
[AQ] HIT source=ROBOT target=ORBIT weapon=SMG damage=15.8
[AQ] SHOT fighter=ROBOT weapon=SMG t=18.317
[AQ] COUNTER_RELEASE id=9 reason=invalid
[AQ] CONSUME fighter=ROBOT weapon=SMG reason=sequence-complete
[AQ] PICKUP id=7 fighter=ORBIT weapon=GLOCK_17
[AQ] USE fighter=ORBIT weapon=GLOCK_17
[AQ] SHOT fighter=ORBIT weapon=GLOCK_17 t=19.383
[AQ] SHOT fighter=ORBIT weapon=GLOCK_17 t=19.500
[AQ] HIT source=ORBIT target=ROBOT weapon=GLOCK_17 damage=24.5
[AQ] SHOT fighter=ORBIT weapon=GLOCK_17 t=19.617
[AQ] SHOT fighter=ORBIT weapon=GLOCK_17 t=19.733
[AQ] CONSUME fighter=ORBIT weapon=GLOCK_17 reason=sequence-complete
[AQ] SPAWN_SLOT id=10 x=772 y=268 lead=2.00
[AQ] PICKUP_HEAL id=8 fighter=ORBIT restore=70
[AQ] REVEAL id=10 weapon=SMG eta=1.35 lead=2.00 fighter=ORBIT force=false
[AQ] REVEAL id=9 weapon=TEC_9 eta=null lead=2.00 fighter=TIMEOUT force=true
[AQ] PICKUP id=9 fighter=ORBIT weapon=TEC_9
[AQ] USE fighter=ORBIT weapon=TEC_9
[AQ] SHOT fighter=ORBIT weapon=TEC_9 t=21.967
[AQ] SHOT fighter=ORBIT weapon=TEC_9 t=22.050
[AQ] HIT source=ORBIT target=ROBOT weapon=TEC_9 damage=21.0
[AQ] SHOT fighter=ORBIT weapon=TEC_9 t=22.133
[AQ] HIT source=ORBIT target=ROBOT weapon=TEC_9 damage=21.0
[AQ] SHOT fighter=ORBIT weapon=TEC_9 t=22.233
[AQ] HIT source=ORBIT target=ROBOT weapon=TEC_9 damage=21.0
[AQ] REJECT_PICKUP fighter=ORBIT id=10 reason=already-armed
[AQ] SHOT fighter=ORBIT weapon=TEC_9 t=22.317
[AQ] HIT source=ORBIT target=ROBOT weapon=TEC_9 damage=21.0
[AQ] CONSUME fighter=ORBIT weapon=TEC_9 reason=sequence-complete
[AQ] HIT source=ORBIT target=ROBOT weapon=TEC_9 damage=21.0
[AQ] PICKUP id=10 fighter=ORBIT weapon=SMG
[AQ] USE fighter=ORBIT weapon=SMG
[AQ] SHOT fighter=ORBIT weapon=SMG t=22.767
[AQ] SHOT fighter=ORBIT weapon=SMG t=22.850
[AQ] SHOT fighter=ORBIT weapon=SMG t=22.933
[AQ] HIT source=ORBIT target=ROBOT weapon=SMG damage=15.8
[AQ] SHOT fighter=ORBIT weapon=SMG t=23.017
[AQ] HIT source=ORBIT target=ROBOT weapon=SMG damage=15.8
[AQ] SHOT fighter=ORBIT weapon=SMG t=23.100
[AQ] HIT source=ORBIT target=ROBOT weapon=SMG damage=15.8
[AQ] SHOT fighter=ORBIT weapon=SMG t=23.183
[AQ] HIT source=ORBIT target=ROBOT weapon=SMG damage=15.8
[AQ] HIT source=ORBIT target=ROBOT weapon=SMG damage=15.8
[AQ] SHOT fighter=ORBIT weapon=SMG t=23.267
[AQ] HIT source=ORBIT target=ROBOT weapon=SMG damage=15.8
[AQ] SHOT fighter=ORBIT weapon=SMG t=23.350
[AQ] HIT source=ORBIT target=ROBOT weapon=SMG damage=15.8
[AQ] CONSUME fighter=ORBIT weapon=SMG reason=sequence-complete
[AQ] SPAWN_SLOT id=11 x=565 y=132 lead=2.00
[AQ] REVEAL id=11 weapon=GLOCK_17 eta=0.03 lead=2.00 fighter=ORBIT force=false
[AQ] PICKUP id=11 fighter=ORBIT weapon=GLOCK_17
[AQ] USE fighter=ORBIT weapon=GLOCK_17
[AQ] SHOT fighter=ORBIT weapon=GLOCK_17 t=23.783
[AQ] HIT source=ORBIT target=ROBOT weapon=GLOCK_17 damage=24.5
[AQ] SHOT fighter=ORBIT weapon=GLOCK_17 t=23.900
[AQ] HIT source=ORBIT target=ROBOT weapon=GLOCK_17 damage=24.5
[AQ] SHOT fighter=ORBIT weapon=GLOCK_17 t=24.017
[AQ] HIT source=ORBIT target=ROBOT weapon=GLOCK_17 damage=24.5
[AQ] SHOT fighter=ORBIT weapon=GLOCK_17 t=24.133
[AQ] HIT source=ORBIT target=ROBOT weapon=GLOCK_17 damage=24.5
[AQ] CONSUME fighter=ORBIT weapon=GLOCK_17 reason=sequence-complete
[AQ] SPAWN_SLOT id=12 x=540 y=610 lead=2.00
[AQ] SPAWN_HEAL id=13 heal=HEAL_H1 restore=70
[AQ] PICKUP_HEAL id=13 fighter=ROBOT restore=70
[AQ] REVEAL id=12 weapon=SMG eta=0.82 lead=2.00 fighter=ROBOT force=false
[AQ] PICKUP id=12 fighter=ORBIT weapon=SMG
[AQ] USE fighter=ORBIT weapon=SMG
[AQ] SHOT fighter=ORBIT weapon=SMG t=26.750
[AQ] HIT source=ORBIT target=ROBOT weapon=SMG damage=15.8
[AQ] SHOT fighter=ORBIT weapon=SMG t=26.833
[AQ] HIT source=ORBIT target=ROBOT weapon=SMG damage=15.8
[AQ] SHOT fighter=ORBIT weapon=SMG t=26.917
[AQ] HIT source=ORBIT target=ROBOT weapon=SMG damage=15.8
[AQ] SHOT fighter=ORBIT weapon=SMG t=27.000
[AQ] HIT source=ORBIT target=ROBOT weapon=SMG damage=15.8
[AQ] SHOT fighter=ORBIT weapon=SMG t=27.083
[AQ] HIT source=ORBIT target=ROBOT weapon=SMG damage=15.8
[AQ] SHOT fighter=ORBIT weapon=SMG t=27.167
[AQ] HIT source=ORBIT target=ROBOT weapon=SMG damage=15.8
[AQ] SHOT fighter=ORBIT weapon=SMG t=27.250
[AQ] HIT source=ORBIT target=ROBOT weapon=SMG damage=15.8
[AQ] SHOT fighter=ORBIT weapon=SMG t=27.333
[AQ] HIT source=ORBIT target=ROBOT weapon=SMG damage=15.8
[AQ] CONSUME fighter=ORBIT weapon=SMG reason=sequence-complete
[AQ] SPAWN_SLOT id=14 x=784 y=331 lead=2.00
[AQ] REVEAL id=14 weapon=TEC_9 eta=1.69 lead=2.00 fighter=ROBOT force=false
[AQ] PICKUP id=14 fighter=ROBOT weapon=TEC_9
[AQ] USE fighter=ROBOT weapon=TEC_9
[AQ] SHOT fighter=ROBOT weapon=TEC_9 t=30.933
[AQ] SHOT fighter=ROBOT weapon=TEC_9 t=31.017
[AQ] SHOT fighter=ROBOT weapon=TEC_9 t=31.100
[AQ] HIT source=ROBOT target=ORBIT weapon=TEC_9 damage=21.0
[AQ] SHOT fighter=ROBOT weapon=TEC_9 t=31.200
[AQ] SHOT fighter=ROBOT weapon=TEC_9 t=31.283
[AQ] CONSUME fighter=ROBOT weapon=TEC_9 reason=sequence-complete
[AQ] SPAWN_SLOT id=15 x=834 y=269 lead=2.00
[AQ] REVEAL id=15 weapon=GLOCK_17 eta=0.30 lead=2.00 fighter=ORBIT force=false
[AQ] PICKUP id=15 fighter=ORBIT weapon=GLOCK_17
[AQ] USE fighter=ORBIT weapon=GLOCK_17
[AQ] SHOT fighter=ORBIT weapon=GLOCK_17 t=33.333
[AQ] SHOT fighter=ORBIT weapon=GLOCK_17 t=33.450
[AQ] SHOT fighter=ORBIT weapon=GLOCK_17 t=33.567
[AQ] SHOT fighter=ORBIT weapon=GLOCK_17 t=33.683
[AQ] CONSUME fighter=ORBIT weapon=GLOCK_17 reason=sequence-complete
[AQ] SPAWN_SLOT id=16 x=245 y=672 lead=2.00
[AQ] SPAWN_HEAL id=17 heal=HEAL_H1 restore=70
[AQ] PICKUP_HEAL id=17 fighter=ROBOT restore=70
[AQ] REVEAL id=16 weapon=SMG eta=null lead=2.00 fighter=TIMEOUT force=true
[AQ] SPAWN_SLOT id=18 x=110 y=291 lead=2.00
[AQ] REVEAL id=18 weapon=TEC_9 eta=0.58 lead=2.00 fighter=ORBIT force=false
[AQ] PICKUP id=18 fighter=ORBIT weapon=TEC_9
[AQ] USE fighter=ORBIT weapon=TEC_9
[AQ] SHOT fighter=ORBIT weapon=TEC_9 t=40.133
[AQ] SHOT fighter=ORBIT weapon=TEC_9 t=40.217
[AQ] SHOT fighter=ORBIT weapon=TEC_9 t=40.300
[AQ] HIT source=ORBIT target=ROBOT weapon=TEC_9 damage=21.0
[AQ] SHOT fighter=ORBIT weapon=TEC_9 t=40.400
[AQ] HIT source=ORBIT target=ROBOT weapon=TEC_9 damage=21.0
[AQ] HIT source=ORBIT target=ROBOT weapon=TEC_9 damage=21.0
[AQ] SHOT fighter=ORBIT weapon=TEC_9 t=40.483
[AQ] HIT source=ORBIT target=ROBOT weapon=TEC_9 damage=21.0
[AQ] CONSUME fighter=ORBIT weapon=TEC_9 reason=sequence-complete
[AQ] HIT source=ORBIT target=ROBOT weapon=TEC_9 damage=21.0
[AQ] PICKUP id=16 fighter=ROBOT weapon=SMG
[AQ] USE fighter=ROBOT weapon=SMG
[AQ] SHOT fighter=ROBOT weapon=SMG t=42.000
[AQ] SHOT fighter=ROBOT weapon=SMG t=42.083
[AQ] SHOT fighter=ROBOT weapon=SMG t=42.167
[AQ] SHOT fighter=ROBOT weapon=SMG t=42.250
[AQ] SHOT fighter=ROBOT weapon=SMG t=42.333
[AQ] SHOT fighter=ROBOT weapon=SMG t=42.417
[AQ] SHOT fighter=ROBOT weapon=SMG t=42.500
[AQ] SHOT fighter=ROBOT weapon=SMG t=42.583
[AQ] CONSUME fighter=ROBOT weapon=SMG reason=sequence-complete
[AQ] SPAWN_SLOT id=19 x=118 y=434 lead=2.00
[AQ] SPAWN_HEAL id=20 heal=HEAL_H1 restore=70
[AQ] REVEAL id=19 weapon=P90 eta=null lead=2.00 fighter=TIMEOUT force=true
[AQ] PICKUP id=19 fighter=ROBOT weapon=P90
[AQ] USE fighter=ROBOT weapon=P90
[AQ] SHOT fighter=ROBOT weapon=P90 t=46.550
[AQ] SHOT fighter=ROBOT weapon=P90 t=46.600
[AQ] SHOT fighter=ROBOT weapon=P90 t=46.667
[AQ] SHOT fighter=ROBOT weapon=P90 t=46.733
[AQ] SHOT fighter=ROBOT weapon=P90 t=46.800
[AQ] SHOT fighter=ROBOT weapon=P90 t=46.867
[AQ] SHOT fighter=ROBOT weapon=P90 t=46.933
[AQ] SHOT fighter=ROBOT weapon=P90 t=47.000
[AQ] SHOT fighter=ROBOT weapon=P90 t=47.067
[AQ] SHOT fighter=ROBOT weapon=P90 t=47.133
[AQ] SPAWN_SLOT id=21 x=206 y=362 lead=2.00
[AQ] CONSUME fighter=ROBOT weapon=P90 reason=sequence-complete
[AQ] SPAWN_SLOT id=22 x=449 y=737 lead=2.00
[AQ] PICKUP_HEAL id=20 fighter=ORBIT restore=43.18999999999971
[AQ] REVEAL id=21 weapon=SMG eta=null lead=2.00 fighter=TIMEOUT force=true
[AQ] REVEAL id=22 weapon=TEC_9 eta=null lead=2.00 fighter=TIMEOUT force=true
[AQ] PICKUP id=21 fighter=ROBOT weapon=SMG
[AQ] USE fighter=ROBOT weapon=SMG
[AQ] SHOT fighter=ROBOT weapon=SMG t=50.933
[AQ] SHOT fighter=ROBOT weapon=SMG t=51.017
[AQ] SHOT fighter=ROBOT weapon=SMG t=51.100
[AQ] HIT source=ROBOT target=ORBIT weapon=SMG damage=15.8
[AQ] SHOT fighter=ROBOT weapon=SMG t=51.183
[AQ] SHOT fighter=ROBOT weapon=SMG t=51.267
[AQ] HIT source=ROBOT target=ORBIT weapon=SMG damage=15.8
[AQ] HIT source=ROBOT target=ORBIT weapon=SMG damage=15.8
[AQ] SHOT fighter=ROBOT weapon=SMG t=51.350
[AQ] SHOT fighter=ROBOT weapon=SMG t=51.433
[AQ] SHOT fighter=ROBOT weapon=SMG t=51.517
[AQ] HIT source=ROBOT target=ORBIT weapon=SMG damage=15.8
[AQ] CONSUME fighter=ROBOT weapon=SMG reason=sequence-complete
[AQ] HIT source=ROBOT target=ORBIT weapon=SMG damage=15.8
[AQ] HIT source=ROBOT target=ORBIT weapon=SMG damage=15.8
[AQ] SPAWN_SLOT id=23 x=368 y=458 lead=2.00
[AQ] REVEAL id=23 weapon=GLOCK_17 eta=1.04 lead=2.00 fighter=ORBIT force=false
[AQ] PICKUP id=22 fighter=ROBOT weapon=TEC_9
[AQ] USE fighter=ROBOT weapon=TEC_9
[AQ] SHOT fighter=ROBOT weapon=TEC_9 t=52.117
[AQ] HIT source=ROBOT target=ORBIT weapon=TEC_9 damage=21.0
[AQ] SHOT fighter=ROBOT weapon=TEC_9 t=52.200
[AQ] HIT source=ROBOT target=ORBIT weapon=TEC_9 damage=21.0
[AQ] SHOT fighter=ROBOT weapon=TEC_9 t=52.283
[AQ] HIT source=ROBOT target=ORBIT weapon=TEC_9 damage=21.0
[AQ] SHOT fighter=ROBOT weapon=TEC_9 t=52.383
[AQ] HIT source=ROBOT target=ORBIT weapon=TEC_9 damage=21.0
[AQ] SHOT fighter=ROBOT weapon=TEC_9 t=52.467
[AQ] HIT source=ROBOT target=ORBIT weapon=TEC_9 damage=21.0
[AQ] CONSUME fighter=ROBOT weapon=TEC_9 reason=sequence-complete
[AQ] PICKUP id=23 fighter=ORBIT weapon=GLOCK_17
[AQ] USE fighter=ORBIT weapon=GLOCK_17
[AQ] SHOT fighter=ORBIT weapon=GLOCK_17 t=52.950
[AQ] HIT source=ORBIT target=ROBOT weapon=GLOCK_17 damage=24.5
[AQ] SHOT fighter=ORBIT weapon=GLOCK_17 t=53.067
[AQ] SPAWN_HEAL id=24 heal=HEAL_H1 restore=70
[AQ] SHOT fighter=ORBIT weapon=GLOCK_17 t=53.183
[AQ] HIT source=ORBIT target=ROBOT weapon=GLOCK_17 damage=24.5
[AQ] SHOT fighter=ORBIT weapon=GLOCK_17 t=53.300
[AQ] HIT source=ORBIT target=ROBOT weapon=GLOCK_17 damage=24.5
[AQ] CONSUME fighter=ORBIT weapon=GLOCK_17 reason=sequence-complete
[AQ] SPAWN_SLOT id=25 x=263 y=607 lead=2.00
[AQ] HIT source=ORBIT target=ROBOT weapon=GLOCK_17 damage=24.5
[AQ] REVEAL id=25 weapon=SMG eta=null lead=2.00 fighter=TIMEOUT force=true
[AQ] SPAWN_SLOT id=26 x=305 y=269 lead=2.00
[AQ] PICKUP_HEAL id=24 fighter=ORBIT restore=70
[AQ] PICKUP id=25 fighter=ROBOT weapon=SMG
[AQ] USE fighter=ROBOT weapon=SMG
[AQ] SHOT fighter=ROBOT weapon=SMG t=59.617
[AQ] HIT source=ROBOT target=ORBIT weapon=SMG damage=15.8
[AQ] SHOT fighter=ROBOT weapon=SMG t=59.700
[AQ] HIT source=ROBOT target=ORBIT weapon=SMG damage=15.8
[AQ] SHOT fighter=ROBOT weapon=SMG t=59.783
[AQ] HIT source=ROBOT target=ORBIT weapon=SMG damage=15.8
[AQ] SHOT fighter=ROBOT weapon=SMG t=59.867
[AQ] HIT source=ROBOT target=ORBIT weapon=SMG damage=15.8
[AQ] SHOT fighter=ROBOT weapon=SMG t=59.950
[AQ] HIT source=ROBOT target=ORBIT weapon=SMG damage=15.8
[AQ] KO winner=ROBOT
[AQ] MODE_ENTER mode=ARSENAL_QUEST
[AQ] SPAWN_SLOT id=1 x=455 y=875 lead=2.00
Not implemented: HTMLMediaElement's pause() method
Not implemented: HTMLMediaElement's pause() method
Not implemented: HTMLMediaElement's pause() method
Not implemented: HTMLMediaElement's pause() method
Not implemented: HTMLMediaElement's pause() method
Not implemented: HTMLMediaElement's pause() method
Not implemented: HTMLMediaElement's pause() method
Not implemented: HTMLMediaElement's pause() method
Not implemented: HTMLMediaElement's pause() method
[AQ] REVEAL id=1 weapon=TEC_9 eta=null lead=2.00 fighter=TIMEOUT force=true
[AQ] SPAWN_SLOT id=2 x=729 y=408 lead=2.00
[AQ] PICKUP id=1 fighter=ROBOT weapon=TEC_9
[AQ] USE fighter=ROBOT weapon=TEC_9
[AQ] SHOT fighter=ROBOT weapon=TEC_9 t=5.200
[AQ] SHOT fighter=ROBOT weapon=TEC_9 t=5.283
[AQ] HIT source=ROBOT target=FLASH weapon=TEC_9 damage=21.0
[AQ] SHOT fighter=ROBOT weapon=TEC_9 t=5.367
[AQ] HIT source=ROBOT target=FLASH weapon=TEC_9 damage=21.0
[AQ] SHOT fighter=ROBOT weapon=TEC_9 t=5.467
[AQ] HIT source=ROBOT target=FLASH weapon=TEC_9 damage=21.0
[AQ] HIT source=ROBOT target=FLASH weapon=TEC_9 damage=21.0
[AQ] SHOT fighter=ROBOT weapon=TEC_9 t=5.550
[AQ] HIT source=ROBOT target=FLASH weapon=TEC_9 damage=21.0
[AQ] CONSUME fighter=ROBOT weapon=TEC_9 reason=sequence-complete
[AQ] SPAWN_SLOT id=3 x=272 y=785 lead=2.00
[AQ] REVEAL id=2 weapon=GLOCK_17 eta=1.47 lead=2.00 fighter=ROBOT force=false
[AQ] REVEAL id=3 weapon=P90 eta=0.03 lead=2.00 fighter=ROBOT force=false
[AQ] PICKUP id=3 fighter=ROBOT weapon=P90
[AQ] USE fighter=ROBOT weapon=P90
[AQ] SHOT fighter=ROBOT weapon=P90 t=7.650
[AQ] SHOT fighter=ROBOT weapon=P90 t=7.700
[AQ] SHOT fighter=ROBOT weapon=P90 t=7.767
[AQ] SHOT fighter=ROBOT weapon=P90 t=7.833
[AQ] SHOT fighter=ROBOT weapon=P90 t=7.900
[AQ] SHOT fighter=ROBOT weapon=P90 t=7.967
[AQ] SHOT fighter=ROBOT weapon=P90 t=8.033
[AQ] HIT source=ROBOT target=FLASH weapon=P90 damage=13.3
[AQ] SHOT fighter=ROBOT weapon=P90 t=8.100
[AQ] HIT source=ROBOT target=FLASH weapon=P90 damage=13.3
[AQ] SHOT fighter=ROBOT weapon=P90 t=8.167
[AQ] HIT source=ROBOT target=FLASH weapon=P90 damage=13.3
[AQ] SHOT fighter=ROBOT weapon=P90 t=8.233
[AQ] HIT source=ROBOT target=FLASH weapon=P90 damage=13.3
[AQ] CONSUME fighter=ROBOT weapon=P90 reason=sequence-complete
[AQ] PICKUP id=2 fighter=FLASH weapon=GLOCK_17
[AQ] USE fighter=FLASH weapon=GLOCK_17
[AQ] SHOT fighter=FLASH weapon=GLOCK_17 t=8.900
[AQ] HIT source=FLASH target=ROBOT weapon=GLOCK_17 damage=24.5
[AQ] SHOT fighter=FLASH weapon=GLOCK_17 t=9.017
[AQ] HIT source=FLASH target=ROBOT weapon=GLOCK_17 damage=24.5
[AQ] SHOT fighter=FLASH weapon=GLOCK_17 t=9.133
[AQ] HIT source=FLASH target=ROBOT weapon=GLOCK_17 damage=24.5
[AQ] SHOT fighter=FLASH weapon=GLOCK_17 t=9.250
[AQ] HIT source=FLASH target=ROBOT weapon=GLOCK_17 damage=24.5
[AQ] CONSUME fighter=FLASH weapon=GLOCK_17 reason=sequence-complete
[AQ] SPAWN_SLOT id=4 x=636 y=610 lead=2.00
[AQ] REVEAL id=4 weapon=SMG eta=null lead=2.00 fighter=TIMEOUT force=true
[AQ] SPAWN_SLOT id=5 x=474 y=262 lead=2.00
[AQ] REVEAL id=5 weapon=TEC_9 eta=0.00 lead=2.00 fighter=FLASH force=false
[AQ] PICKUP id=5 fighter=FLASH weapon=TEC_9
[AQ] REJECT_PICKUP fighter=FLASH id=4 reason=already-armed
[AQ] USE fighter=FLASH weapon=TEC_9
[AQ] SHOT fighter=FLASH weapon=TEC_9 t=14.217
[AQ] HIT source=FLASH target=ROBOT weapon=TEC_9 damage=21.0
[AQ] SHOT fighter=FLASH weapon=TEC_9 t=14.300
[AQ] HIT source=FLASH target=ROBOT weapon=TEC_9 damage=21.0
[AQ] SHOT fighter=FLASH weapon=TEC_9 t=14.383
[AQ] HIT source=FLASH target=ROBOT weapon=TEC_9 damage=21.0
[AQ] SHOT fighter=FLASH weapon=TEC_9 t=14.483
[AQ] HIT source=FLASH target=ROBOT weapon=TEC_9 damage=21.0
[AQ] SPAWN_HEAL id=6 heal=HEAL_H1 restore=70
[AQ] SHOT fighter=FLASH weapon=TEC_9 t=14.567
[AQ] PICKUP_HEAL id=6 fighter=ROBOT restore=70
[AQ] CONSUME fighter=FLASH weapon=TEC_9 reason=sequence-complete
[AQ] HIT source=FLASH target=ROBOT weapon=TEC_9 damage=21.0
[AQ] PICKUP id=4 fighter=ROBOT weapon=SMG
[AQ] USE fighter=ROBOT weapon=SMG
[AQ] SHOT fighter=ROBOT weapon=SMG t=16.467
[AQ] HIT source=ROBOT target=FLASH weapon=SMG damage=15.8
[AQ] SHOT fighter=ROBOT weapon=SMG t=16.550
[AQ] HIT source=ROBOT target=FLASH weapon=SMG damage=15.8
[AQ] SHOT fighter=ROBOT weapon=SMG t=16.633
[AQ] HIT source=ROBOT target=FLASH weapon=SMG damage=15.8
[AQ] SHOT fighter=ROBOT weapon=SMG t=16.717
[AQ] HIT source=ROBOT target=FLASH weapon=SMG damage=15.8
[AQ] SHOT fighter=ROBOT weapon=SMG t=16.800
[AQ] HIT source=ROBOT target=FLASH weapon=SMG damage=15.8
[AQ] SHOT fighter=ROBOT weapon=SMG t=16.883
[AQ] HIT source=ROBOT target=FLASH weapon=SMG damage=15.8
[AQ] SHOT fighter=ROBOT weapon=SMG t=16.967
[AQ] HIT source=ROBOT target=FLASH weapon=SMG damage=15.8
[AQ] SHOT fighter=ROBOT weapon=SMG t=17.050
[AQ] HIT source=ROBOT target=FLASH weapon=SMG damage=15.8
[AQ] CONSUME fighter=ROBOT weapon=SMG reason=sequence-complete
[AQ] SPAWN_SLOT id=7 x=299 y=237 lead=2.00
[AQ] REVEAL id=7 weapon=P90 eta=null lead=2.00 fighter=TIMEOUT force=true
[AQ] SPAWN_SLOT id=8 x=897 y=888 lead=2.00
[AQ] PICKUP id=7 fighter=ROBOT weapon=P90
[AQ] USE fighter=ROBOT weapon=P90
[AQ] SHOT fighter=ROBOT weapon=P90 t=22.517
[AQ] SHOT fighter=ROBOT weapon=P90 t=22.567
[AQ] SHOT fighter=ROBOT weapon=P90 t=22.633
[AQ] HIT source=ROBOT target=FLASH weapon=P90 damage=13.3
[AQ] HIT source=ROBOT target=FLASH weapon=P90 damage=13.3
[AQ] SHOT fighter=ROBOT weapon=P90 t=22.700
[AQ] HIT source=ROBOT target=FLASH weapon=P90 damage=13.3
[AQ] SHOT fighter=ROBOT weapon=P90 t=22.767
[AQ] HIT source=ROBOT target=FLASH weapon=P90 damage=13.3
[AQ] SHOT fighter=ROBOT weapon=P90 t=22.833
[AQ] HIT source=ROBOT target=FLASH weapon=P90 damage=13.3
[AQ] SHOT fighter=ROBOT weapon=P90 t=22.900
[AQ] SHOT fighter=ROBOT weapon=P90 t=22.967
[AQ] SHOT fighter=ROBOT weapon=P90 t=23.033
[AQ] SHOT fighter=ROBOT weapon=P90 t=23.100
[AQ] CONSUME fighter=ROBOT weapon=P90 reason=sequence-complete
[AQ] SPAWN_SLOT id=9 x=715 y=842 lead=2.00
[AQ] SPAWN_HEAL id=10 heal=HEAL_H2 restore=126
[AQ] REVEAL id=8 weapon=TEC_9 eta=null lead=2.00 fighter=TIMEOUT force=true
[AQ] PICKUP_HEAL id=10 fighter=FLASH restore=126
[AQ] REVEAL id=9 weapon=GLOCK_17 eta=null lead=2.00 fighter=TIMEOUT force=true
[AQ] PICKUP id=9 fighter=FLASH weapon=GLOCK_17
[AQ] USE fighter=FLASH weapon=GLOCK_17
[AQ] SHOT fighter=FLASH weapon=GLOCK_17 t=27.267
[AQ] REJECT_PICKUP fighter=FLASH id=8 reason=already-armed
[AQ] SHOT fighter=FLASH weapon=GLOCK_17 t=27.383
[AQ] HIT source=FLASH target=ROBOT weapon=GLOCK_17 damage=24.5
[AQ] SHOT fighter=FLASH weapon=GLOCK_17 t=27.500
[AQ] HIT source=FLASH target=ROBOT weapon=GLOCK_17 damage=24.5
[AQ] SHOT fighter=FLASH weapon=GLOCK_17 t=27.617
[AQ] HIT source=FLASH target=ROBOT weapon=GLOCK_17 damage=24.5
[AQ] SPAWN_SLOT id=11 x=230 y=781 lead=2.00
[AQ] CONSUME fighter=FLASH weapon=GLOCK_17 reason=sequence-complete
[AQ] PICKUP id=8 fighter=FLASH weapon=TEC_9
[AQ] USE fighter=FLASH weapon=TEC_9
[AQ] SHOT fighter=FLASH weapon=TEC_9 t=28.083
[AQ] SHOT fighter=FLASH weapon=TEC_9 t=28.167
[AQ] HIT source=FLASH target=ROBOT weapon=TEC_9 damage=21.0
[AQ] SHOT fighter=FLASH weapon=TEC_9 t=28.250
[AQ] HIT source=FLASH target=ROBOT weapon=TEC_9 damage=21.0
[AQ] SHOT fighter=FLASH weapon=TEC_9 t=28.350
[AQ] SHOT fighter=FLASH weapon=TEC_9 t=28.433
[AQ] HIT source=FLASH target=ROBOT weapon=TEC_9 damage=21.0
[AQ] CONSUME fighter=FLASH weapon=TEC_9 reason=sequence-complete
[AQ] SPAWN_SLOT id=12 x=290 y=605 lead=2.00
[AQ] REVEAL id=11 weapon=P90 eta=null lead=2.00 fighter=TIMEOUT force=true
[AQ] REVEAL id=12 weapon=SMG eta=null lead=2.00 fighter=TIMEOUT force=true
[AQ] SPAWN_HEAL id=13 heal=HEAL_H1 restore=70
[AQ] PICKUP id=12 fighter=FLASH weapon=SMG
[AQ] REJECT_PICKUP fighter=FLASH id=11 reason=already-armed
[AQ] USE fighter=FLASH weapon=SMG
[AQ] SHOT fighter=FLASH weapon=SMG t=33.017
[AQ] SPAWN_SLOT id=14 x=612 y=669 lead=2.00
[AQ] HIT source=FLASH target=ROBOT weapon=SMG damage=15.8
[AQ] SHOT fighter=FLASH weapon=SMG t=33.100
[AQ] HIT source=FLASH target=ROBOT weapon=SMG damage=15.8
[AQ] SHOT fighter=FLASH weapon=SMG t=33.183
[AQ] HIT source=FLASH target=ROBOT weapon=SMG damage=15.8
[AQ] SHOT fighter=FLASH weapon=SMG t=33.267
[AQ] HIT source=FLASH target=ROBOT weapon=SMG damage=15.8
[AQ] SHOT fighter=FLASH weapon=SMG t=33.350
[AQ] HIT source=FLASH target=ROBOT weapon=SMG damage=15.8
[AQ] SHOT fighter=FLASH weapon=SMG t=33.433
[AQ] HIT source=FLASH target=ROBOT weapon=SMG damage=15.8
[AQ] SHOT fighter=FLASH weapon=SMG t=33.517
[AQ] HIT source=FLASH target=ROBOT weapon=SMG damage=15.8
[AQ] SHOT fighter=FLASH weapon=SMG t=33.600
[AQ] HIT source=FLASH target=ROBOT weapon=SMG damage=15.8
[AQ] CONSUME fighter=FLASH weapon=SMG reason=sequence-complete
[AQ] PICKUP_HEAL id=13 fighter=FLASH restore=70
[AQ] REVEAL id=14 weapon=GLOCK_17 eta=null lead=2.00 fighter=TIMEOUT force=true
[AQ] PICKUP id=11 fighter=FLASH weapon=P90
[AQ] USE fighter=FLASH weapon=P90
[AQ] SHOT fighter=FLASH weapon=P90 t=36.533
[AQ] SHOT fighter=FLASH weapon=P90 t=36.583
[AQ] HIT source=FLASH target=ROBOT weapon=P90 damage=13.3
[AQ] SHOT fighter=FLASH weapon=P90 t=36.650
[AQ] HIT source=FLASH target=ROBOT weapon=P90 damage=13.3
[AQ] SHOT fighter=FLASH weapon=P90 t=36.717
[AQ] HIT source=FLASH target=ROBOT weapon=P90 damage=13.3
[AQ] SHOT fighter=FLASH weapon=P90 t=36.783
[AQ] HIT source=FLASH target=ROBOT weapon=P90 damage=13.3
[AQ] HIT source=FLASH target=ROBOT weapon=P90 damage=13.3
[AQ] SHOT fighter=FLASH weapon=P90 t=36.850
[AQ] SHOT fighter=FLASH weapon=P90 t=36.917
[AQ] HIT source=FLASH target=ROBOT weapon=P90 damage=13.3
[AQ] SHOT fighter=FLASH weapon=P90 t=36.983
[AQ] HIT source=FLASH target=ROBOT weapon=P90 damage=13.3
[AQ] SHOT fighter=FLASH weapon=P90 t=37.050
[AQ] HIT source=FLASH target=ROBOT weapon=P90 damage=13.3
[AQ] SHOT fighter=FLASH weapon=P90 t=37.117
[AQ] HIT source=FLASH target=ROBOT weapon=P90 damage=13.3
[AQ] CONSUME fighter=FLASH weapon=P90 reason=sequence-complete
[AQ] HIT source=FLASH target=ROBOT weapon=P90 damage=13.3
[AQ] SPAWN_SLOT id=15 x=115 y=432 lead=2.00
[AQ] REVEAL id=15 weapon=P90 eta=null lead=2.00 fighter=TIMEOUT force=true
[AQ] SPAWN_HEAL id=16 heal=HEAL_H2 restore=126
[AQ] SPAWN_SLOT id=17 x=782 y=768 lead=2.00
[AQ] PICKUP id=15 fighter=FLASH weapon=P90
[AQ] USE fighter=FLASH weapon=P90
[AQ] SHOT fighter=FLASH weapon=P90 t=43.683
[AQ] HIT source=FLASH target=ROBOT weapon=P90 damage=13.3
[AQ] SHOT fighter=FLASH weapon=P90 t=43.733
[AQ] HIT source=FLASH target=ROBOT weapon=P90 damage=13.3
[AQ] SHOT fighter=FLASH weapon=P90 t=43.800
[AQ] HIT source=FLASH target=ROBOT weapon=P90 damage=13.3
[AQ] PICKUP id=14 fighter=ROBOT weapon=GLOCK_17
[AQ] SHOT fighter=FLASH weapon=P90 t=43.867
[AQ] HIT source=FLASH target=ROBOT weapon=P90 damage=13.3
[AQ] SHOT fighter=FLASH weapon=P90 t=43.933
[AQ] HIT source=FLASH target=ROBOT weapon=P90 damage=13.3
[AQ] SHOT fighter=FLASH weapon=P90 t=44.000
[AQ] HIT source=FLASH target=ROBOT weapon=P90 damage=13.3
[AQ] SHOT fighter=FLASH weapon=P90 t=44.067
[AQ] HIT source=FLASH target=ROBOT weapon=P90 damage=13.3
[AQ] SHOT fighter=FLASH weapon=P90 t=44.133
[AQ] HIT source=FLASH target=ROBOT weapon=P90 damage=13.3
[AQ] USE fighter=ROBOT weapon=GLOCK_17
[AQ] SHOT fighter=ROBOT weapon=GLOCK_17 t=44.200
[AQ] SHOT fighter=FLASH weapon=P90 t=44.200
[AQ] HIT source=FLASH target=ROBOT weapon=P90 damage=13.3
[AQ] SHOT fighter=FLASH weapon=P90 t=44.267
[AQ] HIT source=ROBOT target=FLASH weapon=GLOCK_17 damage=24.5
[AQ] HIT source=FLASH target=ROBOT weapon=P90 damage=13.3
[AQ] SHOT fighter=ROBOT weapon=GLOCK_17 t=44.317
[AQ] CONSUME fighter=FLASH weapon=P90 reason=sequence-complete
[AQ] HIT source=ROBOT target=FLASH weapon=GLOCK_17 damage=24.5
[AQ] SHOT fighter=ROBOT weapon=GLOCK_17 t=44.433
[AQ] HIT source=ROBOT target=FLASH weapon=GLOCK_17 damage=24.5
[AQ] SHOT fighter=ROBOT weapon=GLOCK_17 t=44.550
[AQ] HIT source=ROBOT target=FLASH weapon=GLOCK_17 damage=24.5
[AQ] CONSUME fighter=ROBOT weapon=GLOCK_17 reason=sequence-complete
[AQ] SPAWN_SLOT id=18 x=658 y=120 lead=2.00
[AQ] REVEAL id=17 weapon=TEC_9 eta=null lead=2.00 fighter=TIMEOUT force=true
[AQ] PICKUP_HEAL id=16 fighter=ROBOT restore=126
[AQ] REVEAL id=18 weapon=GLOCK_17 eta=null lead=2.00 fighter=TIMEOUT force=true
[AQ] PICKUP id=18 fighter=ROBOT weapon=GLOCK_17
[AQ] PICKUP id=17 fighter=FLASH weapon=TEC_9
[AQ] USE fighter=ROBOT weapon=GLOCK_17
[AQ] SHOT fighter=ROBOT weapon=GLOCK_17 t=48.033
[AQ] USE fighter=FLASH weapon=TEC_9
[AQ] SHOT fighter=FLASH weapon=TEC_9 t=48.050
[AQ] SHOT fighter=FLASH weapon=TEC_9 t=48.133
[AQ] SHOT fighter=ROBOT weapon=GLOCK_17 t=48.150
[AQ] SHOT fighter=FLASH weapon=TEC_9 t=48.217
[AQ] SHOT fighter=ROBOT weapon=GLOCK_17 t=48.267
[AQ] SHOT fighter=FLASH weapon=TEC_9 t=48.317
[AQ] SHOT fighter=ROBOT weapon=GLOCK_17 t=48.383
[AQ] SHOT fighter=FLASH weapon=TEC_9 t=48.400
[AQ] HIT source=FLASH target=ROBOT weapon=TEC_9 damage=21.0
[AQ] CONSUME fighter=ROBOT weapon=GLOCK_17 reason=sequence-complete
[AQ] CONSUME fighter=FLASH weapon=TEC_9 reason=sequence-complete
[AQ] SPAWN_SLOT id=19 x=163 y=566 lead=2.00
[AQ] SPAWN_HEAL id=20 heal=HEAL_H1 restore=70
[AQ] REVEAL id=19 weapon=SMG eta=null lead=2.00 fighter=TIMEOUT force=true
[AQ] SPAWN_SLOT id=21 x=561 y=574 lead=2.00
[AQ] PICKUP_HEAL id=20 fighter=FLASH restore=70
[AQ] PICKUP id=19 fighter=ROBOT weapon=SMG
[AQ] USE fighter=ROBOT weapon=SMG
[AQ] SHOT fighter=ROBOT weapon=SMG t=55.067
[AQ] SHOT fighter=ROBOT weapon=SMG t=55.150
[AQ] HIT source=ROBOT target=FLASH weapon=SMG damage=15.8
[AQ] SHOT fighter=ROBOT weapon=SMG t=55.233
[AQ] SHOT fighter=ROBOT weapon=SMG t=55.317
[AQ] HIT source=ROBOT target=FLASH weapon=SMG damage=15.8
[AQ] SHOT fighter=ROBOT weapon=SMG t=55.400
[AQ] HIT source=ROBOT target=FLASH weapon=SMG damage=15.8
[AQ] SHOT fighter=ROBOT weapon=SMG t=55.483
[AQ] HIT source=ROBOT target=FLASH weapon=SMG damage=15.8
[AQ] SHOT fighter=ROBOT weapon=SMG t=55.567
[AQ] HIT source=ROBOT target=FLASH weapon=SMG damage=15.8
[AQ] HIT source=ROBOT target=FLASH weapon=SMG damage=15.8
[AQ] SHOT fighter=ROBOT weapon=SMG t=55.650
[AQ] HIT source=ROBOT target=FLASH weapon=SMG damage=15.8
[AQ] CONSUME fighter=ROBOT weapon=SMG reason=sequence-complete
[AQ] SPAWN_SLOT id=22 x=858 y=881 lead=2.00
[AQ] REVEAL id=21 weapon=TEC_9 eta=null lead=2.00 fighter=TIMEOUT force=true
[AQ] PICKUP id=21 fighter=FLASH weapon=TEC_9
[AQ] USE fighter=FLASH weapon=TEC_9
[AQ] SHOT fighter=FLASH weapon=TEC_9 t=57.383
[AQ] SHOT fighter=FLASH weapon=TEC_9 t=57.467
[AQ] HIT source=FLASH target=ROBOT weapon=TEC_9 damage=21.0
[AQ] SHOT fighter=FLASH weapon=TEC_9 t=57.550
[AQ] SHOT fighter=FLASH weapon=TEC_9 t=57.650
[AQ] SHOT fighter=FLASH weapon=TEC_9 t=57.733
[AQ] CONSUME fighter=FLASH weapon=TEC_9 reason=sequence-complete
[AQ] SPAWN_SLOT id=23 x=413 y=355 lead=2.00
[AQ] REVEAL id=22 weapon=GLOCK_17 eta=null lead=2.00 fighter=TIMEOUT force=true
[AQ] SPAWN_HEAL id=24 heal=HEAL_H1 restore=70
[AQ] KO winner=ROBOT
[AQ] MODE_ENTER mode=ARSENAL_QUEST
[AQ] SPAWN_SLOT id=1 x=266 y=846 lead=2.00
Not implemented: HTMLMediaElement's pause() method
Not implemented: HTMLMediaElement's pause() method
Not implemented: HTMLMediaElement's pause() method
Not implemented: HTMLMediaElement's pause() method
Not implemented: HTMLMediaElement's pause() method
Not implemented: HTMLMediaElement's pause() method
Not implemented: HTMLMediaElement's pause() method
Not implemented: HTMLMediaElement's pause() method
Not implemented: HTMLMediaElement's pause() method
[AQ] REVEAL id=1 weapon=SMG eta=null lead=2.00 fighter=TIMEOUT force=true
[AQ] PICKUP id=1 fighter=ROBOT weapon=SMG
[AQ] USE fighter=ROBOT weapon=SMG
[AQ] SHOT fighter=ROBOT weapon=SMG t=3.367
[AQ] SHOT fighter=ROBOT weapon=SMG t=3.450
[AQ] SHOT fighter=ROBOT weapon=SMG t=3.533
[AQ] SHOT fighter=ROBOT weapon=SMG t=3.617
[AQ] HIT source=ROBOT target=ELECTRIC weapon=SMG damage=15.8
[AQ] SHOT fighter=ROBOT weapon=SMG t=3.700
[AQ] SHOT fighter=ROBOT weapon=SMG t=3.783
[AQ] HIT source=ROBOT target=ELECTRIC weapon=SMG damage=15.8
[AQ] SHOT fighter=ROBOT weapon=SMG t=3.867
[AQ] SHOT fighter=ROBOT weapon=SMG t=3.950
[AQ] CONSUME fighter=ROBOT weapon=SMG reason=sequence-complete
[AQ] SPAWN_SLOT id=2 x=427 y=258 lead=2.00
[AQ] HIT source=ROBOT target=ELECTRIC weapon=SMG damage=15.8
[AQ] REVEAL id=2 weapon=TEC_9 eta=1.04 lead=2.00 fighter=ELECTRIC force=false
[AQ] PICKUP id=2 fighter=ROBOT weapon=TEC_9
[AQ] USE fighter=ROBOT weapon=TEC_9
[AQ] SHOT fighter=ROBOT weapon=TEC_9 t=8.300
[AQ] SHOT fighter=ROBOT weapon=TEC_9 t=8.383
[AQ] HIT source=ROBOT target=ELECTRIC weapon=TEC_9 damage=21.0
[AQ] SHOT fighter=ROBOT weapon=TEC_9 t=8.467
[AQ] HIT source=ROBOT target=ELECTRIC weapon=TEC_9 damage=21.0
[AQ] SPAWN_SLOT id=3 x=560 y=613 lead=2.00
[AQ] HIT source=ROBOT target=ELECTRIC weapon=TEC_9 damage=21.0
[AQ] SHOT fighter=ROBOT weapon=TEC_9 t=8.567
[AQ] HIT source=ROBOT target=ELECTRIC weapon=TEC_9 damage=21.0
[AQ] SHOT fighter=ROBOT weapon=TEC_9 t=8.650
[AQ] HIT source=ROBOT target=ELECTRIC weapon=TEC_9 damage=21.0
[AQ] CONSUME fighter=ROBOT weapon=TEC_9 reason=sequence-complete
[AQ] SPAWN_SLOT id=4 x=780 y=121 lead=2.00
[AQ] REVEAL id=3 weapon=GLOCK_17 eta=null lead=2.00 fighter=TIMEOUT force=true
[AQ] REVEAL id=4 weapon=P90 eta=null lead=2.00 fighter=TIMEOUT force=true
[AQ] PICKUP id=4 fighter=ELECTRIC weapon=P90
[AQ] USE fighter=ELECTRIC weapon=P90
[AQ] SHOT fighter=ELECTRIC weapon=P90 t=12.100
[AQ] SHOT fighter=ELECTRIC weapon=P90 t=12.150
[AQ] SHOT fighter=ELECTRIC weapon=P90 t=12.217
[AQ] SHOT fighter=ELECTRIC weapon=P90 t=12.283
[AQ] SHOT fighter=ELECTRIC weapon=P90 t=12.350
[AQ] HIT source=ELECTRIC target=ROBOT weapon=P90 damage=13.3
[AQ] SHOT fighter=ELECTRIC weapon=P90 t=12.417
[AQ] HIT source=ELECTRIC target=ROBOT weapon=P90 damage=13.3
[AQ] SHOT fighter=ELECTRIC weapon=P90 t=12.483
[AQ] HIT source=ELECTRIC target=ROBOT weapon=P90 damage=13.3
[AQ] SHOT fighter=ELECTRIC weapon=P90 t=12.550
[AQ] HIT source=ELECTRIC target=ROBOT weapon=P90 damage=13.3
[AQ] SHOT fighter=ELECTRIC weapon=P90 t=12.617
[AQ] HIT source=ELECTRIC target=ROBOT weapon=P90 damage=13.3
[AQ] SHOT fighter=ELECTRIC weapon=P90 t=12.683
[AQ] HIT source=ELECTRIC target=ROBOT weapon=P90 damage=13.3
[AQ] CONSUME fighter=ELECTRIC weapon=P90 reason=sequence-complete
[AQ] HIT source=ELECTRIC target=ROBOT weapon=P90 damage=13.3
[AQ] HIT source=ELECTRIC target=ROBOT weapon=P90 damage=13.3
[AQ] SPAWN_SLOT id=5 x=373 y=735 lead=2.00
[AQ] PICKUP id=3 fighter=ELECTRIC weapon=GLOCK_17
[AQ] USE fighter=ELECTRIC weapon=GLOCK_17
[AQ] SHOT fighter=ELECTRIC weapon=GLOCK_17 t=14.183
[AQ] HIT source=ELECTRIC target=ROBOT weapon=GLOCK_17 damage=24.5
[AQ] SHOT fighter=ELECTRIC weapon=GLOCK_17 t=14.300
[AQ] HIT source=ELECTRIC target=ROBOT weapon=GLOCK_17 damage=24.5
[AQ] SHOT fighter=ELECTRIC weapon=GLOCK_17 t=14.417
[AQ] HIT source=ELECTRIC target=ROBOT weapon=GLOCK_17 damage=24.5
[AQ] SHOT fighter=ELECTRIC weapon=GLOCK_17 t=14.533
[AQ] HIT source=ELECTRIC target=ROBOT weapon=GLOCK_17 damage=24.5
[AQ] SPAWN_HEAL id=6 heal=HEAL_H2 restore=126
[AQ] CONSUME fighter=ELECTRIC weapon=GLOCK_17 reason=sequence-complete
[AQ] SPAWN_SLOT id=7 x=841 y=135 lead=2.00
[AQ] PICKUP_HEAL id=6 fighter=ROBOT restore=126
[AQ] REVEAL id=5 weapon=TEC_9 eta=null lead=2.00 fighter=TIMEOUT force=true
[AQ] PICKUP id=5 fighter=ELECTRIC weapon=TEC_9
[AQ] USE fighter=ELECTRIC weapon=TEC_9
[AQ] SHOT fighter=ELECTRIC weapon=TEC_9 t=16.983
[AQ] HIT source=ELECTRIC target=ROBOT weapon=TEC_9 damage=21.0
[AQ] SHOT fighter=ELECTRIC weapon=TEC_9 t=17.067
[AQ] HIT source=ELECTRIC target=ROBOT weapon=TEC_9 damage=21.0
[AQ] SHOT fighter=ELECTRIC weapon=TEC_9 t=17.150
[AQ] HIT source=ELECTRIC target=ROBOT weapon=TEC_9 damage=21.0
[AQ] SHOT fighter=ELECTRIC weapon=TEC_9 t=17.250
[AQ] HIT source=ELECTRIC target=ROBOT weapon=TEC_9 damage=21.0
[AQ] SHOT fighter=ELECTRIC weapon=TEC_9 t=17.333
[AQ] HIT source=ELECTRIC target=ROBOT weapon=TEC_9 damage=21.0
[AQ] CONSUME fighter=ELECTRIC weapon=TEC_9 reason=sequence-complete
[AQ] SPAWN_SLOT id=8 x=230 y=759 lead=2.00
[AQ] REVEAL id=7 weapon=GLOCK_17 eta=null lead=2.00 fighter=TIMEOUT force=true
[AQ] REVEAL id=8 weapon=P90 eta=null lead=2.00 fighter=TIMEOUT force=true
[AQ] PICKUP id=8 fighter=ELECTRIC weapon=P90
[AQ] USE fighter=ELECTRIC weapon=P90
[AQ] SHOT fighter=ELECTRIC weapon=P90 t=21.317
[AQ] SHOT fighter=ELECTRIC weapon=P90 t=21.367
[AQ] SHOT fighter=ELECTRIC weapon=P90 t=21.433
[AQ] HIT source=ELECTRIC target=ROBOT weapon=P90 damage=13.3
[AQ] SHOT fighter=ELECTRIC weapon=P90 t=21.500
[AQ] HIT source=ELECTRIC target=ROBOT weapon=P90 damage=13.3
[AQ] SHOT fighter=ELECTRIC weapon=P90 t=21.567
[AQ] HIT source=ELECTRIC target=ROBOT weapon=P90 damage=13.3
[AQ] SHOT fighter=ELECTRIC weapon=P90 t=21.633
[AQ] HIT source=ELECTRIC target=ROBOT weapon=P90 damage=13.3
[AQ] HIT source=ELECTRIC target=ROBOT weapon=P90 damage=13.3
[AQ] SHOT fighter=ELECTRIC weapon=P90 t=21.700
[AQ] HIT source=ELECTRIC target=ROBOT weapon=P90 damage=13.3
[AQ] SHOT fighter=ELECTRIC weapon=P90 t=21.767
[AQ] HIT source=ELECTRIC target=ROBOT weapon=P90 damage=13.3
[AQ] SHOT fighter=ELECTRIC weapon=P90 t=21.833
[AQ] HIT source=ELECTRIC target=ROBOT weapon=P90 damage=13.3
[AQ] SHOT fighter=ELECTRIC weapon=P90 t=21.900
[AQ] HIT source=ELECTRIC target=ROBOT weapon=P90 damage=13.3
[AQ] SPAWN_SLOT id=9 x=339 y=463 lead=2.00
[AQ] CONSUME fighter=ELECTRIC weapon=P90 reason=sequence-complete
[AQ] HIT source=ELECTRIC target=ROBOT weapon=P90 damage=13.3
[AQ] SPAWN_HEAL id=10 heal=HEAL_H2 restore=126
[AQ] PICKUP id=7 fighter=ROBOT weapon=GLOCK_17
[AQ] USE fighter=ROBOT weapon=GLOCK_17
[AQ] SHOT fighter=ROBOT weapon=GLOCK_17 t=24.317
[AQ] SHOT fighter=ROBOT weapon=GLOCK_17 t=24.433
[AQ] SHOT fighter=ROBOT weapon=GLOCK_17 t=24.550
[AQ] SHOT fighter=ROBOT weapon=GLOCK_17 t=24.667
[AQ] CONSUME fighter=ROBOT weapon=GLOCK_17 reason=sequence-complete
[AQ] SPAWN_SLOT id=11 x=525 y=492 lead=2.00
[AQ] HIT source=ROBOT target=ELECTRIC weapon=GLOCK_17 damage=24.5
[AQ] HIT source=ROBOT target=ELECTRIC weapon=GLOCK_17 damage=24.5
[AQ] REVEAL id=9 weapon=TEC_9 eta=null lead=2.00 fighter=TIMEOUT force=true
[AQ] PICKUP_HEAL id=10 fighter=ROBOT restore=126
[AQ] PICKUP id=9 fighter=ELECTRIC weapon=TEC_9
[AQ] USE fighter=ELECTRIC weapon=TEC_9
[AQ] SHOT fighter=ELECTRIC weapon=TEC_9 t=27.750
[AQ] REVEAL id=11 weapon=GLOCK_17 eta=null lead=2.00 fighter=TIMEOUT force=true
[AQ] SHOT fighter=ELECTRIC weapon=TEC_9 t=27.833
[AQ] SHOT fighter=ELECTRIC weapon=TEC_9 t=27.917
[AQ] HIT source=ELECTRIC target=ROBOT weapon=TEC_9 damage=21.0
[AQ] HIT source=ELECTRIC target=ROBOT weapon=TEC_9 damage=21.0
[AQ] SHOT fighter=ELECTRIC weapon=TEC_9 t=28.017
[AQ] HIT source=ELECTRIC target=ROBOT weapon=TEC_9 damage=21.0
[AQ] SHOT fighter=ELECTRIC weapon=TEC_9 t=28.100
[AQ] HIT source=ELECTRIC target=ROBOT weapon=TEC_9 damage=21.0
[AQ] CONSUME fighter=ELECTRIC weapon=TEC_9 reason=sequence-complete
[AQ] HIT source=ELECTRIC target=ROBOT weapon=TEC_9 damage=21.0
[AQ] PICKUP id=11 fighter=ROBOT weapon=GLOCK_17
[AQ] USE fighter=ROBOT weapon=GLOCK_17
[AQ] SHOT fighter=ROBOT weapon=GLOCK_17 t=28.733
[AQ] HIT source=ROBOT target=ELECTRIC weapon=GLOCK_17 damage=24.5
[AQ] SHOT fighter=ROBOT weapon=GLOCK_17 t=28.850
[AQ] HIT source=ROBOT target=ELECTRIC weapon=GLOCK_17 damage=24.5
[AQ] SHOT fighter=ROBOT weapon=GLOCK_17 t=28.967
[AQ] SHOT fighter=ROBOT weapon=GLOCK_17 t=29.083
[AQ] HIT source=ROBOT target=ELECTRIC weapon=GLOCK_17 damage=24.5
[AQ] CONSUME fighter=ROBOT weapon=GLOCK_17 reason=sequence-complete
[AQ] SPAWN_SLOT id=12 x=188 y=480 lead=2.00
[AQ] HIT source=ROBOT target=ELECTRIC weapon=GLOCK_17 damage=24.5
[AQ] REVEAL id=12 weapon=P90 eta=1.39 lead=2.00 fighter=ELECTRIC force=false
[AQ] SPAWN_HEAL id=13 heal=HEAL_H2 restore=126
[AQ] PICKUP_HEAL id=13 fighter=ELECTRIC restore=126
[AQ] PICKUP id=12 fighter=ELECTRIC weapon=P90
[AQ] USE fighter=ELECTRIC weapon=P90
[AQ] SHOT fighter=ELECTRIC weapon=P90 t=33.500
[AQ] SHOT fighter=ELECTRIC weapon=P90 t=33.550
[AQ] SHOT fighter=ELECTRIC weapon=P90 t=33.617
[AQ] HIT source=ELECTRIC target=ROBOT weapon=P90 damage=13.3
[AQ] SHOT fighter=ELECTRIC weapon=P90 t=33.683
[AQ] SPAWN_SLOT id=14 x=228 y=488 lead=2.00
[AQ] SHOT fighter=ELECTRIC weapon=P90 t=33.750
[AQ] HIT source=ELECTRIC target=ROBOT weapon=P90 damage=13.3
[AQ] SHOT fighter=ELECTRIC weapon=P90 t=33.817
[AQ] HIT source=ELECTRIC target=ROBOT weapon=P90 damage=13.3
[AQ] SHOT fighter=ELECTRIC weapon=P90 t=33.883
[AQ] HIT source=ELECTRIC target=ROBOT weapon=P90 damage=13.3
[AQ] SHOT fighter=ELECTRIC weapon=P90 t=33.950
[AQ] HIT source=ELECTRIC target=ROBOT weapon=P90 damage=13.3
[AQ] SHOT fighter=ELECTRIC weapon=P90 t=34.017
[AQ] SHOT fighter=ELECTRIC weapon=P90 t=34.083
[AQ] HIT source=ELECTRIC target=ROBOT weapon=P90 damage=13.3
[AQ] CONSUME fighter=ELECTRIC weapon=P90 reason=sequence-complete
[AQ] SPAWN_SLOT id=15 x=332 y=232 lead=2.00
[AQ] REVEAL id=15 weapon=TEC_9 eta=0.07 lead=2.00 fighter=ELECTRIC force=false
[AQ] PICKUP id=15 fighter=ELECTRIC weapon=TEC_9
[AQ] USE fighter=ELECTRIC weapon=TEC_9
[AQ] SHOT fighter=ELECTRIC weapon=TEC_9 t=34.500
[AQ] SHOT fighter=ELECTRIC weapon=TEC_9 t=34.583
[AQ] SHOT fighter=ELECTRIC weapon=TEC_9 t=34.667
[AQ] SHOT fighter=ELECTRIC weapon=TEC_9 t=34.767
[AQ] SHOT fighter=ELECTRIC weapon=TEC_9 t=34.850
[AQ] HIT source=ELECTRIC target=ROBOT weapon=TEC_9 damage=21.0
[AQ] CONSUME fighter=ELECTRIC weapon=TEC_9 reason=sequence-complete
[AQ] SPAWN_SLOT id=16 x=157 y=773 lead=2.00
[AQ] HIT source=ELECTRIC target=ROBOT weapon=TEC_9 damage=21.0
[AQ] HIT source=ELECTRIC target=ROBOT weapon=TEC_9 damage=21.0
[AQ] REVEAL id=16 weapon=GLOCK_17 eta=0.09 lead=2.00 fighter=ROBOT force=false
[AQ] PICKUP id=16 fighter=ROBOT weapon=GLOCK_17
[AQ] USE fighter=ROBOT weapon=GLOCK_17
[AQ] SHOT fighter=ROBOT weapon=GLOCK_17 t=35.867
[AQ] SHOT fighter=ROBOT weapon=GLOCK_17 t=35.983
[AQ] HIT source=ROBOT target=ELECTRIC weapon=GLOCK_17 damage=24.5
[AQ] SHOT fighter=ROBOT weapon=GLOCK_17 t=36.100
[AQ] HIT source=ROBOT target=ELECTRIC weapon=GLOCK_17 damage=24.5
[AQ] SHOT fighter=ROBOT weapon=GLOCK_17 t=36.217
[AQ] HIT source=ROBOT target=ELECTRIC weapon=GLOCK_17 damage=24.5
[AQ] HIT source=ROBOT target=ELECTRIC weapon=GLOCK_17 damage=24.5
[AQ] CONSUME fighter=ROBOT weapon=GLOCK_17 reason=sequence-complete
[AQ] SPAWN_SLOT id=17 x=169 y=886 lead=2.00
[AQ] REVEAL id=14 weapon=P90 eta=null lead=2.00 fighter=TIMEOUT force=true
[AQ] PICKUP id=14 fighter=ELECTRIC weapon=P90
[AQ] USE fighter=ELECTRIC weapon=P90
[AQ] SHOT fighter=ELECTRIC weapon=P90 t=38.567
[AQ] SHOT fighter=ELECTRIC weapon=P90 t=38.617
[AQ] HIT source=ELECTRIC target=ROBOT weapon=P90 damage=13.3
[AQ] SHOT fighter=ELECTRIC weapon=P90 t=38.683
[AQ] HIT source=ELECTRIC target=ROBOT weapon=P90 damage=13.3
[AQ] SHOT fighter=ELECTRIC weapon=P90 t=38.750
[AQ] HIT source=ELECTRIC target=ROBOT weapon=P90 damage=13.3
[AQ] HIT source=ELECTRIC target=ROBOT weapon=P90 damage=13.3
[AQ] SHOT fighter=ELECTRIC weapon=P90 t=38.817
[AQ] SHOT fighter=ELECTRIC weapon=P90 t=38.883
[AQ] HIT source=ELECTRIC target=ROBOT weapon=P90 damage=13.3
[AQ] SHOT fighter=ELECTRIC weapon=P90 t=38.950
[AQ] HIT source=ELECTRIC target=ROBOT weapon=P90 damage=13.3
[AQ] SHOT fighter=ELECTRIC weapon=P90 t=39.017
[AQ] HIT source=ELECTRIC target=ROBOT weapon=P90 damage=13.3
[AQ] SHOT fighter=ELECTRIC weapon=P90 t=39.083
[AQ] SHOT fighter=ELECTRIC weapon=P90 t=39.150
[AQ] CONSUME fighter=ELECTRIC weapon=P90 reason=sequence-complete
[AQ] SPAWN_SLOT id=18 x=101 y=552 lead=2.00
[AQ] HIT source=ELECTRIC target=ROBOT weapon=P90 damage=13.3
[AQ] REVEAL id=17 weapon=SMG eta=null lead=2.00 fighter=TIMEOUT force=true
[AQ] REVEAL id=18 weapon=TEC_9 eta=0.82 lead=2.00 fighter=ROBOT force=false
[AQ] PICKUP id=18 fighter=ROBOT weapon=TEC_9
[AQ] USE fighter=ROBOT weapon=TEC_9
[AQ] SHOT fighter=ROBOT weapon=TEC_9 t=40.650
[AQ] SHOT fighter=ROBOT weapon=TEC_9 t=40.733
[AQ] SHOT fighter=ROBOT weapon=TEC_9 t=40.817
[AQ] SHOT fighter=ROBOT weapon=TEC_9 t=40.917
[AQ] HIT source=ROBOT target=ELECTRIC weapon=TEC_9 damage=21.0
[AQ] SHOT fighter=ROBOT weapon=TEC_9 t=41.000
[AQ] CONSUME fighter=ROBOT weapon=TEC_9 reason=sequence-complete
[AQ] HIT source=ROBOT target=ELECTRIC weapon=TEC_9 damage=21.0
[AQ] HIT source=ROBOT target=ELECTRIC weapon=TEC_9 damage=21.0
[AQ] SPAWN_HEAL id=19 heal=HEAL_H1 restore=70
[AQ] PICKUP_HEAL id=19 fighter=ROBOT restore=70
[AQ] SPAWN_SLOT id=20 x=178 y=467 lead=2.00
[AQ] REVEAL id=20 weapon=P90 eta=null lead=2.00 fighter=TIMEOUT force=true
[AQ] PICKUP id=20 fighter=ROBOT weapon=P90
[AQ] USE fighter=ROBOT weapon=P90
[AQ] SHOT fighter=ROBOT weapon=P90 t=47.083
[AQ] SHOT fighter=ROBOT weapon=P90 t=47.133
[AQ] HIT source=ROBOT target=ELECTRIC weapon=P90 damage=13.3
[AQ] SHOT fighter=ROBOT weapon=P90 t=47.200
[AQ] HIT source=ROBOT target=ELECTRIC weapon=P90 damage=13.3
[AQ] SHOT fighter=ROBOT weapon=P90 t=47.267
[AQ] HIT source=ROBOT target=ELECTRIC weapon=P90 damage=13.3
[AQ] SHOT fighter=ROBOT weapon=P90 t=47.333
[AQ] SHOT fighter=ROBOT weapon=P90 t=47.400
[AQ] SHOT fighter=ROBOT weapon=P90 t=47.467
[AQ] SHOT fighter=ROBOT weapon=P90 t=47.533
[AQ] HIT source=ROBOT target=ELECTRIC weapon=P90 damage=13.3
[AQ] SHOT fighter=ROBOT weapon=P90 t=47.600
[AQ] HIT source=ROBOT target=ELECTRIC weapon=P90 damage=13.3
[AQ] SHOT fighter=ROBOT weapon=P90 t=47.667
[AQ] HIT source=ROBOT target=ELECTRIC weapon=P90 damage=13.3
[AQ] CONSUME fighter=ROBOT weapon=P90 reason=sequence-complete
[AQ] SPAWN_SLOT id=21 x=655 y=524 lead=2.00
[AQ] SPAWN_HEAL id=22 heal=HEAL_H2 restore=126
[AQ] REVEAL id=21 weapon=TEC_9 eta=null lead=2.00 fighter=TIMEOUT force=true
[AQ] SPAWN_SLOT id=23 x=418 y=732 lead=2.00
[AQ] PICKUP id=21 fighter=ROBOT weapon=TEC_9
[AQ] USE fighter=ROBOT weapon=TEC_9
[AQ] SHOT fighter=ROBOT weapon=TEC_9 t=53.133
[AQ] SHOT fighter=ROBOT weapon=TEC_9 t=53.217
[AQ] SHOT fighter=ROBOT weapon=TEC_9 t=53.300
[AQ] HIT source=ROBOT target=ELECTRIC weapon=TEC_9 damage=21.0
[AQ] HIT source=ROBOT target=ELECTRIC weapon=TEC_9 damage=21.0
[AQ] SHOT fighter=ROBOT weapon=TEC_9 t=53.400
[AQ] HIT source=ROBOT target=ELECTRIC weapon=TEC_9 damage=21.0
[AQ] SHOT fighter=ROBOT weapon=TEC_9 t=53.483
[AQ] CONSUME fighter=ROBOT weapon=TEC_9 reason=sequence-complete
[AQ] PICKUP id=17 fighter=ROBOT weapon=SMG
[AQ] USE fighter=ROBOT weapon=SMG
[AQ] SHOT fighter=ROBOT weapon=SMG t=54.650
[AQ] SHOT fighter=ROBOT weapon=SMG t=54.733
[AQ] HIT source=ROBOT target=ELECTRIC weapon=SMG damage=15.8
[AQ] SHOT fighter=ROBOT weapon=SMG t=54.817
[AQ] HIT source=ROBOT target=ELECTRIC weapon=SMG damage=15.8
[AQ] SHOT fighter=ROBOT weapon=SMG t=54.900
[AQ] HIT source=ROBOT target=ELECTRIC weapon=SMG damage=15.8
[AQ] SHOT fighter=ROBOT weapon=SMG t=54.983
[AQ] HIT source=ROBOT target=ELECTRIC weapon=SMG damage=15.8
[AQ] SHOT fighter=ROBOT weapon=SMG t=55.067
[AQ] HIT source=ROBOT target=ELECTRIC weapon=SMG damage=15.8
[AQ] SHOT fighter=ROBOT weapon=SMG t=55.150
[AQ] HIT source=ROBOT target=ELECTRIC weapon=SMG damage=15.8
[AQ] SHOT fighter=ROBOT weapon=SMG t=55.233
[AQ] CONSUME fighter=ROBOT weapon=SMG reason=sequence-complete
[AQ] HIT source=ROBOT target=ELECTRIC weapon=SMG damage=15.8
[AQ] SPAWN_SLOT id=24 x=197 y=660 lead=2.00
[AQ] PICKUP_HEAL id=22 fighter=ELECTRIC restore=126
[AQ] REVEAL id=23 weapon=GLOCK_17 eta=null lead=2.00 fighter=TIMEOUT force=true
[AQ] REVEAL id=24 weapon=P90 eta=null lead=2.00 fighter=TIMEOUT force=true
[AQ] SPAWN_HEAL id=25 heal=HEAL_H2 restore=126
[AQ] SPAWN_SLOT id=26 x=189 y=307 lead=2.00
[AQ] KO winner=ROBOT
[AQ] MODE_ENTER mode=ARSENAL_QUEST
[AQ] SPAWN_SLOT id=1 x=667 y=309 lead=2.00
Not implemented: HTMLMediaElement's pause() method
Not implemented: HTMLMediaElement's pause() method
Not implemented: HTMLMediaElement's pause() method
Not implemented: HTMLMediaElement's pause() method
Not implemented: HTMLMediaElement's pause() method
Not implemented: HTMLMediaElement's pause() method
Not implemented: HTMLMediaElement's pause() method
Not implemented: HTMLMediaElement's pause() method
Not implemented: HTMLMediaElement's pause() method
[AQ] REVEAL id=1 weapon=TEC_9 eta=null lead=2.00 fighter=TIMEOUT force=true
[AQ] SPAWN_SLOT id=2 x=153 y=462 lead=2.00
[AQ] REVEAL id=2 weapon=GLOCK_17 eta=null lead=2.00 fighter=TIMEOUT force=true
[AQ] PICKUP id=1 fighter=VAMPIRE weapon=TEC_9
[AQ] USE fighter=VAMPIRE weapon=TEC_9
[AQ] SHOT fighter=VAMPIRE weapon=TEC_9 t=7.883
[AQ] SHOT fighter=VAMPIRE weapon=TEC_9 t=7.967
[AQ] SHOT fighter=VAMPIRE weapon=TEC_9 t=8.050
[AQ] HIT source=VAMPIRE target=ROBOT weapon=TEC_9 damage=21.0
[AQ] SHOT fighter=VAMPIRE weapon=TEC_9 t=8.150
[AQ] HIT source=VAMPIRE target=ROBOT weapon=TEC_9 damage=21.0
[AQ] SHOT fighter=VAMPIRE weapon=TEC_9 t=8.233
[AQ] HIT source=VAMPIRE target=ROBOT weapon=TEC_9 damage=21.0
[AQ] HIT source=VAMPIRE target=ROBOT weapon=TEC_9 damage=21.0
[AQ] CONSUME fighter=VAMPIRE weapon=TEC_9 reason=sequence-complete
[AQ] SPAWN_SLOT id=3 x=392 y=626 lead=2.00
[AQ] REVEAL id=3 weapon=P90 eta=null lead=2.00 fighter=TIMEOUT force=true
[AQ] SPAWN_SLOT id=4 x=232 y=129 lead=2.00
[AQ] REVEAL id=4 weapon=SMG eta=1.11 lead=2.00 fighter=VAMPIRE force=false
[AQ] PICKUP id=3 fighter=ROBOT weapon=P90
[AQ] USE fighter=ROBOT weapon=P90
[AQ] SHOT fighter=ROBOT weapon=P90 t=15.633
[AQ] HIT source=ROBOT target=VAMPIRE weapon=P90 damage=13.3
[AQ] SHOT fighter=ROBOT weapon=P90 t=15.683
[AQ] HIT source=ROBOT target=VAMPIRE weapon=P90 damage=13.3
[AQ] SHOT fighter=ROBOT weapon=P90 t=15.750
[AQ] HIT source=ROBOT target=VAMPIRE weapon=P90 damage=13.3
[AQ] SHOT fighter=ROBOT weapon=P90 t=15.817
[AQ] HIT source=ROBOT target=VAMPIRE weapon=P90 damage=13.3
[AQ] SHOT fighter=ROBOT weapon=P90 t=15.883
[AQ] SHOT fighter=ROBOT weapon=P90 t=15.950
[AQ] SHOT fighter=ROBOT weapon=P90 t=16.017
[AQ] SHOT fighter=ROBOT weapon=P90 t=16.083
[AQ] SHOT fighter=ROBOT weapon=P90 t=16.150
[AQ] SHOT fighter=ROBOT weapon=P90 t=16.217
[AQ] HIT source=ROBOT target=VAMPIRE weapon=P90 damage=13.3
[AQ] CONSUME fighter=ROBOT weapon=P90 reason=sequence-complete
[AQ] SPAWN_SLOT id=5 x=440 y=289 lead=2.00
[AQ] REVEAL id=5 weapon=TEC_9 eta=null lead=2.00 fighter=TIMEOUT force=true
[AQ] PICKUP id=5 fighter=VAMPIRE weapon=TEC_9
[AQ] SPAWN_SLOT id=6 x=638 y=168 lead=2.00
[AQ] USE fighter=VAMPIRE weapon=TEC_9
[AQ] SHOT fighter=VAMPIRE weapon=TEC_9 t=22.533
[AQ] HIT source=VAMPIRE target=ROBOT weapon=TEC_9 damage=21.0
[AQ] SHOT fighter=VAMPIRE weapon=TEC_9 t=22.617
[AQ] HIT source=VAMPIRE target=ROBOT weapon=TEC_9 damage=21.0
[AQ] SHOT fighter=VAMPIRE weapon=TEC_9 t=22.700
[AQ] HIT source=VAMPIRE target=ROBOT weapon=TEC_9 damage=21.0
[AQ] REJECT_PICKUP fighter=VAMPIRE id=2 reason=already-armed
[AQ] SHOT fighter=VAMPIRE weapon=TEC_9 t=22.800
[AQ] HIT source=VAMPIRE target=ROBOT weapon=TEC_9 damage=21.0
[AQ] SHOT fighter=VAMPIRE weapon=TEC_9 t=22.883
[AQ] HIT source=VAMPIRE target=ROBOT weapon=TEC_9 damage=21.0
[AQ] SPAWN_HEAL id=7 heal=HEAL_H1 restore=70
[AQ] CONSUME fighter=VAMPIRE weapon=TEC_9 reason=sequence-complete
[AQ] PICKUP id=2 fighter=VAMPIRE weapon=GLOCK_17
[AQ] PICKUP id=4 fighter=ROBOT weapon=SMG
[AQ] USE fighter=VAMPIRE weapon=GLOCK_17
[AQ] SHOT fighter=VAMPIRE weapon=GLOCK_17 t=23.333
[AQ] SHOT fighter=VAMPIRE weapon=GLOCK_17 t=23.450
[AQ] HIT source=VAMPIRE target=ROBOT weapon=GLOCK_17 damage=24.5
[AQ] USE fighter=ROBOT weapon=SMG
[AQ] SHOT fighter=ROBOT weapon=SMG t=23.567
[AQ] SHOT fighter=VAMPIRE weapon=GLOCK_17 t=23.567
[AQ] HIT source=VAMPIRE target=ROBOT weapon=GLOCK_17 damage=24.5
[AQ] SHOT fighter=ROBOT weapon=SMG t=23.650
[AQ] SHOT fighter=VAMPIRE weapon=GLOCK_17 t=23.683
[AQ] HIT source=VAMPIRE target=ROBOT weapon=GLOCK_17 damage=24.5
[AQ] HIT source=ROBOT target=VAMPIRE weapon=SMG damage=15.8
[AQ] SHOT fighter=ROBOT weapon=SMG t=23.733
[AQ] CONSUME fighter=VAMPIRE weapon=GLOCK_17 reason=sequence-complete
[AQ] HIT source=ROBOT target=VAMPIRE weapon=SMG damage=15.8
[AQ] SHOT fighter=ROBOT weapon=SMG t=23.817
[AQ] HIT source=VAMPIRE target=ROBOT weapon=GLOCK_17 damage=24.5
[AQ] SHOT fighter=ROBOT weapon=SMG t=23.900
[AQ] HIT source=ROBOT target=VAMPIRE weapon=SMG damage=15.8
[AQ] SHOT fighter=ROBOT weapon=SMG t=23.983
[AQ] HIT source=ROBOT target=VAMPIRE weapon=SMG damage=15.8
[AQ] SHOT fighter=ROBOT weapon=SMG t=24.067
[AQ] HIT source=ROBOT target=VAMPIRE weapon=SMG damage=15.8
[AQ] SHOT fighter=ROBOT weapon=SMG t=24.150
[AQ] HIT source=ROBOT target=VAMPIRE weapon=SMG damage=15.8
[AQ] CONSUME fighter=ROBOT weapon=SMG reason=sequence-complete
[AQ] SPAWN_SLOT id=8 x=362 y=142 lead=2.00
[AQ] HIT source=ROBOT target=VAMPIRE weapon=SMG damage=15.8
[AQ] PICKUP_HEAL id=7 fighter=VAMPIRE restore=70
[AQ] REVEAL id=6 weapon=P90 eta=null lead=2.00 fighter=TIMEOUT force=true
[AQ] PICKUP id=6 fighter=VAMPIRE weapon=P90
[AQ] COUNTER_RESERVED id=8 for=ROBOT shield=SWIRL_SHIELD vs=P90
[AQ] USE fighter=VAMPIRE weapon=P90
[AQ] SHOT fighter=VAMPIRE weapon=P90 t=26.717
[AQ] HIT source=VAMPIRE target=ROBOT weapon=P90 damage=13.3
[AQ] SHOT fighter=VAMPIRE weapon=P90 t=26.767
[AQ] HIT source=VAMPIRE target=ROBOT weapon=P90 damage=13.3
[AQ] SHOT fighter=VAMPIRE weapon=P90 t=26.833
[AQ] HIT source=VAMPIRE target=ROBOT weapon=P90 damage=13.3
[AQ] SHOT fighter=VAMPIRE weapon=P90 t=26.900
[AQ] HIT source=VAMPIRE target=ROBOT weapon=P90 damage=13.3
[AQ] SHOT fighter=VAMPIRE weapon=P90 t=26.967
[AQ] HIT source=VAMPIRE target=ROBOT weapon=P90 damage=13.3
[AQ] SHOT fighter=VAMPIRE weapon=P90 t=27.033
[AQ] HIT source=VAMPIRE target=ROBOT weapon=P90 damage=13.3
[AQ] USE fighter=ROBOT weapon=SWIRL_SHIELD
[AQ] PICKUP id=8 fighter=ROBOT weapon=SWIRL_SHIELD
[AQ] SHOT fighter=VAMPIRE weapon=P90 t=27.100
[AQ] HIT source=VAMPIRE target=ROBOT weapon=P90 damage=13.3
[AQ] SHOT fighter=VAMPIRE weapon=P90 t=27.167
[AQ] HIT source=VAMPIRE target=ROBOT weapon=P90 damage=13.3
[AQ] SHOT fighter=VAMPIRE weapon=P90 t=27.233
[AQ] HIT source=VAMPIRE target=ROBOT weapon=P90 damage=13.3
[AQ] SHOT fighter=VAMPIRE weapon=P90 t=27.300
[AQ] HIT source=VAMPIRE target=ROBOT weapon=P90 damage=13.3
[AQ] CONSUME fighter=VAMPIRE weapon=P90 reason=sequence-complete
[AQ] SPAWN_SLOT id=9 x=652 y=171 lead=2.00
[AQ] CONSUME fighter=ROBOT weapon=SWIRL_SHIELD reason=expired
[AQ] REVEAL id=9 weapon=SMG eta=0.69 lead=2.00 fighter=VAMPIRE force=false
[AQ] PICKUP id=9 fighter=VAMPIRE weapon=SMG
[AQ] USE fighter=VAMPIRE weapon=SMG
[AQ] SHOT fighter=VAMPIRE weapon=SMG t=30.050
[AQ] SHOT fighter=VAMPIRE weapon=SMG t=30.133
[AQ] SHOT fighter=VAMPIRE weapon=SMG t=30.217
[AQ] HIT source=VAMPIRE target=ROBOT weapon=SMG damage=15.8
[AQ] SHOT fighter=VAMPIRE weapon=SMG t=30.300
[AQ] SHOT fighter=VAMPIRE weapon=SMG t=30.383
[AQ] HIT source=VAMPIRE target=ROBOT weapon=SMG damage=15.8
[AQ] SHOT fighter=VAMPIRE weapon=SMG t=30.467
[AQ] SHOT fighter=VAMPIRE weapon=SMG t=30.550
[AQ] SHOT fighter=VAMPIRE weapon=SMG t=30.633
[AQ] CONSUME fighter=VAMPIRE weapon=SMG reason=sequence-complete
[AQ] SPAWN_SLOT id=10 x=521 y=398 lead=2.00
[AQ] SPAWN_HEAL id=11 heal=HEAL_H1 restore=70
[AQ] PICKUP_HEAL id=11 fighter=VAMPIRE restore=70
[AQ] REVEAL id=10 weapon=GLOCK_17 eta=0.64 lead=2.00 fighter=ROBOT force=false
[AQ] PICKUP id=10 fighter=ROBOT weapon=GLOCK_17
[AQ] USE fighter=ROBOT weapon=GLOCK_17
[AQ] SHOT fighter=ROBOT weapon=GLOCK_17 t=33.933
[AQ] HIT source=ROBOT target=VAMPIRE weapon=GLOCK_17 damage=24.5
[AQ] SHOT fighter=ROBOT weapon=GLOCK_17 t=34.050
[AQ] HIT source=ROBOT target=VAMPIRE weapon=GLOCK_17 damage=24.5
[AQ] SHOT fighter=ROBOT weapon=GLOCK_17 t=34.167
[AQ] HIT source=ROBOT target=VAMPIRE weapon=GLOCK_17 damage=24.5
[AQ] SHOT fighter=ROBOT weapon=GLOCK_17 t=34.283
[AQ] HIT source=ROBOT target=VAMPIRE weapon=GLOCK_17 damage=24.5
[AQ] CONSUME fighter=ROBOT weapon=GLOCK_17 reason=sequence-complete
[AQ] SPAWN_SLOT id=12 x=369 y=676 lead=2.00
[AQ] REVEAL id=12 weapon=P90 eta=null lead=2.00 fighter=TIMEOUT force=true
[AQ] SPAWN_SLOT id=13 x=233 y=182 lead=2.00
[AQ] REVEAL id=13 weapon=SMG eta=1.11 lead=2.00 fighter=VAMPIRE force=false
[AQ] PICKUP id=13 fighter=ROBOT weapon=SMG
[AQ] USE fighter=ROBOT weapon=SMG
[AQ] SHOT fighter=ROBOT weapon=SMG t=39.767
[AQ] HIT source=ROBOT target=VAMPIRE weapon=SMG damage=15.8
[AQ] SHOT fighter=ROBOT weapon=SMG t=39.850
[AQ] HIT source=ROBOT target=VAMPIRE weapon=SMG damage=15.8
[AQ] SHOT fighter=ROBOT weapon=SMG t=39.933
[AQ] HIT source=ROBOT target=VAMPIRE weapon=SMG damage=15.8
[AQ] SHOT fighter=ROBOT weapon=SMG t=40.017
[AQ] HIT source=ROBOT target=VAMPIRE weapon=SMG damage=15.8
[AQ] SHOT fighter=ROBOT weapon=SMG t=40.100
[AQ] HIT source=ROBOT target=VAMPIRE weapon=SMG damage=15.8
[AQ] SHOT fighter=ROBOT weapon=SMG t=40.183
[AQ] HIT source=ROBOT target=VAMPIRE weapon=SMG damage=15.8
[AQ] SHOT fighter=ROBOT weapon=SMG t=40.267
[AQ] HIT source=ROBOT target=VAMPIRE weapon=SMG damage=15.8
[AQ] SHOT fighter=ROBOT weapon=SMG t=40.350
[AQ] HIT source=ROBOT target=VAMPIRE weapon=SMG damage=15.8
[AQ] CONSUME fighter=ROBOT weapon=SMG reason=sequence-complete
[AQ] SPAWN_HEAL id=14 heal=HEAL_H1 restore=70
[AQ] PICKUP id=12 fighter=ROBOT weapon=P90
[AQ] USE fighter=ROBOT weapon=P90
[AQ] SHOT fighter=ROBOT weapon=P90 t=41.317
[AQ] HIT source=ROBOT target=VAMPIRE weapon=P90 damage=13.3
[AQ] SHOT fighter=ROBOT weapon=P90 t=41.367
[AQ] HIT source=ROBOT target=VAMPIRE weapon=P90 damage=13.3
[AQ] SHOT fighter=ROBOT weapon=P90 t=41.433
[AQ] HIT source=ROBOT target=VAMPIRE weapon=P90 damage=13.3
[AQ] SHOT fighter=ROBOT weapon=P90 t=41.500
[AQ] HIT source=ROBOT target=VAMPIRE weapon=P90 damage=13.3
[AQ] SHOT fighter=ROBOT weapon=P90 t=41.567
[AQ] HIT source=ROBOT target=VAMPIRE weapon=P90 damage=13.3
[AQ] SHOT fighter=ROBOT weapon=P90 t=41.633
[AQ] HIT source=ROBOT target=VAMPIRE weapon=P90 damage=13.3
[AQ] SHOT fighter=ROBOT weapon=P90 t=41.700
[AQ] HIT source=ROBOT target=VAMPIRE weapon=P90 damage=13.3
[AQ] SHOT fighter=ROBOT weapon=P90 t=41.767
[AQ] HIT source=ROBOT target=VAMPIRE weapon=P90 damage=13.3
[AQ] SHOT fighter=ROBOT weapon=P90 t=41.833
[AQ] HIT source=ROBOT target=VAMPIRE weapon=P90 damage=13.3
[AQ] SHOT fighter=ROBOT weapon=P90 t=41.900
[AQ] HIT source=ROBOT target=VAMPIRE weapon=P90 damage=13.3
[AQ] CONSUME fighter=ROBOT weapon=P90 reason=sequence-complete
[AQ] SPAWN_SLOT id=15 x=802 y=288 lead=2.00
[AQ] REVEAL id=15 weapon=GLOCK_17 eta=null lead=2.00 fighter=TIMEOUT force=true
[AQ] PICKUP id=15 fighter=VAMPIRE weapon=GLOCK_17
[AQ] SPAWN_SLOT id=16 x=554 y=295 lead=2.00
[AQ] USE fighter=VAMPIRE weapon=GLOCK_17
[AQ] SHOT fighter=VAMPIRE weapon=GLOCK_17 t=46.650
[AQ] SHOT fighter=VAMPIRE weapon=GLOCK_17 t=46.767
[AQ] SHOT fighter=VAMPIRE weapon=GLOCK_17 t=46.883
[AQ] SHOT fighter=VAMPIRE weapon=GLOCK_17 t=47.000
[AQ] HIT source=VAMPIRE target=ROBOT weapon=GLOCK_17 damage=24.5
[AQ] CONSUME fighter=VAMPIRE weapon=GLOCK_17 reason=sequence-complete
[AQ] SPAWN_SLOT id=17 x=536 y=683 lead=2.00
[AQ] HIT source=VAMPIRE target=ROBOT weapon=GLOCK_17 damage=24.5
[AQ] PICKUP_HEAL id=14 fighter=VAMPIRE restore=70
[AQ] REVEAL id=16 weapon=P90 eta=null lead=2.00 fighter=TIMEOUT force=true
[AQ] SPAWN_HEAL id=18 heal=HEAL_H2 restore=126
[AQ] REVEAL id=17 weapon=TEC_9 eta=null lead=2.00 fighter=TIMEOUT force=true
[AQ] PICKUP id=16 fighter=ROBOT weapon=P90
[AQ] USE fighter=ROBOT weapon=P90
[AQ] SHOT fighter=ROBOT weapon=P90 t=50.533
[AQ] SHOT fighter=ROBOT weapon=P90 t=50.583
[AQ] SHOT fighter=ROBOT weapon=P90 t=50.650
[AQ] SHOT fighter=ROBOT weapon=P90 t=50.717
[AQ] SHOT fighter=ROBOT weapon=P90 t=50.783
[AQ] SHOT fighter=ROBOT weapon=P90 t=50.850
[AQ] HIT source=ROBOT target=VAMPIRE weapon=P90 damage=13.3
[AQ] SHOT fighter=ROBOT weapon=P90 t=50.917
[AQ] HIT source=ROBOT target=VAMPIRE weapon=P90 damage=13.3
[AQ] SHOT fighter=ROBOT weapon=P90 t=50.983
[AQ] SHOT fighter=ROBOT weapon=P90 t=51.050
[AQ] SHOT fighter=ROBOT weapon=P90 t=51.117
[AQ] CONSUME fighter=ROBOT weapon=P90 reason=sequence-complete
[AQ] HIT source=ROBOT target=VAMPIRE weapon=P90 damage=13.3
[AQ] HIT source=ROBOT target=VAMPIRE weapon=P90 damage=13.3
[AQ] HIT source=ROBOT target=VAMPIRE weapon=P90 damage=13.3
[AQ] SPAWN_SLOT id=19 x=229 y=152 lead=2.00
[AQ] REVEAL id=19 weapon=GLOCK_17 eta=0.01 lead=2.00 fighter=ROBOT force=false
[AQ] PICKUP id=19 fighter=ROBOT weapon=GLOCK_17
[AQ] USE fighter=ROBOT weapon=GLOCK_17
[AQ] SHOT fighter=ROBOT weapon=GLOCK_17 t=51.967
[AQ] SHOT fighter=ROBOT weapon=GLOCK_17 t=52.083
[AQ] SHOT fighter=ROBOT weapon=GLOCK_17 t=52.200
[AQ] SHOT fighter=ROBOT weapon=GLOCK_17 t=52.317
[AQ] CONSUME fighter=ROBOT weapon=GLOCK_17 reason=sequence-complete
[AQ] HIT source=ROBOT target=VAMPIRE weapon=GLOCK_17 damage=24.5
[AQ] PICKUP_HEAL id=18 fighter=ROBOT restore=126
[AQ] SPAWN_SLOT id=20 x=222 y=326 lead=2.00
[AQ] PICKUP id=17 fighter=ROBOT weapon=TEC_9
[AQ] USE fighter=ROBOT weapon=TEC_9
[AQ] SHOT fighter=ROBOT weapon=TEC_9 t=57.017
[AQ] SHOT fighter=ROBOT weapon=TEC_9 t=57.100
[AQ] SHOT fighter=ROBOT weapon=TEC_9 t=57.183
[AQ] HIT source=ROBOT target=VAMPIRE weapon=TEC_9 damage=21.0
[AQ] SHOT fighter=ROBOT weapon=TEC_9 t=57.283
[AQ] HIT source=ROBOT target=VAMPIRE weapon=TEC_9 damage=21.0
[AQ] SHOT fighter=ROBOT weapon=TEC_9 t=57.367
[AQ] HIT source=ROBOT target=VAMPIRE weapon=TEC_9 damage=21.0
[AQ] CONSUME fighter=ROBOT weapon=TEC_9 reason=sequence-complete
[AQ] SPAWN_SLOT id=21 x=379 y=381 lead=2.00
[AQ] HIT source=ROBOT target=VAMPIRE weapon=TEC_9 damage=21.0
[AQ] SPAWN_HEAL id=22 heal=HEAL_H1 restore=70
[AQ] REVEAL id=20 weapon=SMG eta=null lead=2.00 fighter=TIMEOUT force=true
[AQ] PICKUP_HEAL id=22 fighter=ROBOT restore=70
[AQ] KO winner=ROBOT
[AQ] MODE_ENTER mode=ARSENAL_QUEST
[AQ] SPAWN_SLOT id=1 x=111 y=480 lead=2.00
Not implemented: HTMLMediaElement's pause() method
Not implemented: HTMLMediaElement's pause() method
Not implemented: HTMLMediaElement's pause() method
Not implemented: HTMLMediaElement's pause() method
Not implemented: HTMLMediaElement's pause() method
Not implemented: HTMLMediaElement's pause() method
Not implemented: HTMLMediaElement's pause() method
Not implemented: HTMLMediaElement's pause() method
Not implemented: HTMLMediaElement's pause() method
[AQ] REVEAL id=1 weapon=TEC_9 eta=null lead=2.00 fighter=TIMEOUT force=true
[AQ] SPAWN_SLOT id=2 x=150 y=836 lead=2.00
[AQ] PICKUP id=1 fighter=SAW weapon=TEC_9
[AQ] USE fighter=SAW weapon=TEC_9
[AQ] SHOT fighter=SAW weapon=TEC_9 t=5.150
[AQ] SHOT fighter=SAW weapon=TEC_9 t=5.233
[AQ] HIT source=SAW target=ROBOT weapon=TEC_9 damage=21.0
[AQ] SHOT fighter=SAW weapon=TEC_9 t=5.317
[AQ] HIT source=SAW target=ROBOT weapon=TEC_9 damage=21.0
[AQ] SHOT fighter=SAW weapon=TEC_9 t=5.417
[AQ] HIT source=SAW target=ROBOT weapon=TEC_9 damage=21.0
[AQ] SHOT fighter=SAW weapon=TEC_9 t=5.500
[AQ] HIT source=SAW target=ROBOT weapon=TEC_9 damage=21.0
[AQ] HIT source=SAW target=ROBOT weapon=TEC_9 damage=21.0
[AQ] CONSUME fighter=SAW weapon=TEC_9 reason=sequence-complete
[AQ] SPAWN_SLOT id=3 x=222 y=525 lead=2.00
[AQ] REVEAL id=2 weapon=GLOCK_17 eta=null lead=2.00 fighter=TIMEOUT force=true
[AQ] REVEAL id=3 weapon=P90 eta=null lead=2.00 fighter=TIMEOUT force=true
[AQ] PICKUP id=3 fighter=SAW weapon=P90
[AQ] USE fighter=SAW weapon=P90
[AQ] SHOT fighter=SAW weapon=P90 t=8.983
[AQ] SHOT fighter=SAW weapon=P90 t=9.033
[AQ] HIT source=SAW target=ROBOT weapon=P90 damage=13.3
[AQ] SHOT fighter=SAW weapon=P90 t=9.100
[AQ] HIT source=SAW target=ROBOT weapon=P90 damage=13.3
[AQ] HIT source=SAW target=ROBOT weapon=P90 damage=13.3
[AQ] SHOT fighter=SAW weapon=P90 t=9.167
[AQ] HIT source=SAW target=ROBOT weapon=P90 damage=13.3
[AQ] SHOT fighter=SAW weapon=P90 t=9.233
[AQ] HIT source=SAW target=ROBOT weapon=P90 damage=13.3
[AQ] SHOT fighter=SAW weapon=P90 t=9.300
[AQ] HIT source=SAW target=ROBOT weapon=P90 damage=13.3
[AQ] SPAWN_HEAL id=4 heal=HEAL_H2 restore=126
[AQ] REJECT_HEAL fighter=SAW id=4 reason=full-health
[AQ] SHOT fighter=SAW weapon=P90 t=9.367
[AQ] HIT source=SAW target=ROBOT weapon=P90 damage=13.3
[AQ] SHOT fighter=SAW weapon=P90 t=9.433
[AQ] SHOT fighter=SAW weapon=P90 t=9.500
[AQ] HIT source=SAW target=ROBOT weapon=P90 damage=13.3
[AQ] SHOT fighter=SAW weapon=P90 t=9.567
[AQ] HIT source=SAW target=ROBOT weapon=P90 damage=13.3
[AQ] CONSUME fighter=SAW weapon=P90 reason=sequence-complete
[AQ] HIT source=SAW target=ROBOT weapon=P90 damage=13.3
[AQ] PICKUP id=2 fighter=ROBOT weapon=GLOCK_17
[AQ] SPAWN_SLOT id=5 x=734 y=428 lead=2.00
[AQ] USE fighter=ROBOT weapon=GLOCK_17
[AQ] SHOT fighter=ROBOT weapon=GLOCK_17 t=10.217
[AQ] SHOT fighter=ROBOT weapon=GLOCK_17 t=10.333
[AQ] SHOT fighter=ROBOT weapon=GLOCK_17 t=10.450
[AQ] SHOT fighter=ROBOT weapon=GLOCK_17 t=10.567
[AQ] HIT source=ROBOT target=SAW weapon=GLOCK_17 damage=24.5
[AQ] PICKUP_HEAL id=4 fighter=SAW restore=24.00999999999999
[AQ] HIT source=ROBOT target=SAW weapon=GLOCK_17 damage=24.5
[AQ] CONSUME fighter=ROBOT weapon=GLOCK_17 reason=sequence-complete
[AQ] SPAWN_SLOT id=6 x=117 y=290 lead=2.00
[AQ] REVEAL id=5 weapon=TEC_9 eta=null lead=2.00 fighter=TIMEOUT force=true
[AQ] PICKUP id=5 fighter=ROBOT weapon=TEC_9
[AQ] USE fighter=ROBOT weapon=TEC_9
[AQ] SHOT fighter=ROBOT weapon=TEC_9 t=13.450
[AQ] SHOT fighter=ROBOT weapon=TEC_9 t=13.533
[AQ] HIT source=ROBOT target=SAW weapon=TEC_9 damage=21.0
[AQ] SHOT fighter=ROBOT weapon=TEC_9 t=13.617
[AQ] HIT source=ROBOT target=SAW weapon=TEC_9 damage=21.0
[AQ] REVEAL id=6 weapon=GLOCK_17 eta=null lead=2.00 fighter=TIMEOUT force=true
[AQ] SHOT fighter=ROBOT weapon=TEC_9 t=13.717
[AQ] HIT source=ROBOT target=SAW weapon=TEC_9 damage=21.0
[AQ] SHOT fighter=ROBOT weapon=TEC_9 t=13.800
[AQ] HIT source=ROBOT target=SAW weapon=TEC_9 damage=21.0
[AQ] CONSUME fighter=ROBOT weapon=TEC_9 reason=sequence-complete
[AQ] HIT source=ROBOT target=SAW weapon=TEC_9 damage=21.0
[AQ] SPAWN_SLOT id=7 x=617 y=814 lead=2.00
[AQ] PICKUP id=6 fighter=ROBOT weapon=GLOCK_17
[AQ] USE fighter=ROBOT weapon=GLOCK_17
[AQ] SHOT fighter=ROBOT weapon=GLOCK_17 t=15.850
[AQ] SHOT fighter=ROBOT weapon=GLOCK_17 t=15.967
[AQ] HIT source=ROBOT target=SAW weapon=GLOCK_17 damage=24.5
[AQ] SHOT fighter=ROBOT weapon=GLOCK_17 t=16.083
[AQ] HIT source=ROBOT target=SAW weapon=GLOCK_17 damage=24.5
[AQ] SHOT fighter=ROBOT weapon=GLOCK_17 t=16.200
[AQ] HIT source=ROBOT target=SAW weapon=GLOCK_17 damage=24.5
[AQ] CONSUME fighter=ROBOT weapon=GLOCK_17 reason=sequence-complete
[AQ] HIT source=ROBOT target=SAW weapon=GLOCK_17 damage=24.5
[AQ] SPAWN_SLOT id=8 x=615 y=408 lead=2.00
[AQ] REVEAL id=7 weapon=P90 eta=0.56 lead=2.00 fighter=SAW force=false
[AQ] PICKUP id=7 fighter=SAW weapon=P90
[AQ] SPAWN_HEAL id=9 heal=HEAL_H2 restore=126
[AQ] USE fighter=SAW weapon=P90
[AQ] SHOT fighter=SAW weapon=P90 t=18.667
[AQ] HIT source=SAW target=ROBOT weapon=P90 damage=13.3
[AQ] SHOT fighter=SAW weapon=P90 t=18.717
[AQ] HIT source=SAW target=ROBOT weapon=P90 damage=13.3
[AQ] SHOT fighter=SAW weapon=P90 t=18.783
[AQ] HIT source=SAW target=ROBOT weapon=P90 damage=13.3
[AQ] SHOT fighter=SAW weapon=P90 t=18.850
[AQ] HIT source=SAW target=ROBOT weapon=P90 damage=13.3
[AQ] SHOT fighter=SAW weapon=P90 t=18.917
[AQ] HIT source=SAW target=ROBOT weapon=P90 damage=13.3
[AQ] SHOT fighter=SAW weapon=P90 t=18.983
[AQ] HIT source=SAW target=ROBOT weapon=P90 damage=13.3
[AQ] SHOT fighter=SAW weapon=P90 t=19.050
[AQ] HIT source=SAW target=ROBOT weapon=P90 damage=13.3
[AQ] SHOT fighter=SAW weapon=P90 t=19.117
[AQ] HIT source=SAW target=ROBOT weapon=P90 damage=13.3
[AQ] SHOT fighter=SAW weapon=P90 t=19.183
[AQ] HIT source=SAW target=ROBOT weapon=P90 damage=13.3
[AQ] SHOT fighter=SAW weapon=P90 t=19.250
[AQ] HIT source=SAW target=ROBOT weapon=P90 damage=13.3
[AQ] CONSUME fighter=SAW weapon=P90 reason=sequence-complete
[AQ] SPAWN_SLOT id=10 x=536 y=97 lead=2.00
[AQ] REVEAL id=8 weapon=TEC_9 eta=null lead=2.00 fighter=TIMEOUT force=true
[AQ] PICKUP_HEAL id=9 fighter=ROBOT restore=126
[AQ] PICKUP id=8 fighter=SAW weapon=TEC_9
[AQ] USE fighter=SAW weapon=TEC_9
[AQ] SHOT fighter=SAW weapon=TEC_9 t=20.350
[AQ] SHOT fighter=SAW weapon=TEC_9 t=20.433
[AQ] SHOT fighter=SAW weapon=TEC_9 t=20.517
[AQ] SHOT fighter=SAW weapon=TEC_9 t=20.617
[AQ] SHOT fighter=SAW weapon=TEC_9 t=20.700
[AQ] CONSUME fighter=SAW weapon=TEC_9 reason=sequence-complete
[AQ] SPAWN_SLOT id=11 x=453 y=474 lead=2.00
[AQ] REVEAL id=10 weapon=GLOCK_17 eta=null lead=2.00 fighter=TIMEOUT force=true
[AQ] REVEAL id=11 weapon=P90 eta=null lead=2.00 fighter=TIMEOUT force=true
[AQ] SPAWN_SLOT id=12 x=268 y=98 lead=2.00
[AQ] PICKUP id=11 fighter=ROBOT weapon=P90
[AQ] USE fighter=ROBOT weapon=P90
[AQ] SHOT fighter=ROBOT weapon=P90 t=26.617
[AQ] HIT source=ROBOT target=SAW weapon=P90 damage=13.3
[AQ] SHOT fighter=ROBOT weapon=P90 t=26.667
[AQ] HIT source=ROBOT target=SAW weapon=P90 damage=13.3
[AQ] SHOT fighter=ROBOT weapon=P90 t=26.733
[AQ] HIT source=ROBOT target=SAW weapon=P90 damage=13.3
[AQ] SHOT fighter=ROBOT weapon=P90 t=26.800
[AQ] SHOT fighter=ROBOT weapon=P90 t=26.867
[AQ] HIT source=ROBOT target=SAW weapon=P90 damage=13.3
[AQ] SHOT fighter=ROBOT weapon=P90 t=26.933
[AQ] HIT source=ROBOT target=SAW weapon=P90 damage=13.3
[AQ] SHOT fighter=ROBOT weapon=P90 t=27.000
[AQ] HIT source=ROBOT target=SAW weapon=P90 damage=13.3
[AQ] SHOT fighter=ROBOT weapon=P90 t=27.067
[AQ] SHOT fighter=ROBOT weapon=P90 t=27.133
[AQ] HIT source=ROBOT target=SAW weapon=P90 damage=13.3
[AQ] SHOT fighter=ROBOT weapon=P90 t=27.200
[AQ] HIT source=ROBOT target=SAW weapon=P90 damage=13.3
[AQ] CONSUME fighter=ROBOT weapon=P90 reason=sequence-complete
[AQ] SPAWN_HEAL id=13 heal=HEAL_H2 restore=126
[AQ] HIT source=ROBOT target=SAW weapon=P90 damage=13.3
[AQ] PICKUP_HEAL id=13 fighter=SAW restore=126
[AQ] REVEAL id=12 weapon=TEC_9 eta=null lead=2.00 fighter=TIMEOUT force=true
[AQ] PICKUP id=10 fighter=ROBOT weapon=GLOCK_17
[AQ] USE fighter=ROBOT weapon=GLOCK_17
[AQ] SHOT fighter=ROBOT weapon=GLOCK_17 t=29.650
[AQ] SHOT fighter=ROBOT weapon=GLOCK_17 t=29.767
[AQ] SPAWN_SLOT id=14 x=877 y=840 lead=2.00
[AQ] SHOT fighter=ROBOT weapon=GLOCK_17 t=29.883
[AQ] HIT source=ROBOT target=SAW weapon=GLOCK_17 damage=24.5
[AQ] SHOT fighter=ROBOT weapon=GLOCK_17 t=30.000
[AQ] CONSUME fighter=ROBOT weapon=GLOCK_17 reason=sequence-complete
[AQ] REVEAL id=14 weapon=GLOCK_17 eta=null lead=2.00 fighter=TIMEOUT force=true
[AQ] PICKUP id=12 fighter=ROBOT weapon=TEC_9
[AQ] USE fighter=ROBOT weapon=TEC_9
[AQ] SHOT fighter=ROBOT weapon=TEC_9 t=33.967
[AQ] HIT source=ROBOT target=SAW weapon=TEC_9 damage=21.0
[AQ] SHOT fighter=ROBOT weapon=TEC_9 t=34.050
[AQ] HIT source=ROBOT target=SAW weapon=TEC_9 damage=21.0
[AQ] SHOT fighter=ROBOT weapon=TEC_9 t=34.133
[AQ] HIT source=ROBOT target=SAW weapon=TEC_9 damage=21.0
[AQ] SHOT fighter=ROBOT weapon=TEC_9 t=34.233
[AQ] HIT source=ROBOT target=SAW weapon=TEC_9 damage=21.0
[AQ] SPAWN_SLOT id=15 x=680 y=614 lead=2.00
[AQ] SHOT fighter=ROBOT weapon=TEC_9 t=34.317
[AQ] HIT source=ROBOT target=SAW weapon=TEC_9 damage=21.0
[AQ] CONSUME fighter=ROBOT weapon=TEC_9 reason=sequence-complete
[AQ] REVEAL id=15 weapon=P90 eta=0.72 lead=2.00 fighter=ROBOT force=false
[AQ] PICKUP id=15 fighter=ROBOT weapon=P90
[AQ] USE fighter=ROBOT weapon=P90
[AQ] SHOT fighter=ROBOT weapon=P90 t=35.300
[AQ] HIT source=ROBOT target=SAW weapon=P90 damage=13.3
[AQ] SHOT fighter=ROBOT weapon=P90 t=35.350
[AQ] HIT source=ROBOT target=SAW weapon=P90 damage=13.3
[AQ] SHOT fighter=ROBOT weapon=P90 t=35.417
[AQ] HIT source=ROBOT target=SAW weapon=P90 damage=13.3
[AQ] SHOT fighter=ROBOT weapon=P90 t=35.483
[AQ] HIT source=ROBOT target=SAW weapon=P90 damage=13.3
[AQ] SHOT fighter=ROBOT weapon=P90 t=35.550
[AQ] HIT source=ROBOT target=SAW weapon=P90 damage=13.3
[AQ] SHOT fighter=ROBOT weapon=P90 t=35.617
[AQ] HIT source=ROBOT target=SAW weapon=P90 damage=13.3
[AQ] SHOT fighter=ROBOT weapon=P90 t=35.683
[AQ] HIT source=ROBOT target=SAW weapon=P90 damage=13.3
[AQ] SHOT fighter=ROBOT weapon=P90 t=35.750
[AQ] HIT source=ROBOT target=SAW weapon=P90 damage=13.3
[AQ] SHOT fighter=ROBOT weapon=P90 t=35.817
[AQ] SHOT fighter=ROBOT weapon=P90 t=35.883
[AQ] HIT source=ROBOT target=SAW weapon=P90 damage=13.3
[AQ] CONSUME fighter=ROBOT weapon=P90 reason=sequence-complete
[AQ] HIT source=ROBOT target=SAW weapon=P90 damage=13.3
[AQ] SPAWN_HEAL id=16 heal=HEAL_H2 restore=126
[AQ] PICKUP_HEAL id=16 fighter=SAW restore=126
[AQ] SPAWN_SLOT id=17 x=579 y=243 lead=2.00
[AQ] REVEAL id=17 weapon=TEC_9 eta=0.62 lead=2.00 fighter=ROBOT force=false
[AQ] PICKUP id=17 fighter=ROBOT weapon=TEC_9
[AQ] USE fighter=ROBOT weapon=TEC_9
[AQ] SHOT fighter=ROBOT weapon=TEC_9 t=42.017
[AQ] HIT source=ROBOT target=SAW weapon=TEC_9 damage=21.0
[AQ] SHOT fighter=ROBOT weapon=TEC_9 t=42.100
[AQ] HIT source=ROBOT target=SAW weapon=TEC_9 damage=21.0
[AQ] SHOT fighter=ROBOT weapon=TEC_9 t=42.183
[AQ] HIT source=ROBOT target=SAW weapon=TEC_9 damage=21.0
[AQ] SHOT fighter=ROBOT weapon=TEC_9 t=42.283
[AQ] HIT source=ROBOT target=SAW weapon=TEC_9 damage=21.0
[AQ] SHOT fighter=ROBOT weapon=TEC_9 t=42.367
[AQ] HIT source=ROBOT target=SAW weapon=TEC_9 damage=21.0
[AQ] CONSUME fighter=ROBOT weapon=TEC_9 reason=sequence-complete
[AQ] PICKUP id=14 fighter=SAW weapon=GLOCK_17
[AQ] SPAWN_SLOT id=18 x=293 y=575 lead=2.00
[AQ] USE fighter=SAW weapon=GLOCK_17
[AQ] SHOT fighter=SAW weapon=GLOCK_17 t=43.450
[AQ] SHOT fighter=SAW weapon=GLOCK_17 t=43.567
[AQ] SHOT fighter=SAW weapon=GLOCK_17 t=43.683
[AQ] SHOT fighter=SAW weapon=GLOCK_17 t=43.800
[AQ] CONSUME fighter=SAW weapon=GLOCK_17 reason=sequence-complete
[AQ] SPAWN_SLOT id=19 x=122 y=509 lead=2.00
[AQ] REVEAL id=19 weapon=GLOCK_17 eta=0.45 lead=2.00 fighter=SAW force=false
[AQ] PICKUP id=19 fighter=SAW weapon=GLOCK_17
[AQ] USE fighter=SAW weapon=GLOCK_17
[AQ] SHOT fighter=SAW weapon=GLOCK_17 t=45.233
[AQ] HIT source=SAW target=ROBOT weapon=GLOCK_17 damage=24.5
[AQ] SHOT fighter=SAW weapon=GLOCK_17 t=45.350
[AQ] SPAWN_HEAL id=20 heal=HEAL_H1 restore=70
[AQ] PICKUP_HEAL id=20 fighter=SAW restore=70
[AQ] HIT source=SAW target=ROBOT weapon=GLOCK_17 damage=24.5
[AQ] SHOT fighter=SAW weapon=GLOCK_17 t=45.467
[AQ] HIT source=SAW target=ROBOT weapon=GLOCK_17 damage=24.5
[AQ] SHOT fighter=SAW weapon=GLOCK_17 t=45.583
[AQ] HIT source=SAW target=ROBOT weapon=GLOCK_17 damage=24.5
[AQ] CONSUME fighter=SAW weapon=GLOCK_17 reason=sequence-complete
[AQ] SPAWN_SLOT id=21 x=389 y=249 lead=2.00
[AQ] REVEAL id=18 weapon=SMG eta=null lead=2.00 fighter=TIMEOUT force=true
[AQ] PICKUP id=18 fighter=ROBOT weapon=SMG
[AQ] USE fighter=ROBOT weapon=SMG
[AQ] SHOT fighter=ROBOT weapon=SMG t=48.533
[AQ] SHOT fighter=ROBOT weapon=SMG t=48.617
[AQ] COUNTER_RESERVED id=21 for=SAW shield=SWIRL_SHIELD vs=SMG
[AQ] SHOT fighter=ROBOT weapon=SMG t=48.700
[AQ] HIT source=ROBOT target=SAW weapon=SMG damage=15.8
[AQ] USE fighter=SAW weapon=SWIRL_SHIELD
[AQ] PICKUP id=21 fighter=SAW weapon=SWIRL_SHIELD
[AQ] SHOT fighter=ROBOT weapon=SMG t=48.783
[AQ] REFLECT fighter=SAW weapon=SWIRL_SHIELD projectileFrom=ROBOT
[AQ] SHOT fighter=ROBOT weapon=SMG t=48.867
[AQ] HIT source=SAW target=ROBOT weapon=SMG damage=15.8
[AQ] REFLECT fighter=SAW weapon=SWIRL_SHIELD projectileFrom=ROBOT
[AQ] HIT source=SAW target=ROBOT weapon=SMG damage=15.8
[AQ] SHOT fighter=ROBOT weapon=SMG t=48.950
[AQ] REFLECT fighter=SAW weapon=SWIRL_SHIELD projectileFrom=ROBOT
[AQ] HIT source=SAW target=ROBOT weapon=SMG damage=15.8
[AQ] REFLECT fighter=SAW weapon=SWIRL_SHIELD projectileFrom=ROBOT
[AQ] SHOT fighter=ROBOT weapon=SMG t=49.033
[AQ] HIT source=SAW target=ROBOT weapon=SMG damage=15.8
[AQ] REFLECT fighter=SAW weapon=SWIRL_SHIELD projectileFrom=ROBOT
[AQ] HIT source=SAW target=ROBOT weapon=SMG damage=15.8
[AQ] SHOT fighter=ROBOT weapon=SMG t=49.117
[AQ] REFLECT fighter=SAW weapon=SWIRL_SHIELD projectileFrom=ROBOT
[AQ] HIT source=SAW target=ROBOT weapon=SMG damage=15.8
[AQ] CONSUME fighter=ROBOT weapon=SMG reason=sequence-complete
[AQ] CONSUME fighter=SAW weapon=SWIRL_SHIELD reason=expired
[AQ] SPAWN_SLOT id=22 x=263 y=146 lead=2.00
[AQ] REVEAL id=22 weapon=TEC_9 eta=0.38 lead=2.00 fighter=ROBOT force=false
[AQ] PICKUP id=22 fighter=ROBOT weapon=TEC_9
[AQ] USE fighter=ROBOT weapon=TEC_9
[AQ] SHOT fighter=ROBOT weapon=TEC_9 t=50.050
[AQ] SHOT fighter=ROBOT weapon=TEC_9 t=50.133
[AQ] SHOT fighter=ROBOT weapon=TEC_9 t=50.217
[AQ] HIT source=ROBOT target=SAW weapon=TEC_9 damage=21.0
[AQ] SHOT fighter=ROBOT weapon=TEC_9 t=50.317
[AQ] HIT source=ROBOT target=SAW weapon=TEC_9 damage=21.0
[AQ] SHOT fighter=ROBOT weapon=TEC_9 t=50.400
[AQ] HIT source=ROBOT target=SAW weapon=TEC_9 damage=21.0
[AQ] CONSUME fighter=ROBOT weapon=TEC_9 reason=sequence-complete
[AQ] SPAWN_SLOT id=23 x=412 y=620 lead=2.00
[AQ] HIT source=ROBOT target=SAW weapon=TEC_9 damage=21.0
[AQ] HIT source=ROBOT target=SAW weapon=TEC_9 damage=21.0
[AQ] REVEAL id=23 weapon=GLOCK_17 eta=0.73 lead=2.00 fighter=ROBOT force=false
[AQ] PICKUP id=23 fighter=ROBOT weapon=GLOCK_17
[AQ] USE fighter=ROBOT weapon=GLOCK_17
[AQ] SHOT fighter=ROBOT weapon=GLOCK_17 t=54.333
[AQ] SPAWN_HEAL id=24 heal=HEAL_H1 restore=70
[AQ] HIT source=ROBOT target=SAW weapon=GLOCK_17 damage=24.5
[AQ] SHOT fighter=ROBOT weapon=GLOCK_17 t=54.450
[AQ] HIT source=ROBOT target=SAW weapon=GLOCK_17 damage=24.5
[AQ] SHOT fighter=ROBOT weapon=GLOCK_17 t=54.567
[AQ] HIT source=ROBOT target=SAW weapon=GLOCK_17 damage=24.5
[AQ] SHOT fighter=ROBOT weapon=GLOCK_17 t=54.683
[AQ] HIT source=ROBOT target=SAW weapon=GLOCK_17 damage=24.5
[AQ] CONSUME fighter=ROBOT weapon=GLOCK_17 reason=sequence-complete
[AQ] SPAWN_SLOT id=25 x=448 y=349 lead=2.00
[AQ] PICKUP_HEAL id=24 fighter=ROBOT restore=70
[AQ] REVEAL id=25 weapon=SMG eta=null lead=2.00 fighter=TIMEOUT force=true
[AQ] SPAWN_SLOT id=26 x=110 y=596 lead=2.00
[AQ] KO winner=ROBOT
[AQ] MODE_ENTER mode=ARSENAL_QUEST
[AQ] SPAWN_SLOT id=1 x=408 y=719 lead=2.00
Not implemented: HTMLMediaElement's pause() method
Not implemented: HTMLMediaElement's pause() method
Not implemented: HTMLMediaElement's pause() method
Not implemented: HTMLMediaElement's pause() method
Not implemented: HTMLMediaElement's pause() method
Not implemented: HTMLMediaElement's pause() method
Not implemented: HTMLMediaElement's pause() method
Not implemented: HTMLMediaElement's pause() method
Not implemented: HTMLMediaElement's pause() method
[AQ] REVEAL id=1 weapon=TEC_9 eta=0.25 lead=2.00 fighter=HUNTER force=false
[AQ] PICKUP id=1 fighter=HUNTER weapon=TEC_9
[AQ] USE fighter=HUNTER weapon=TEC_9
[AQ] SHOT fighter=HUNTER weapon=TEC_9 t=1.633
[AQ] SHOT fighter=HUNTER weapon=TEC_9 t=1.717
[AQ] SHOT fighter=HUNTER weapon=TEC_9 t=1.800
[AQ] HIT source=HUNTER target=ROBOT weapon=TEC_9 damage=21.0
[AQ] SHOT fighter=HUNTER weapon=TEC_9 t=1.900
[AQ] SHOT fighter=HUNTER weapon=TEC_9 t=1.983
[AQ] HIT source=HUNTER target=ROBOT weapon=TEC_9 damage=21.0
[AQ] HIT source=HUNTER target=ROBOT weapon=TEC_9 damage=21.0
[AQ] CONSUME fighter=HUNTER weapon=TEC_9 reason=sequence-complete
[AQ] SPAWN_SLOT id=2 x=167 y=574 lead=2.00
[AQ] REVEAL id=2 weapon=GLOCK_17 eta=1.26 lead=2.00 fighter=ROBOT force=false
[AQ] HIT source=HUNTER target=ROBOT weapon=TEC_9 damage=21.0
[AQ] SPAWN_SLOT id=3 x=489 y=750 lead=2.00
[AQ] REVEAL id=3 weapon=P90 eta=null lead=2.00 fighter=TIMEOUT force=true
[AQ] PICKUP id=2 fighter=HUNTER weapon=GLOCK_17
[AQ] PICKUP id=3 fighter=ROBOT weapon=P90
[AQ] USE fighter=HUNTER weapon=GLOCK_17
[AQ] SHOT fighter=HUNTER weapon=GLOCK_17 t=10.250
[AQ] SHOT fighter=HUNTER weapon=GLOCK_17 t=10.367
[AQ] HIT source=HUNTER target=ROBOT weapon=GLOCK_17 damage=24.5
[AQ] HIT source=HUNTER target=ROBOT weapon=GLOCK_17 damage=24.5
[AQ] SHOT fighter=HUNTER weapon=GLOCK_17 t=10.483
[AQ] USE fighter=ROBOT weapon=P90
[AQ] SHOT fighter=ROBOT weapon=P90 t=10.517
[AQ] HIT source=HUNTER target=ROBOT weapon=GLOCK_17 damage=24.5
[AQ] SHOT fighter=ROBOT weapon=P90 t=10.567
[AQ] SHOT fighter=HUNTER weapon=GLOCK_17 t=10.600
[AQ] HIT source=ROBOT target=HUNTER weapon=P90 damage=13.3
[AQ] SHOT fighter=ROBOT weapon=P90 t=10.633
[AQ] HIT source=HUNTER target=ROBOT weapon=GLOCK_17 damage=24.5
[AQ] HIT source=ROBOT target=HUNTER weapon=P90 damage=13.3
[AQ] SHOT fighter=ROBOT weapon=P90 t=10.700
[AQ] CONSUME fighter=HUNTER weapon=GLOCK_17 reason=sequence-complete
[AQ] SHOT fighter=ROBOT weapon=P90 t=10.767
[AQ] HIT source=ROBOT target=HUNTER weapon=P90 damage=13.3
[AQ] SHOT fighter=ROBOT weapon=P90 t=10.833
[AQ] HIT source=ROBOT target=HUNTER weapon=P90 damage=13.3
[AQ] SHOT fighter=ROBOT weapon=P90 t=10.900
[AQ] SHOT fighter=ROBOT weapon=P90 t=10.967
[AQ] SHOT fighter=ROBOT weapon=P90 t=11.033
[AQ] SPAWN_SLOT id=4 x=901 y=781 lead=2.00
[AQ] SHOT fighter=ROBOT weapon=P90 t=11.100
[AQ] CONSUME fighter=ROBOT weapon=P90 reason=sequence-complete
[AQ] SPAWN_SLOT id=5 x=533 y=363 lead=2.00
[AQ] REVEAL id=4 weapon=SMG eta=1.83 lead=2.00 fighter=HUNTER force=false
[AQ] REVEAL id=5 weapon=TEC_9 eta=0.73 lead=2.00 fighter=HUNTER force=false
[AQ] PICKUP id=5 fighter=HUNTER weapon=TEC_9
[AQ] USE fighter=HUNTER weapon=TEC_9
[AQ] SHOT fighter=HUNTER weapon=TEC_9 t=12.817
[AQ] HIT source=HUNTER target=ROBOT weapon=TEC_9 damage=21.0
[AQ] SPAWN_HEAL id=6 heal=HEAL_H1 restore=70
[AQ] SHOT fighter=HUNTER weapon=TEC_9 t=12.900
[AQ] HIT source=HUNTER target=ROBOT weapon=TEC_9 damage=21.0
[AQ] SHOT fighter=HUNTER weapon=TEC_9 t=12.983
[AQ] SHOT fighter=HUNTER weapon=TEC_9 t=13.083
[AQ] SHOT fighter=HUNTER weapon=TEC_9 t=13.167
[AQ] CONSUME fighter=HUNTER weapon=TEC_9 reason=sequence-complete
[AQ] HIT source=HUNTER target=ROBOT weapon=TEC_9 damage=21.0
[AQ] PICKUP_HEAL id=6 fighter=HUNTER restore=51.072000000000116
[AQ] SPAWN_SLOT id=7 x=161 y=812 lead=2.00
[AQ] PICKUP id=4 fighter=ROBOT weapon=SMG
[AQ] USE fighter=ROBOT weapon=SMG
[AQ] SHOT fighter=ROBOT weapon=SMG t=18.500
[AQ] SHOT fighter=ROBOT weapon=SMG t=18.583
[AQ] HIT source=ROBOT target=HUNTER weapon=SMG damage=15.8
[AQ] SHOT fighter=ROBOT weapon=SMG t=18.667
[AQ] REVEAL id=7 weapon=P90 eta=null lead=2.00 fighter=TIMEOUT force=true
[AQ] HIT source=ROBOT target=HUNTER weapon=SMG damage=15.8
[AQ] SHOT fighter=ROBOT weapon=SMG t=18.750
[AQ] HIT source=ROBOT target=HUNTER weapon=SMG damage=15.8
[AQ] SHOT fighter=ROBOT weapon=SMG t=18.833
[AQ] HIT source=ROBOT target=HUNTER weapon=SMG damage=15.8
[AQ] SHOT fighter=ROBOT weapon=SMG t=18.917
[AQ] HIT source=ROBOT target=HUNTER weapon=SMG damage=15.8
[AQ] HIT source=ROBOT target=HUNTER weapon=SMG damage=15.8
[AQ] SHOT fighter=ROBOT weapon=SMG t=19.000
[AQ] HIT source=ROBOT target=HUNTER weapon=SMG damage=15.8
[AQ] SHOT fighter=ROBOT weapon=SMG t=19.083
[AQ] HIT source=ROBOT target=HUNTER weapon=SMG damage=15.8
[AQ] CONSUME fighter=ROBOT weapon=SMG reason=sequence-complete
[AQ] SPAWN_SLOT id=8 x=239 y=464 lead=2.00
[AQ] REVEAL id=8 weapon=SMG eta=1.17 lead=2.00 fighter=HUNTER force=false
[AQ] PICKUP id=8 fighter=HUNTER weapon=SMG
[AQ] USE fighter=HUNTER weapon=SMG
[AQ] SHOT fighter=HUNTER weapon=SMG t=21.483
[AQ] SHOT fighter=HUNTER weapon=SMG t=21.567
[AQ] HIT source=HUNTER target=ROBOT weapon=SMG damage=15.8
[AQ] SHOT fighter=HUNTER weapon=SMG t=21.650
[AQ] HIT source=HUNTER target=ROBOT weapon=SMG damage=15.8
[AQ] SHOT fighter=HUNTER weapon=SMG t=21.733
[AQ] HIT source=HUNTER target=ROBOT weapon=SMG damage=15.8
[AQ] SHOT fighter=HUNTER weapon=SMG t=21.817
[AQ] HIT source=HUNTER target=ROBOT weapon=SMG damage=15.8
[AQ] SPAWN_HEAL id=9 heal=HEAL_H1 restore=70
[AQ] SHOT fighter=HUNTER weapon=SMG t=21.900
[AQ] HIT source=HUNTER target=ROBOT weapon=SMG damage=15.8
[AQ] HIT source=HUNTER target=ROBOT weapon=SMG damage=15.8
[AQ] SHOT fighter=HUNTER weapon=SMG t=21.983
[AQ] HIT source=HUNTER target=ROBOT weapon=SMG damage=15.8
[AQ] SHOT fighter=HUNTER weapon=SMG t=22.067
[AQ] HIT source=HUNTER target=ROBOT weapon=SMG damage=15.8
[AQ] CONSUME fighter=HUNTER weapon=SMG reason=sequence-complete
[AQ] PICKUP_HEAL id=9 fighter=ROBOT restore=70
[AQ] SPAWN_SLOT id=10 x=406 y=635 lead=2.00
[AQ] PICKUP id=7 fighter=ROBOT weapon=P90
[AQ] USE fighter=ROBOT weapon=P90
[AQ] SHOT fighter=ROBOT weapon=P90 t=25.567
[AQ] SHOT fighter=ROBOT weapon=P90 t=25.617
[AQ] SHOT fighter=ROBOT weapon=P90 t=25.683
[AQ] HIT source=ROBOT target=HUNTER weapon=P90 damage=13.3
[AQ] HIT source=ROBOT target=HUNTER weapon=P90 damage=13.3
[AQ] SHOT fighter=ROBOT weapon=P90 t=25.750
[AQ] HIT source=ROBOT target=HUNTER weapon=P90 damage=13.3
[AQ] SHOT fighter=ROBOT weapon=P90 t=25.817
[AQ] HIT source=ROBOT target=HUNTER weapon=P90 damage=13.3
[AQ] HIT source=ROBOT target=HUNTER weapon=P90 damage=13.3
[AQ] SHOT fighter=ROBOT weapon=P90 t=25.883
[AQ] HIT source=ROBOT target=HUNTER weapon=P90 damage=13.3
[AQ] SHOT fighter=ROBOT weapon=P90 t=25.950
[AQ] HIT source=ROBOT target=HUNTER weapon=P90 damage=13.3
[AQ] SHOT fighter=ROBOT weapon=P90 t=26.017
[AQ] HIT source=ROBOT target=HUNTER weapon=P90 damage=13.3
[AQ] SHOT fighter=ROBOT weapon=P90 t=26.083
[AQ] HIT source=ROBOT target=HUNTER weapon=P90 damage=13.3
[AQ] SHOT fighter=ROBOT weapon=P90 t=26.150
[AQ] CONSUME fighter=ROBOT weapon=P90 reason=sequence-complete
[AQ] HIT source=ROBOT target=HUNTER weapon=P90 damage=13.3
[AQ] SPAWN_SLOT id=11 x=803 y=720 lead=2.00
[AQ] REVEAL id=10 weapon=GLOCK_17 eta=null lead=2.00 fighter=TIMEOUT force=true
[AQ] PICKUP id=10 fighter=HUNTER weapon=GLOCK_17
[AQ] USE fighter=HUNTER weapon=GLOCK_17
[AQ] SHOT fighter=HUNTER weapon=GLOCK_17 t=28.033
[AQ] HIT source=HUNTER target=ROBOT weapon=GLOCK_17 damage=24.5
[AQ] SHOT fighter=HUNTER weapon=GLOCK_17 t=28.150
[AQ] HIT source=HUNTER target=ROBOT weapon=GLOCK_17 damage=24.5
[AQ] SHOT fighter=HUNTER weapon=GLOCK_17 t=28.267
[AQ] HIT source=HUNTER target=ROBOT weapon=GLOCK_17 damage=24.5
[AQ] SHOT fighter=HUNTER weapon=GLOCK_17 t=28.383
[AQ] HIT source=HUNTER target=ROBOT weapon=GLOCK_17 damage=24.5
[AQ] CONSUME fighter=HUNTER weapon=GLOCK_17 reason=sequence-complete
[AQ] SPAWN_SLOT id=12 x=175 y=596 lead=2.00
[AQ] REVEAL id=11 weapon=P90 eta=null lead=2.00 fighter=TIMEOUT force=true
[AQ] REVEAL id=12 weapon=SMG eta=1.58 lead=2.00 fighter=HUNTER force=false
[AQ] PICKUP id=12 fighter=HUNTER weapon=SMG
[AQ] SPAWN_HEAL id=13 heal=HEAL_H1 restore=70
[AQ] USE fighter=HUNTER weapon=SMG
[AQ] SHOT fighter=HUNTER weapon=SMG t=31.117
[AQ] HIT source=HUNTER target=ROBOT weapon=SMG damage=15.8
[AQ] SHOT fighter=HUNTER weapon=SMG t=31.200
[AQ] HIT source=HUNTER target=ROBOT weapon=SMG damage=15.8
[AQ] SHOT fighter=HUNTER weapon=SMG t=31.283
[AQ] SHOT fighter=HUNTER weapon=SMG t=31.367
[AQ] HIT source=HUNTER target=ROBOT weapon=SMG damage=15.8
[AQ] SHOT fighter=HUNTER weapon=SMG t=31.450
[AQ] HIT source=HUNTER target=ROBOT weapon=SMG damage=15.8
[AQ] SHOT fighter=HUNTER weapon=SMG t=31.533
[AQ] HIT source=HUNTER target=ROBOT weapon=SMG damage=15.8
[AQ] SHOT fighter=HUNTER weapon=SMG t=31.617
[AQ] SHOT fighter=HUNTER weapon=SMG t=31.700
[AQ] HIT source=HUNTER target=ROBOT weapon=SMG damage=15.8
[AQ] CONSUME fighter=HUNTER weapon=SMG reason=sequence-complete
[AQ] HIT source=HUNTER target=ROBOT weapon=SMG damage=15.8
[AQ] PICKUP id=11 fighter=HUNTER weapon=P90
[AQ] SPAWN_SLOT id=14 x=599 y=152 lead=2.00
[AQ] USE fighter=HUNTER weapon=P90
[AQ] SHOT fighter=HUNTER weapon=P90 t=33.017
[AQ] SHOT fighter=HUNTER weapon=P90 t=33.067
[AQ] HIT source=HUNTER target=ROBOT weapon=P90 damage=13.3
[AQ] SHOT fighter=HUNTER weapon=P90 t=33.133
[AQ] HIT source=HUNTER target=ROBOT weapon=P90 damage=13.3
[AQ] SHOT fighter=HUNTER weapon=P90 t=33.200
[AQ] SHOT fighter=HUNTER weapon=P90 t=33.267
[AQ] HIT source=HUNTER target=ROBOT weapon=P90 damage=13.3
[AQ] SHOT fighter=HUNTER weapon=P90 t=33.333
[AQ] HIT source=HUNTER target=ROBOT weapon=P90 damage=13.3
[AQ] SHOT fighter=HUNTER weapon=P90 t=33.400
[AQ] HIT source=HUNTER target=ROBOT weapon=P90 damage=13.3
[AQ] HIT source=HUNTER target=ROBOT weapon=P90 damage=13.3
[AQ] SHOT fighter=HUNTER weapon=P90 t=33.467
[AQ] HIT source=HUNTER target=ROBOT weapon=P90 damage=13.3
[AQ] SHOT fighter=HUNTER weapon=P90 t=33.533
[AQ] HIT source=HUNTER target=ROBOT weapon=P90 damage=13.3
[AQ] SHOT fighter=HUNTER weapon=P90 t=33.600
[AQ] HIT source=HUNTER target=ROBOT weapon=P90 damage=13.3
[AQ] CONSUME fighter=HUNTER weapon=P90 reason=sequence-complete
[AQ] SPAWN_SLOT id=15 x=486 y=538 lead=2.00
[AQ] REVEAL id=14 weapon=GLOCK_17 eta=0.30 lead=2.00 fighter=ROBOT force=false
[AQ] PICKUP id=14 fighter=HUNTER weapon=GLOCK_17
[AQ] USE fighter=HUNTER weapon=GLOCK_17
[AQ] SHOT fighter=HUNTER weapon=GLOCK_17 t=35.817
[AQ] HIT source=HUNTER target=ROBOT weapon=GLOCK_17 damage=24.5
[AQ] SHOT fighter=HUNTER weapon=GLOCK_17 t=35.933
[AQ] HIT source=HUNTER target=ROBOT weapon=GLOCK_17 damage=24.5
[AQ] SHOT fighter=HUNTER weapon=GLOCK_17 t=36.050
[AQ] HIT source=HUNTER target=ROBOT weapon=GLOCK_17 damage=24.5
[AQ] SHOT fighter=HUNTER weapon=GLOCK_17 t=36.167
[AQ] HIT source=HUNTER target=ROBOT weapon=GLOCK_17 damage=24.5
[AQ] CONSUME fighter=HUNTER weapon=GLOCK_17 reason=sequence-complete
[AQ] SPAWN_SLOT id=16 x=873 y=177 lead=2.00
[AQ] REVEAL id=16 weapon=P90 eta=0.14 lead=2.00 fighter=HUNTER force=false
[AQ] PICKUP id=16 fighter=HUNTER weapon=P90
[AQ] REVEAL id=15 weapon=SMG eta=null lead=2.00 fighter=TIMEOUT force=true
[AQ] USE fighter=HUNTER weapon=P90
[AQ] SHOT fighter=HUNTER weapon=P90 t=36.767
[AQ] HIT source=HUNTER target=ROBOT weapon=P90 damage=13.3
[AQ] SHOT fighter=HUNTER weapon=P90 t=36.817
[AQ] HIT source=HUNTER target=ROBOT weapon=P90 damage=13.3
[AQ] SHOT fighter=HUNTER weapon=P90 t=36.883
[AQ] HIT source=HUNTER target=ROBOT weapon=P90 damage=13.3
[AQ] SHOT fighter=HUNTER weapon=P90 t=36.950
[AQ] HIT source=HUNTER target=ROBOT weapon=P90 damage=13.3
[AQ] SHOT fighter=HUNTER weapon=P90 t=37.017
[AQ] HIT source=HUNTER target=ROBOT weapon=P90 damage=13.3
[AQ] SHOT fighter=HUNTER weapon=P90 t=37.083
[AQ] HIT source=HUNTER target=ROBOT weapon=P90 damage=13.3
[AQ] SHOT fighter=HUNTER weapon=P90 t=37.150
[AQ] HIT source=HUNTER target=ROBOT weapon=P90 damage=13.3
[AQ] SHOT fighter=HUNTER weapon=P90 t=37.217
[AQ] HIT source=HUNTER target=ROBOT weapon=P90 damage=13.3
[AQ] SHOT fighter=HUNTER weapon=P90 t=37.283
[AQ] HIT source=HUNTER target=ROBOT weapon=P90 damage=13.3
[AQ] SHOT fighter=HUNTER weapon=P90 t=37.350
[AQ] HIT source=HUNTER target=ROBOT weapon=P90 damage=13.3
[AQ] CONSUME fighter=HUNTER weapon=P90 reason=sequence-complete
[AQ] PICKUP id=15 fighter=HUNTER weapon=SMG
[AQ] USE fighter=HUNTER weapon=SMG
[AQ] SHOT fighter=HUNTER weapon=SMG t=37.800
[AQ] HIT source=HUNTER target=ROBOT weapon=SMG damage=15.8
[AQ] SHOT fighter=HUNTER weapon=SMG t=37.883
[AQ] HIT source=HUNTER target=ROBOT weapon=SMG damage=15.8
[AQ] SHOT fighter=HUNTER weapon=SMG t=37.967
[AQ] HIT source=HUNTER target=ROBOT weapon=SMG damage=15.8
[AQ] SHOT fighter=HUNTER weapon=SMG t=38.050
[AQ] HIT source=HUNTER target=ROBOT weapon=SMG damage=15.8
[AQ] KO winner=HUNTER
[AQ] MODE_ENTER mode=ARSENAL_QUEST
[AQ] SPAWN_SLOT id=1 x=183 y=832 lead=2.00
Not implemented: HTMLMediaElement's pause() method
Not implemented: HTMLMediaElement's pause() method
Not implemented: HTMLMediaElement's pause() method
Not implemented: HTMLMediaElement's pause() method
Not implemented: HTMLMediaElement's pause() method
Not implemented: HTMLMediaElement's pause() method
Not implemented: HTMLMediaElement's pause() method
Not implemented: HTMLMediaElement's pause() method
Not implemented: HTMLMediaElement's pause() method
[AQ] REVEAL id=1 weapon=TEC_9 eta=null lead=2.00 fighter=TIMEOUT force=true
[AQ] SPAWN_SLOT id=2 x=229 y=689 lead=2.00
[AQ] PICKUP id=1 fighter=WOLF weapon=TEC_9
[AQ] USE fighter=WOLF weapon=TEC_9
[AQ] SHOT fighter=WOLF weapon=TEC_9 t=6.067
[AQ] SHOT fighter=WOLF weapon=TEC_9 t=6.150
[AQ] SHOT fighter=WOLF weapon=TEC_9 t=6.233
[AQ] HIT source=WOLF target=ROBOT weapon=TEC_9 damage=21.0
[AQ] SHOT fighter=WOLF weapon=TEC_9 t=6.333
[AQ] HIT source=WOLF target=ROBOT weapon=TEC_9 damage=21.0
[AQ] SHOT fighter=WOLF weapon=TEC_9 t=6.417
[AQ] HIT source=WOLF target=ROBOT weapon=TEC_9 damage=21.0
[AQ] HIT source=WOLF target=ROBOT weapon=TEC_9 damage=21.0
[AQ] CONSUME fighter=WOLF weapon=TEC_9 reason=sequence-complete
[AQ] SPAWN_SLOT id=3 x=542 y=255 lead=2.00
[AQ] REVEAL id=2 weapon=GLOCK_17 eta=0.00 lead=2.00 fighter=WOLF force=false
[AQ] PICKUP id=2 fighter=WOLF weapon=GLOCK_17
[AQ] USE fighter=WOLF weapon=GLOCK_17
[AQ] SHOT fighter=WOLF weapon=GLOCK_17 t=6.867
[AQ] HIT source=WOLF target=ROBOT weapon=GLOCK_17 damage=24.5
[AQ] SHOT fighter=WOLF weapon=GLOCK_17 t=6.983
[AQ] HIT source=WOLF target=ROBOT weapon=GLOCK_17 damage=24.5
[AQ] SHOT fighter=WOLF weapon=GLOCK_17 t=7.100
[AQ] HIT source=WOLF target=ROBOT weapon=GLOCK_17 damage=24.5
[AQ] SHOT fighter=WOLF weapon=GLOCK_17 t=7.217
[AQ] HIT source=WOLF target=ROBOT weapon=GLOCK_17 damage=24.5
[AQ] CONSUME fighter=WOLF weapon=GLOCK_17 reason=sequence-complete
[AQ] SPAWN_SLOT id=4 x=756 y=102 lead=2.00
[AQ] REVEAL id=3 weapon=P90 eta=0.16 lead=2.00 fighter=WOLF force=false
[AQ] PICKUP id=3 fighter=WOLF weapon=P90
[AQ] USE fighter=WOLF weapon=P90
[AQ] SHOT fighter=WOLF weapon=P90 t=8.767
[AQ] SHOT fighter=WOLF weapon=P90 t=8.817
[AQ] HIT source=WOLF target=ROBOT weapon=P90 damage=13.3
[AQ] SPAWN_HEAL id=5 heal=HEAL_H2 restore=126
[AQ] REJECT_HEAL fighter=WOLF id=5 reason=full-health
[AQ] SHOT fighter=WOLF weapon=P90 t=8.883
[AQ] HIT source=WOLF target=ROBOT weapon=P90 damage=13.3
[AQ] SHOT fighter=WOLF weapon=P90 t=8.950
[AQ] HIT source=WOLF target=ROBOT weapon=P90 damage=13.3
[AQ] SHOT fighter=WOLF weapon=P90 t=9.017
[AQ] HIT source=WOLF target=ROBOT weapon=P90 damage=13.3
[AQ] SHOT fighter=WOLF weapon=P90 t=9.083
[AQ] SHOT fighter=WOLF weapon=P90 t=9.150
[AQ] SHOT fighter=WOLF weapon=P90 t=9.217
[AQ] HIT source=WOLF target=ROBOT weapon=P90 damage=13.3
[AQ] SHOT fighter=WOLF weapon=P90 t=9.283
[AQ] HIT source=WOLF target=ROBOT weapon=P90 damage=13.3
[AQ] SHOT fighter=WOLF weapon=P90 t=9.350
[AQ] CONSUME fighter=WOLF weapon=P90 reason=sequence-complete
[AQ] SPAWN_SLOT id=6 x=386 y=834 lead=2.00
[AQ] REVEAL id=6 weapon=TEC_9 eta=0.85 lead=2.00 fighter=ROBOT force=false
[AQ] HIT source=WOLF target=ROBOT weapon=P90 damage=13.3
[AQ] PICKUP id=6 fighter=ROBOT weapon=TEC_9
[AQ] REVEAL id=4 weapon=GLOCK_17 eta=null lead=2.00 fighter=TIMEOUT force=true
[AQ] USE fighter=ROBOT weapon=TEC_9
[AQ] SHOT fighter=ROBOT weapon=TEC_9 t=10.450
[AQ] SHOT fighter=ROBOT weapon=TEC_9 t=10.533
[AQ] HIT source=ROBOT target=WOLF weapon=TEC_9 damage=21.0
[AQ] SHOT fighter=ROBOT weapon=TEC_9 t=10.617
[AQ] HIT source=ROBOT target=WOLF weapon=TEC_9 damage=21.0
[AQ] SHOT fighter=ROBOT weapon=TEC_9 t=10.717
[AQ] SHOT fighter=ROBOT weapon=TEC_9 t=10.800
[AQ] CONSUME fighter=ROBOT weapon=TEC_9 reason=sequence-complete
[AQ] PICKUP id=4 fighter=WOLF weapon=GLOCK_17
[AQ] USE fighter=WOLF weapon=GLOCK_17
[AQ] SHOT fighter=WOLF weapon=GLOCK_17 t=12.500
[AQ] SHOT fighter=WOLF weapon=GLOCK_17 t=12.617
[AQ] HIT source=WOLF target=ROBOT weapon=GLOCK_17 damage=24.5
[AQ] HIT source=WOLF target=ROBOT weapon=GLOCK_17 damage=24.5
[AQ] SHOT fighter=WOLF weapon=GLOCK_17 t=12.733
[AQ] HIT source=WOLF target=ROBOT weapon=GLOCK_17 damage=24.5
[AQ] SHOT fighter=WOLF weapon=GLOCK_17 t=12.850
[AQ] HIT source=WOLF target=ROBOT weapon=GLOCK_17 damage=24.5
[AQ] CONSUME fighter=WOLF weapon=GLOCK_17 reason=sequence-complete
[AQ] SPAWN_SLOT id=7 x=295 y=766 lead=2.00
[AQ] PICKUP_HEAL id=5 fighter=WOLF restore=40.319999999999936
[AQ] REVEAL id=7 weapon=P90 eta=null lead=2.00 fighter=TIMEOUT force=true
[AQ] PICKUP id=7 fighter=ROBOT weapon=P90
[AQ] USE fighter=ROBOT weapon=P90
[AQ] SHOT fighter=ROBOT weapon=P90 t=17.017
[AQ] SHOT fighter=ROBOT weapon=P90 t=17.067
[AQ] SHOT fighter=ROBOT weapon=P90 t=17.133
[AQ] SHOT fighter=ROBOT weapon=P90 t=17.200
[AQ] SHOT fighter=ROBOT weapon=P90 t=17.267
[AQ] SHOT fighter=ROBOT weapon=P90 t=17.333
[AQ] SHOT fighter=ROBOT weapon=P90 t=17.400
[AQ] SHOT fighter=ROBOT weapon=P90 t=17.467
[AQ] SPAWN_SLOT id=8 x=320 y=907 lead=2.00
[AQ] SHOT fighter=ROBOT weapon=P90 t=17.533
[AQ] SHOT fighter=ROBOT weapon=P90 t=17.600
[AQ] CONSUME fighter=ROBOT weapon=P90 reason=sequence-complete
[AQ] SPAWN_SLOT id=9 x=306 y=392 lead=2.00
[AQ] HIT source=ROBOT target=WOLF weapon=P90 damage=13.3
[AQ] SPAWN_HEAL id=10 heal=HEAL_H2 restore=126
[AQ] REVEAL id=8 weapon=TEC_9 eta=1.64 lead=2.00 fighter=WOLF force=false
[AQ] REVEAL id=9 weapon=GLOCK_17 eta=null lead=2.00 fighter=TIMEOUT force=true
[AQ] PICKUP id=9 fighter=ROBOT weapon=GLOCK_17
[AQ] USE fighter=ROBOT weapon=GLOCK_17
[AQ] SHOT fighter=ROBOT weapon=GLOCK_17 t=21.033
[AQ] HIT source=ROBOT target=WOLF weapon=GLOCK_17 damage=24.5
[AQ] SHOT fighter=ROBOT weapon=GLOCK_17 t=21.150
[AQ] HIT source=ROBOT target=WOLF weapon=GLOCK_17 damage=24.5
[AQ] SHOT fighter=ROBOT weapon=GLOCK_17 t=21.267
[AQ] HIT source=ROBOT target=WOLF weapon=GLOCK_17 damage=24.5
[AQ] SHOT fighter=ROBOT weapon=GLOCK_17 t=21.383
[AQ] HIT source=ROBOT target=WOLF weapon=GLOCK_17 damage=24.5
[AQ] CONSUME fighter=ROBOT weapon=GLOCK_17 reason=sequence-complete
[AQ] SPAWN_SLOT id=11 x=365 y=711 lead=2.00
[AQ] REVEAL id=11 weapon=P90 eta=null lead=2.00 fighter=TIMEOUT force=true
[AQ] SPAWN_SLOT id=12 x=853 y=383 lead=2.00
[AQ] PICKUP id=8 fighter=ROBOT weapon=TEC_9
[AQ] REJECT_PICKUP fighter=ROBOT id=11 reason=already-armed
[AQ] USE fighter=ROBOT weapon=TEC_9
[AQ] SHOT fighter=ROBOT weapon=TEC_9 t=27.583
[AQ] PICKUP_HEAL id=10 fighter=ROBOT restore=126
[AQ] SPAWN_HEAL id=13 heal=HEAL_H2 restore=126
[AQ] SHOT fighter=ROBOT weapon=TEC_9 t=27.667
[AQ] SHOT fighter=ROBOT weapon=TEC_9 t=27.750
[AQ] SHOT fighter=ROBOT weapon=TEC_9 t=27.850
[AQ] HIT source=ROBOT target=WOLF weapon=TEC_9 damage=21.0
[AQ] SHOT fighter=ROBOT weapon=TEC_9 t=27.933
[AQ] CONSUME fighter=ROBOT weapon=TEC_9 reason=sequence-complete
[AQ] HIT source=ROBOT target=WOLF weapon=TEC_9 damage=21.0
[AQ] REVEAL id=12 weapon=TEC_9 eta=1.46 lead=2.00 fighter=WOLF force=false
[AQ] SPAWN_SLOT id=14 x=857 y=582 lead=2.00
[AQ] PICKUP id=11 fighter=WOLF weapon=P90
[AQ] USE fighter=WOLF weapon=P90
[AQ] SHOT fighter=WOLF weapon=P90 t=32.217
[AQ] HIT source=WOLF target=ROBOT weapon=P90 damage=13.3
[AQ] SHOT fighter=WOLF weapon=P90 t=32.267
[AQ] HIT source=WOLF target=ROBOT weapon=P90 damage=13.3
[AQ] SHOT fighter=WOLF weapon=P90 t=32.333
[AQ] HIT source=WOLF target=ROBOT weapon=P90 damage=13.3
[AQ] SHOT fighter=WOLF weapon=P90 t=32.400
[AQ] HIT source=WOLF target=ROBOT weapon=P90 damage=13.3
[AQ] SHOT fighter=WOLF weapon=P90 t=32.467
[AQ] HIT source=WOLF target=ROBOT weapon=P90 damage=13.3
[AQ] SHOT fighter=WOLF weapon=P90 t=32.533
[AQ] HIT source=WOLF target=ROBOT weapon=P90 damage=13.3
[AQ] SHOT fighter=WOLF weapon=P90 t=32.600
[AQ] SHOT fighter=WOLF weapon=P90 t=32.667
[AQ] HIT source=WOLF target=ROBOT weapon=P90 damage=13.3
[AQ] SHOT fighter=WOLF weapon=P90 t=32.733
[AQ] HIT source=WOLF target=ROBOT weapon=P90 damage=13.3
[AQ] SHOT fighter=WOLF weapon=P90 t=32.800
[AQ] HIT source=WOLF target=ROBOT weapon=P90 damage=13.3
[AQ] CONSUME fighter=WOLF weapon=P90 reason=sequence-complete
[AQ] HIT source=WOLF target=ROBOT weapon=P90 damage=13.3
[AQ] REVEAL id=14 weapon=GLOCK_17 eta=null lead=2.00 fighter=TIMEOUT force=true
[AQ] PICKUP id=12 fighter=ROBOT weapon=TEC_9
[AQ] USE fighter=ROBOT weapon=TEC_9
[AQ] SHOT fighter=ROBOT weapon=TEC_9 t=34.667
[AQ] SHOT fighter=ROBOT weapon=TEC_9 t=34.750
[AQ] SHOT fighter=ROBOT weapon=TEC_9 t=34.833
[AQ] SHOT fighter=ROBOT weapon=TEC_9 t=34.933
[AQ] SHOT fighter=ROBOT weapon=TEC_9 t=35.017
[AQ] HIT source=ROBOT target=WOLF weapon=TEC_9 damage=21.0
[AQ] CONSUME fighter=ROBOT weapon=TEC_9 reason=sequence-complete
[AQ] HIT source=ROBOT target=WOLF weapon=TEC_9 damage=21.0
[AQ] SPAWN_SLOT id=15 x=150 y=234 lead=2.00
[AQ] REVEAL id=15 weapon=P90 eta=0.39 lead=2.00 fighter=WOLF force=false
[AQ] PICKUP id=15 fighter=WOLF weapon=P90
[AQ] USE fighter=WOLF weapon=P90
[AQ] SHOT fighter=WOLF weapon=P90 t=36.450
[AQ] SHOT fighter=WOLF weapon=P90 t=36.500
[AQ] SHOT fighter=WOLF weapon=P90 t=36.567
[AQ] SHOT fighter=WOLF weapon=P90 t=36.633
[AQ] SHOT fighter=WOLF weapon=P90 t=36.700
[AQ] HIT source=WOLF target=ROBOT weapon=P90 damage=13.3
[AQ] SHOT fighter=WOLF weapon=P90 t=36.767
[AQ] SHOT fighter=WOLF weapon=P90 t=36.833
[AQ] SHOT fighter=WOLF weapon=P90 t=36.900
[AQ] SHOT fighter=WOLF weapon=P90 t=36.967
[AQ] SHOT fighter=WOLF weapon=P90 t=37.033
[AQ] CONSUME fighter=WOLF weapon=P90 reason=sequence-complete
[AQ] HIT source=WOLF target=ROBOT weapon=P90 damage=13.3
[AQ] EXPIRE_HEAL id=13
[AQ] SPAWN_HEAL id=16 heal=HEAL_H2 restore=126
[AQ] PICKUP id=14 fighter=WOLF weapon=GLOCK_17
[AQ] SPAWN_SLOT id=17 x=409 y=132 lead=2.00
[AQ] USE fighter=WOLF weapon=GLOCK_17
[AQ] SHOT fighter=WOLF weapon=GLOCK_17 t=40.200
[AQ] SHOT fighter=WOLF weapon=GLOCK_17 t=40.317
[AQ] HIT source=WOLF target=ROBOT weapon=GLOCK_17 damage=24.5
[AQ] SHOT fighter=WOLF weapon=GLOCK_17 t=40.433
[AQ] HIT source=WOLF target=ROBOT weapon=GLOCK_17 damage=24.5
[AQ] SHOT fighter=WOLF weapon=GLOCK_17 t=40.550
[AQ] HIT source=WOLF target=ROBOT weapon=GLOCK_17 damage=24.5
[AQ] CONSUME fighter=WOLF weapon=GLOCK_17 reason=sequence-complete
[AQ] SPAWN_SLOT id=18 x=714 y=828 lead=2.00
[AQ] HIT source=WOLF target=ROBOT weapon=GLOCK_17 damage=24.5
[AQ] REVEAL id=17 weapon=TEC_9 eta=0.88 lead=2.00 fighter=WOLF force=false
[AQ] PICKUP id=17 fighter=WOLF weapon=TEC_9
[AQ] USE fighter=WOLF weapon=TEC_9
[AQ] SHOT fighter=WOLF weapon=TEC_9 t=43.167
[AQ] SHOT fighter=WOLF weapon=TEC_9 t=43.250
[AQ] HIT source=WOLF target=ROBOT weapon=TEC_9 damage=21.0
[AQ] SHOT fighter=WOLF weapon=TEC_9 t=43.333
[AQ] HIT source=WOLF target=ROBOT weapon=TEC_9 damage=21.0
[AQ] PICKUP_HEAL id=16 fighter=WOLF restore=126
[AQ] SHOT fighter=WOLF weapon=TEC_9 t=43.433
[AQ] HIT source=WOLF target=ROBOT weapon=TEC_9 damage=21.0
[AQ] SHOT fighter=WOLF weapon=TEC_9 t=43.517
[AQ] HIT source=WOLF target=ROBOT weapon=TEC_9 damage=21.0
[AQ] HIT source=WOLF target=ROBOT weapon=TEC_9 damage=21.0
[AQ] CONSUME fighter=WOLF weapon=TEC_9 reason=sequence-complete
[AQ] SPAWN_SLOT id=19 x=652 y=586 lead=2.00
[AQ] REVEAL id=18 weapon=GLOCK_17 eta=null lead=2.00 fighter=TIMEOUT force=true
[AQ] PICKUP id=18 fighter=WOLF weapon=GLOCK_17
[AQ] USE fighter=WOLF weapon=GLOCK_17
[AQ] SHOT fighter=WOLF weapon=GLOCK_17 t=45.283
[AQ] SHOT fighter=WOLF weapon=GLOCK_17 t=45.400
[AQ] COUNTER_RESERVED id=19 for=ROBOT shield=SWIRL_SHIELD vs=GLOCK_17
[AQ] SHOT fighter=WOLF weapon=GLOCK_17 t=45.517
[AQ] HIT source=WOLF target=ROBOT weapon=GLOCK_17 damage=24.5
[AQ] SHOT fighter=WOLF weapon=GLOCK_17 t=45.633
[AQ] HIT source=WOLF target=ROBOT weapon=GLOCK_17 damage=24.5
[AQ] HIT source=WOLF target=ROBOT weapon=GLOCK_17 damage=24.5
[AQ] CONSUME fighter=WOLF weapon=GLOCK_17 reason=sequence-complete
[AQ] SPAWN_SLOT id=20 x=785 y=502 lead=2.00
[AQ] COUNTER_RELEASE id=19 reason=invalid
[AQ] REVEAL id=20 weapon=P90 eta=0.09 lead=2.00 fighter=ROBOT force=false
[AQ] PICKUP id=20 fighter=ROBOT weapon=P90
[AQ] USE fighter=ROBOT weapon=P90
[AQ] SHOT fighter=ROBOT weapon=P90 t=46.100
[AQ] SHOT fighter=ROBOT weapon=P90 t=46.150
[AQ] SHOT fighter=ROBOT weapon=P90 t=46.217
[AQ] SHOT fighter=ROBOT weapon=P90 t=46.283
[AQ] SHOT fighter=ROBOT weapon=P90 t=46.350
[AQ] SHOT fighter=ROBOT weapon=P90 t=46.417
[AQ] HIT source=ROBOT target=WOLF weapon=P90 damage=13.3
[AQ] SHOT fighter=ROBOT weapon=P90 t=46.483
[AQ] HIT source=ROBOT target=WOLF weapon=P90 damage=13.3
[AQ] SHOT fighter=ROBOT weapon=P90 t=46.550
[AQ] HIT source=ROBOT target=WOLF weapon=P90 damage=13.3
[AQ] SHOT fighter=ROBOT weapon=P90 t=46.617
[AQ] REVEAL id=19 weapon=SMG eta=null lead=2.00 fighter=TIMEOUT force=true
[AQ] HIT source=ROBOT target=WOLF weapon=P90 damage=13.3
[AQ] SHOT fighter=ROBOT weapon=P90 t=46.683
[AQ] CONSUME fighter=ROBOT weapon=P90 reason=sequence-complete
[AQ] HIT source=ROBOT target=WOLF weapon=P90 damage=13.3
[AQ] HIT source=ROBOT target=WOLF weapon=P90 damage=13.3
[AQ] PICKUP id=19 fighter=WOLF weapon=SMG
[AQ] SPAWN_HEAL id=21 heal=HEAL_H1 restore=70
[AQ] USE fighter=WOLF weapon=SMG
[AQ] SHOT fighter=WOLF weapon=SMG t=48.900
[AQ] SHOT fighter=WOLF weapon=SMG t=48.983
[AQ] HIT source=WOLF target=ROBOT weapon=SMG damage=15.8
[AQ] SHOT fighter=WOLF weapon=SMG t=49.067
[AQ] SHOT fighter=WOLF weapon=SMG t=49.150
[AQ] SHOT fighter=WOLF weapon=SMG t=49.233
[AQ] HIT source=WOLF target=ROBOT weapon=SMG damage=15.8
[AQ] SHOT fighter=WOLF weapon=SMG t=49.317
[AQ] HIT source=WOLF target=ROBOT weapon=SMG damage=15.8
[AQ] SHOT fighter=WOLF weapon=SMG t=49.400
[AQ] HIT source=WOLF target=ROBOT weapon=SMG damage=15.8
[AQ] SHOT fighter=WOLF weapon=SMG t=49.483
[AQ] HIT source=WOLF target=ROBOT weapon=SMG damage=15.8
[AQ] CONSUME fighter=WOLF weapon=SMG reason=sequence-complete
[AQ] SPAWN_SLOT id=22 x=563 y=262 lead=2.00
[AQ] HIT source=WOLF target=ROBOT weapon=SMG damage=15.8
[AQ] REVEAL id=22 weapon=GLOCK_17 eta=null lead=2.00 fighter=TIMEOUT force=true
[AQ] PICKUP_HEAL id=21 fighter=ROBOT restore=70
[AQ] SPAWN_SLOT id=23 x=467 y=694 lead=2.00
[AQ] REVEAL id=23 weapon=P90 eta=0.00 lead=2.00 fighter=ROBOT force=false
[AQ] PICKUP id=23 fighter=ROBOT weapon=P90
[AQ] USE fighter=ROBOT weapon=P90
[AQ] SHOT fighter=ROBOT weapon=P90 t=54.417
[AQ] SHOT fighter=ROBOT weapon=P90 t=54.467
[AQ] SHOT fighter=ROBOT weapon=P90 t=54.533
[AQ] SHOT fighter=ROBOT weapon=P90 t=54.600
[AQ] HIT source=ROBOT target=WOLF weapon=P90 damage=13.3
[AQ] SHOT fighter=ROBOT weapon=P90 t=54.667
[AQ] HIT source=ROBOT target=WOLF weapon=P90 damage=13.3
[AQ] SHOT fighter=ROBOT weapon=P90 t=54.733
[AQ] HIT source=ROBOT target=WOLF weapon=P90 damage=13.3
[AQ] SHOT fighter=ROBOT weapon=P90 t=54.800
[AQ] HIT source=ROBOT target=WOLF weapon=P90 damage=13.3
[AQ] SHOT fighter=ROBOT weapon=P90 t=54.867
[AQ] HIT source=ROBOT target=WOLF weapon=P90 damage=13.3
[AQ] SHOT fighter=ROBOT weapon=P90 t=54.933
[AQ] HIT source=ROBOT target=WOLF weapon=P90 damage=13.3
[AQ] SHOT fighter=ROBOT weapon=P90 t=55.000
[AQ] HIT source=ROBOT target=WOLF weapon=P90 damage=13.3
[AQ] CONSUME fighter=ROBOT weapon=P90 reason=sequence-complete
[AQ] HIT source=ROBOT target=WOLF weapon=P90 damage=13.3
[AQ] HIT source=ROBOT target=WOLF weapon=P90 damage=13.3
[AQ] HIT source=ROBOT target=WOLF weapon=P90 damage=13.3
[AQ] PICKUP id=22 fighter=ROBOT weapon=GLOCK_17
[AQ] USE fighter=ROBOT weapon=GLOCK_17
[AQ] SHOT fighter=ROBOT weapon=GLOCK_17 t=56.517
[AQ] SHOT fighter=ROBOT weapon=GLOCK_17 t=56.633
[AQ] HIT source=ROBOT target=WOLF weapon=GLOCK_17 damage=24.5
[AQ] SHOT fighter=ROBOT weapon=GLOCK_17 t=56.750
[AQ] HIT source=ROBOT target=WOLF weapon=GLOCK_17 damage=24.5
[AQ] SHOT fighter=ROBOT weapon=GLOCK_17 t=56.867
[AQ] HIT source=ROBOT target=WOLF weapon=GLOCK_17 damage=24.5
[AQ] CONSUME fighter=ROBOT weapon=GLOCK_17 reason=sequence-complete
[AQ] SPAWN_SLOT id=24 x=638 y=880 lead=2.00
[AQ] SPAWN_HEAL id=25 heal=HEAL_H2 restore=126
[AQ] PICKUP_HEAL id=25 fighter=WOLF restore=126
[AQ] REVEAL id=24 weapon=TEC_9 eta=null lead=2.00 fighter=TIMEOUT force=true
[AQ] KO winner=ROBOT
[AQ] MODE_ENTER mode=ARSENAL_QUEST
[AQ] SPAWN_SLOT id=1 x=129 y=462 lead=2.00
Not implemented: HTMLMediaElement's pause() method
Not implemented: HTMLMediaElement's pause() method
Not implemented: HTMLMediaElement's pause() method
Not implemented: HTMLMediaElement's pause() method
Not implemented: HTMLMediaElement's pause() method
Not implemented: HTMLMediaElement's pause() method
Not implemented: HTMLMediaElement's pause() method
Not implemented: HTMLMediaElement's pause() method
Not implemented: HTMLMediaElement's pause() method
[AQ] REVEAL id=1 weapon=GLOCK_17 eta=null lead=2.00 fighter=TIMEOUT force=true
[AQ] PICKUP id=1 fighter=CRYSTAL weapon=GLOCK_17
[AQ] SPAWN_SLOT id=2 x=689 y=203 lead=2.00
[AQ] USE fighter=CRYSTAL weapon=GLOCK_17
[AQ] SHOT fighter=CRYSTAL weapon=GLOCK_17 t=4.800
[AQ] HIT source=CRYSTAL target=ROBOT weapon=GLOCK_17 damage=24.5
[AQ] SHOT fighter=CRYSTAL weapon=GLOCK_17 t=4.917
[AQ] HIT source=CRYSTAL target=ROBOT weapon=GLOCK_17 damage=24.5
[AQ] SHOT fighter=CRYSTAL weapon=GLOCK_17 t=5.033
[AQ] HIT source=CRYSTAL target=ROBOT weapon=GLOCK_17 damage=24.5
[AQ] SHOT fighter=CRYSTAL weapon=GLOCK_17 t=5.150
[AQ] HIT source=CRYSTAL target=ROBOT weapon=GLOCK_17 damage=24.5
[AQ] CONSUME fighter=CRYSTAL weapon=GLOCK_17 reason=sequence-complete
[AQ] SPAWN_SLOT id=3 x=271 y=274 lead=2.00
[AQ] REVEAL id=2 weapon=P90 eta=null lead=2.00 fighter=TIMEOUT force=true
[AQ] REVEAL id=3 weapon=SMG eta=null lead=2.00 fighter=TIMEOUT force=true
[AQ] PICKUP id=3 fighter=ROBOT weapon=SMG
[AQ] USE fighter=ROBOT weapon=SMG
[AQ] SHOT fighter=ROBOT weapon=SMG t=8.617
[AQ] SHOT fighter=ROBOT weapon=SMG t=8.700
[AQ] SHOT fighter=ROBOT weapon=SMG t=8.783
[AQ] SHOT fighter=ROBOT weapon=SMG t=8.867
[AQ] SHOT fighter=ROBOT weapon=SMG t=8.950
[AQ] SHOT fighter=ROBOT weapon=SMG t=9.033
[AQ] SHOT fighter=ROBOT weapon=SMG t=9.117
[AQ] HIT source=CRYSTAL target=ROBOT weapon=SMG damage=7.9
[AQ] SHOT fighter=ROBOT weapon=SMG t=9.200
[AQ] HIT source=CRYSTAL target=ROBOT weapon=SMG damage=7.9
[AQ] CONSUME fighter=ROBOT weapon=SMG reason=sequence-complete
[AQ] SPAWN_SLOT id=4 x=880 y=596 lead=2.00
[AQ] PICKUP id=2 fighter=CRYSTAL weapon=P90
[AQ] USE fighter=CRYSTAL weapon=P90
[AQ] SHOT fighter=CRYSTAL weapon=P90 t=10.783
[AQ] SHOT fighter=CRYSTAL weapon=P90 t=10.833
[AQ] SHOT fighter=CRYSTAL weapon=P90 t=10.900
[AQ] SHOT fighter=CRYSTAL weapon=P90 t=10.967
[AQ] SHOT fighter=CRYSTAL weapon=P90 t=11.033
[AQ] SHOT fighter=CRYSTAL weapon=P90 t=11.100
[AQ] SHOT fighter=CRYSTAL weapon=P90 t=11.167
[AQ] SHOT fighter=CRYSTAL weapon=P90 t=11.233
[AQ] HIT source=CRYSTAL target=ROBOT weapon=P90 damage=13.3
[AQ] SHOT fighter=CRYSTAL weapon=P90 t=11.300
[AQ] HIT source=CRYSTAL target=ROBOT weapon=P90 damage=13.3
[AQ] SHOT fighter=CRYSTAL weapon=P90 t=11.367
[AQ] CONSUME fighter=CRYSTAL weapon=P90 reason=sequence-complete
[AQ] SPAWN_SLOT id=5 x=891 y=166 lead=2.00
[AQ] HIT source=CRYSTAL target=ROBOT weapon=P90 damage=13.3
[AQ] REVEAL id=4 weapon=TEC_9 eta=0.21 lead=2.00 fighter=CRYSTAL force=false
[AQ] PICKUP id=4 fighter=CRYSTAL weapon=TEC_9
[AQ] USE fighter=CRYSTAL weapon=TEC_9
[AQ] SHOT fighter=CRYSTAL weapon=TEC_9 t=12.533
[AQ] HIT source=CRYSTAL target=ROBOT weapon=TEC_9 damage=21.0
[AQ] SHOT fighter=CRYSTAL weapon=TEC_9 t=12.617
[AQ] HIT source=CRYSTAL target=ROBOT weapon=TEC_9 damage=21.0
[AQ] SPAWN_HEAL id=6 heal=HEAL_H1 restore=70
[AQ] REJECT_HEAL fighter=CRYSTAL id=6 reason=full-health
[AQ] SHOT fighter=CRYSTAL weapon=TEC_9 t=12.700
[AQ] PICKUP_HEAL id=6 fighter=ROBOT restore=70
[AQ] HIT source=CRYSTAL target=ROBOT weapon=TEC_9 damage=21.0
[AQ] SHOT fighter=CRYSTAL weapon=TEC_9 t=12.800
[AQ] HIT source=CRYSTAL target=ROBOT weapon=TEC_9 damage=21.0
[AQ] SHOT fighter=CRYSTAL weapon=TEC_9 t=12.883
[AQ] HIT source=CRYSTAL target=ROBOT weapon=TEC_9 damage=21.0
[AQ] CONSUME fighter=CRYSTAL weapon=TEC_9 reason=sequence-complete
[AQ] SPAWN_SLOT id=7 x=568 y=352 lead=2.00
[AQ] REVEAL id=5 weapon=P90 eta=null lead=2.00 fighter=TIMEOUT force=true
[AQ] REVEAL id=7 weapon=SMG eta=null lead=2.00 fighter=TIMEOUT force=true
[AQ] PICKUP id=7 fighter=ROBOT weapon=SMG
[AQ] USE fighter=ROBOT weapon=SMG
[AQ] SHOT fighter=ROBOT weapon=SMG t=17.450
[AQ] SPAWN_SLOT id=8 x=471 y=356 lead=2.00
[AQ] SHOT fighter=ROBOT weapon=SMG t=17.533
[AQ] SHOT fighter=ROBOT weapon=SMG t=17.617
[AQ] SHOT fighter=ROBOT weapon=SMG t=17.700
[AQ] SHOT fighter=ROBOT weapon=SMG t=17.783
[AQ] SHOT fighter=ROBOT weapon=SMG t=17.867
[AQ] REJECT_PICKUP fighter=ROBOT id=5 reason=already-armed
[AQ] SHOT fighter=ROBOT weapon=SMG t=17.950
[AQ] SHOT fighter=ROBOT weapon=SMG t=18.033
[AQ] CONSUME fighter=ROBOT weapon=SMG reason=sequence-complete
[AQ] PICKUP id=5 fighter=ROBOT weapon=P90
[AQ] USE fighter=ROBOT weapon=P90
[AQ] SHOT fighter=ROBOT weapon=P90 t=18.467
[AQ] SHOT fighter=ROBOT weapon=P90 t=18.517
[AQ] SHOT fighter=ROBOT weapon=P90 t=18.583
[AQ] SHOT fighter=ROBOT weapon=P90 t=18.650
[AQ] SHOT fighter=ROBOT weapon=P90 t=18.717
[AQ] SHOT fighter=ROBOT weapon=P90 t=18.783
[AQ] SHOT fighter=ROBOT weapon=P90 t=18.850
[AQ] SHOT fighter=ROBOT weapon=P90 t=18.917
[AQ] SHOT fighter=ROBOT weapon=P90 t=18.983
[AQ] SHOT fighter=ROBOT weapon=P90 t=19.050
[AQ] CONSUME fighter=ROBOT weapon=P90 reason=sequence-complete
[AQ] SPAWN_SLOT id=9 x=118 y=503 lead=2.00
[AQ] REVEAL id=8 weapon=TEC_9 eta=0.73 lead=2.00 fighter=ROBOT force=false
[AQ] PICKUP id=8 fighter=ROBOT weapon=TEC_9
[AQ] USE fighter=ROBOT weapon=TEC_9
[AQ] SHOT fighter=ROBOT weapon=TEC_9 t=20.833
[AQ] SHOT fighter=ROBOT weapon=TEC_9 t=20.917
[AQ] SHOT fighter=ROBOT weapon=TEC_9 t=21.000
[AQ] SHOT fighter=ROBOT weapon=TEC_9 t=21.100
[AQ] SHOT fighter=ROBOT weapon=TEC_9 t=21.183
[AQ] CONSUME fighter=ROBOT weapon=TEC_9 reason=sequence-complete
[AQ] SPAWN_SLOT id=10 x=564 y=514 lead=2.00
[AQ] SPAWN_HEAL id=11 heal=HEAL_H1 restore=70
[AQ] REJECT_HEAL fighter=CRYSTAL id=11 reason=full-health
[AQ] REVEAL id=9 weapon=P90 eta=null lead=2.00 fighter=TIMEOUT force=true
[AQ] PICKUP id=9 fighter=CRYSTAL weapon=P90
[AQ] USE fighter=CRYSTAL weapon=P90
[AQ] SHOT fighter=CRYSTAL weapon=P90 t=23.233
[AQ] SHOT fighter=CRYSTAL weapon=P90 t=23.283
[AQ] SHOT fighter=CRYSTAL weapon=P90 t=23.350
[AQ] SHOT fighter=CRYSTAL weapon=P90 t=23.417
[AQ] SHOT fighter=CRYSTAL weapon=P90 t=23.483
[AQ] SHOT fighter=CRYSTAL weapon=P90 t=23.550
[AQ] SHOT fighter=CRYSTAL weapon=P90 t=23.617
[AQ] HIT source=CRYSTAL target=ROBOT weapon=P90 damage=13.3
[AQ] SHOT fighter=CRYSTAL weapon=P90 t=23.683
[AQ] HIT source=CRYSTAL target=ROBOT weapon=P90 damage=13.3
[AQ] SHOT fighter=CRYSTAL weapon=P90 t=23.750
[AQ] HIT source=CRYSTAL target=ROBOT weapon=P90 damage=13.3
[AQ] SHOT fighter=CRYSTAL weapon=P90 t=23.817
[AQ] HIT source=CRYSTAL target=ROBOT weapon=P90 damage=13.3
[AQ] CONSUME fighter=CRYSTAL weapon=P90 reason=sequence-complete
[AQ] SPAWN_SLOT id=12 x=792 y=161 lead=2.00
[AQ] REVEAL id=10 weapon=SMG eta=0.20 lead=2.00 fighter=CRYSTAL force=false
[AQ] PICKUP id=10 fighter=ROBOT weapon=SMG
[AQ] USE fighter=ROBOT weapon=SMG
[AQ] SHOT fighter=ROBOT weapon=SMG t=24.233
[AQ] SHOT fighter=ROBOT weapon=SMG t=24.317
[AQ] SHOT fighter=ROBOT weapon=SMG t=24.400
[AQ] SHOT fighter=ROBOT weapon=SMG t=24.483
[AQ] SHOT fighter=ROBOT weapon=SMG t=24.567
[AQ] PICKUP_HEAL id=11 fighter=ROBOT restore=70
[AQ] SHOT fighter=ROBOT weapon=SMG t=24.650
[AQ] SHOT fighter=ROBOT weapon=SMG t=24.733
[AQ] SHOT fighter=ROBOT weapon=SMG t=24.817
[AQ] CONSUME fighter=ROBOT weapon=SMG reason=sequence-complete
[AQ] SPAWN_SLOT id=13 x=459 y=645 lead=2.00
[AQ] REVEAL id=13 weapon=TEC_9 eta=0.25 lead=2.00 fighter=CRYSTAL force=false
[AQ] PICKUP id=13 fighter=CRYSTAL weapon=TEC_9
[AQ] USE fighter=CRYSTAL weapon=TEC_9
[AQ] SHOT fighter=CRYSTAL weapon=TEC_9 t=26.350
[AQ] HIT source=CRYSTAL target=ROBOT weapon=TEC_9 damage=21.0
[AQ] SHOT fighter=CRYSTAL weapon=TEC_9 t=26.433
[AQ] SHOT fighter=CRYSTAL weapon=TEC_9 t=26.517
[AQ] HIT source=CRYSTAL target=ROBOT weapon=TEC_9 damage=21.0
[AQ] HIT source=CRYSTAL target=ROBOT weapon=TEC_9 damage=21.0
[AQ] SHOT fighter=CRYSTAL weapon=TEC_9 t=26.617
[AQ] SHOT fighter=CRYSTAL weapon=TEC_9 t=26.700
[AQ] HIT source=CRYSTAL target=ROBOT weapon=TEC_9 damage=21.0
[AQ] CONSUME fighter=CRYSTAL weapon=TEC_9 reason=sequence-complete
[AQ] SPAWN_SLOT id=14 x=244 y=166 lead=2.00
[AQ] HIT source=CRYSTAL target=ROBOT weapon=TEC_9 damage=21.0
[AQ] REVEAL id=12 weapon=GLOCK_17 eta=null lead=2.00 fighter=TIMEOUT force=true
[AQ] REVEAL id=14 weapon=P90 eta=1.25 lead=2.00 fighter=ROBOT force=false
[AQ] PICKUP id=12 fighter=CRYSTAL weapon=GLOCK_17
[AQ] USE fighter=CRYSTAL weapon=GLOCK_17
[AQ] SHOT fighter=CRYSTAL weapon=GLOCK_17 t=30.583
[AQ] SPAWN_HEAL id=15 heal=HEAL_H2 restore=126
[AQ] REJECT_HEAL fighter=CRYSTAL id=15 reason=full-health
[AQ] SHOT fighter=CRYSTAL weapon=GLOCK_17 t=30.700
[AQ] HIT source=CRYSTAL target=ROBOT weapon=GLOCK_17 damage=24.5
[AQ] SHOT fighter=CRYSTAL weapon=GLOCK_17 t=30.817
[AQ] PICKUP_HEAL id=15 fighter=ROBOT restore=126
[AQ] SHOT fighter=CRYSTAL weapon=GLOCK_17 t=30.933
[AQ] CONSUME fighter=CRYSTAL weapon=GLOCK_17 reason=sequence-complete
[AQ] HIT source=CRYSTAL target=ROBOT weapon=GLOCK_17 damage=24.5
[AQ] SPAWN_SLOT id=16 x=791 y=335 lead=2.00
[AQ] REVEAL id=16 weapon=TEC_9 eta=0.42 lead=2.00 fighter=CRYSTAL force=false
[AQ] PICKUP id=16 fighter=CRYSTAL weapon=TEC_9
[AQ] USE fighter=CRYSTAL weapon=TEC_9
[AQ] SHOT fighter=CRYSTAL weapon=TEC_9 t=32.683
[AQ] HIT source=CRYSTAL target=ROBOT weapon=TEC_9 damage=21.0
[AQ] SHOT fighter=CRYSTAL weapon=TEC_9 t=32.767
[AQ] HIT source=CRYSTAL target=ROBOT weapon=TEC_9 damage=21.0
[AQ] SHOT fighter=CRYSTAL weapon=TEC_9 t=32.850
[AQ] HIT source=CRYSTAL target=ROBOT weapon=TEC_9 damage=21.0
[AQ] SHOT fighter=CRYSTAL weapon=TEC_9 t=32.950
[AQ] HIT source=CRYSTAL target=ROBOT weapon=TEC_9 damage=21.0
[AQ] SHOT fighter=CRYSTAL weapon=TEC_9 t=33.033
[AQ] HIT source=CRYSTAL target=ROBOT weapon=TEC_9 damage=21.0
[AQ] CONSUME fighter=CRYSTAL weapon=TEC_9 reason=sequence-complete
[AQ] PICKUP id=14 fighter=ROBOT weapon=P90
[AQ] USE fighter=ROBOT weapon=P90
[AQ] SHOT fighter=ROBOT weapon=P90 t=34.250
[AQ] SHOT fighter=ROBOT weapon=P90 t=34.300
[AQ] SHOT fighter=ROBOT weapon=P90 t=34.367
[AQ] SHOT fighter=ROBOT weapon=P90 t=34.433
[AQ] SHOT fighter=ROBOT weapon=P90 t=34.500
[AQ] SHOT fighter=ROBOT weapon=P90 t=34.567
[AQ] SHOT fighter=ROBOT weapon=P90 t=34.633
[AQ] SHOT fighter=ROBOT weapon=P90 t=34.700
[AQ] SHOT fighter=ROBOT weapon=P90 t=34.767
[AQ] SHOT fighter=ROBOT weapon=P90 t=34.833
[AQ] CONSUME fighter=ROBOT weapon=P90 reason=sequence-complete
[AQ] SPAWN_SLOT id=17 x=248 y=801 lead=2.00
[AQ] REVEAL id=17 weapon=GLOCK_17 eta=null lead=2.00 fighter=TIMEOUT force=true
[AQ] SPAWN_SLOT id=18 x=443 y=638 lead=2.00
[AQ] SPAWN_HEAL id=19 heal=HEAL_H1 restore=70
[AQ] PICKUP id=17 fighter=ROBOT weapon=GLOCK_17
[AQ] REJECT_HEAL fighter=CRYSTAL id=19 reason=full-health
[AQ] COUNTER_RESERVED id=18 for=CRYSTAL shield=SWIRL_SHIELD vs=GLOCK_17
[AQ] USE fighter=ROBOT weapon=GLOCK_17
[AQ] SHOT fighter=ROBOT weapon=GLOCK_17 t=40.000
[AQ] SHOT fighter=ROBOT weapon=GLOCK_17 t=40.117
[AQ] SHOT fighter=ROBOT weapon=GLOCK_17 t=40.233
[AQ] SHOT fighter=ROBOT weapon=GLOCK_17 t=40.350
[AQ] USE fighter=CRYSTAL weapon=SWIRL_SHIELD
[AQ] PICKUP id=18 fighter=CRYSTAL weapon=SWIRL_SHIELD
[AQ] REFLECT fighter=CRYSTAL weapon=SWIRL_SHIELD projectileFrom=ROBOT
[AQ] CONSUME fighter=ROBOT weapon=GLOCK_17 reason=sequence-complete
[AQ] SPAWN_SLOT id=20 x=511 y=610 lead=2.00
[AQ] HIT source=CRYSTAL target=ROBOT weapon=GLOCK_17 damage=24.5
[AQ] CONSUME fighter=CRYSTAL weapon=SWIRL_SHIELD reason=expired
[AQ] REVEAL id=20 weapon=SMG eta=null lead=2.00 fighter=TIMEOUT force=true
[AQ] SPAWN_SLOT id=21 x=210 y=595 lead=2.00
[AQ] REVEAL id=21 weapon=TEC_9 eta=0.00 lead=2.00 fighter=CRYSTAL force=false
[AQ] PICKUP id=21 fighter=CRYSTAL weapon=TEC_9
[AQ] PICKUP_HEAL id=19 fighter=ROBOT restore=70
[AQ] USE fighter=CRYSTAL weapon=TEC_9
[AQ] SHOT fighter=CRYSTAL weapon=TEC_9 t=45.317
[AQ] SHOT fighter=CRYSTAL weapon=TEC_9 t=45.400
[AQ] HIT source=CRYSTAL target=ROBOT weapon=TEC_9 damage=21.0
[AQ] SHOT fighter=CRYSTAL weapon=TEC_9 t=45.483
[AQ] HIT source=CRYSTAL target=ROBOT weapon=TEC_9 damage=21.0
[AQ] SHOT fighter=CRYSTAL weapon=TEC_9 t=45.583
[AQ] HIT source=CRYSTAL target=ROBOT weapon=TEC_9 damage=21.0
[AQ] SHOT fighter=CRYSTAL weapon=TEC_9 t=45.667
[AQ] HIT source=CRYSTAL target=ROBOT weapon=TEC_9 damage=21.0
[AQ] CONSUME fighter=CRYSTAL weapon=TEC_9 reason=sequence-complete
[AQ] HIT source=CRYSTAL target=ROBOT weapon=TEC_9 damage=21.0
[AQ] PICKUP id=20 fighter=ROBOT weapon=SMG
[AQ] USE fighter=ROBOT weapon=SMG
[AQ] SHOT fighter=ROBOT weapon=SMG t=46.333
[AQ] SHOT fighter=ROBOT weapon=SMG t=46.417
[AQ] SHOT fighter=ROBOT weapon=SMG t=46.500
[AQ] SHOT fighter=ROBOT weapon=SMG t=46.583
[AQ] SHOT fighter=ROBOT weapon=SMG t=46.667
[AQ] SHOT fighter=ROBOT weapon=SMG t=46.750
[AQ] SHOT fighter=ROBOT weapon=SMG t=46.833
[AQ] SHOT fighter=ROBOT weapon=SMG t=46.917
[AQ] CONSUME fighter=ROBOT weapon=SMG reason=sequence-complete
[AQ] SPAWN_SLOT id=22 x=747 y=910 lead=2.00
[AQ] SPAWN_HEAL id=23 heal=HEAL_H1 restore=70
[AQ] REJECT_HEAL fighter=CRYSTAL id=23 reason=full-health
[AQ] REVEAL id=22 weapon=P90 eta=null lead=2.00 fighter=TIMEOUT force=true
[AQ] SPAWN_SLOT id=24 x=776 y=469 lead=2.00
[AQ] REVEAL id=24 weapon=SMG eta=0.34 lead=2.00 fighter=CRYSTAL force=false
[AQ] PICKUP id=24 fighter=CRYSTAL weapon=SMG
[AQ] USE fighter=CRYSTAL weapon=SMG
[AQ] SHOT fighter=CRYSTAL weapon=SMG t=52.167
[AQ] HIT source=CRYSTAL target=ROBOT weapon=SMG damage=15.8
[AQ] SHOT fighter=CRYSTAL weapon=SMG t=52.250
[AQ] HIT source=CRYSTAL target=ROBOT weapon=SMG damage=15.8
[AQ] SHOT fighter=CRYSTAL weapon=SMG t=52.333
[AQ] HIT source=CRYSTAL target=ROBOT weapon=SMG damage=15.8
[AQ] SHOT fighter=CRYSTAL weapon=SMG t=52.417
[AQ] HIT source=CRYSTAL target=ROBOT weapon=SMG damage=15.8
[AQ] SHOT fighter=CRYSTAL weapon=SMG t=52.500
[AQ] HIT source=CRYSTAL target=ROBOT weapon=SMG damage=15.8
[AQ] SHOT fighter=CRYSTAL weapon=SMG t=52.583
[AQ] HIT source=CRYSTAL target=ROBOT weapon=SMG damage=15.8
[AQ] SHOT fighter=CRYSTAL weapon=SMG t=52.667
[AQ] HIT source=CRYSTAL target=ROBOT weapon=SMG damage=15.8
[AQ] SHOT fighter=CRYSTAL weapon=SMG t=52.750
[AQ] HIT source=CRYSTAL target=ROBOT weapon=SMG damage=15.8
[AQ] CONSUME fighter=CRYSTAL weapon=SMG reason=sequence-complete
[AQ] PICKUP id=22 fighter=ROBOT weapon=P90
[AQ] USE fighter=ROBOT weapon=P90
[AQ] SHOT fighter=ROBOT weapon=P90 t=53.967
[AQ] SHOT fighter=ROBOT weapon=P90 t=54.017
[AQ] SHOT fighter=ROBOT weapon=P90 t=54.083
[AQ] SHOT fighter=ROBOT weapon=P90 t=54.150
[AQ] SHOT fighter=ROBOT weapon=P90 t=54.217
[AQ] SHOT fighter=ROBOT weapon=P90 t=54.283
[AQ] SHOT fighter=ROBOT weapon=P90 t=54.350
[AQ] SHOT fighter=ROBOT weapon=P90 t=54.417
[AQ] SHOT fighter=ROBOT weapon=P90 t=54.483
[AQ] SHOT fighter=ROBOT weapon=P90 t=54.550
[AQ] CONSUME fighter=ROBOT weapon=P90 reason=sequence-complete
[AQ] SPAWN_SLOT id=25 x=337 y=863 lead=2.00
[AQ] REVEAL id=25 weapon=TEC_9 eta=1.84 lead=2.00 fighter=ROBOT force=false
[AQ] PICKUP_HEAL id=23 fighter=ROBOT restore=70
[AQ] SPAWN_HEAL id=26 heal=HEAL_H1 restore=70
[AQ] REJECT_HEAL fighter=CRYSTAL id=26 reason=full-health
[AQ] PICKUP id=25 fighter=ROBOT weapon=TEC_9
[AQ] USE fighter=ROBOT weapon=TEC_9
[AQ] SHOT fighter=ROBOT weapon=TEC_9 t=58.450
[AQ] SHOT fighter=ROBOT weapon=TEC_9 t=58.533
[AQ] SHOT fighter=ROBOT weapon=TEC_9 t=58.617
[AQ] SHOT fighter=ROBOT weapon=TEC_9 t=58.717
[AQ] SHOT fighter=ROBOT weapon=TEC_9 t=58.800
[AQ] CONSUME fighter=ROBOT weapon=TEC_9 reason=sequence-complete
[AQ] SPAWN_SLOT id=27 x=183 y=460 lead=2.00
[AQ] KO winner=ROBOT
[AQ] MODE_ENTER mode=ARSENAL_QUEST
[AQ] SPAWN_SLOT id=1 x=496 y=308 lead=2.00
Not implemented: HTMLMediaElement's pause() method
Not implemented: HTMLMediaElement's pause() method
Not implemented: HTMLMediaElement's pause() method
Not implemented: HTMLMediaElement's pause() method
Not implemented: HTMLMediaElement's pause() method
Not implemented: HTMLMediaElement's pause() method
Not implemented: HTMLMediaElement's pause() method
Not implemented: HTMLMediaElement's pause() method
Not implemented: HTMLMediaElement's pause() method
[AQ] REVEAL id=1 weapon=P90 eta=null lead=2.00 fighter=TIMEOUT force=true
[AQ] SPAWN_SLOT id=2 x=158 y=179 lead=2.00
[AQ] PICKUP id=1 fighter=MAGNET weapon=P90
[AQ] USE fighter=MAGNET weapon=P90
[AQ] SHOT fighter=MAGNET weapon=P90 t=5.017
[AQ] SHOT fighter=MAGNET weapon=P90 t=5.067
[AQ] HIT source=MAGNET target=ROBOT weapon=P90 damage=13.3
[AQ] HIT source=MAGNET target=ROBOT weapon=P90 damage=13.3
[AQ] SHOT fighter=MAGNET weapon=P90 t=5.133
[AQ] HIT source=MAGNET target=ROBOT weapon=P90 damage=13.3
[AQ] SHOT fighter=MAGNET weapon=P90 t=5.200
[AQ] HIT source=MAGNET target=ROBOT weapon=P90 damage=13.3
[AQ] SHOT fighter=MAGNET weapon=P90 t=5.267
[AQ] HIT source=MAGNET target=ROBOT weapon=P90 damage=13.3
[AQ] SHOT fighter=MAGNET weapon=P90 t=5.333
[AQ] HIT source=MAGNET target=ROBOT weapon=P90 damage=13.3
[AQ] SHOT fighter=MAGNET weapon=P90 t=5.400
[AQ] HIT source=MAGNET target=ROBOT weapon=P90 damage=13.3
[AQ] SHOT fighter=MAGNET weapon=P90 t=5.467
[AQ] HIT source=MAGNET target=ROBOT weapon=P90 damage=13.3
[AQ] SHOT fighter=MAGNET weapon=P90 t=5.533
[AQ] HIT source=MAGNET target=ROBOT weapon=P90 damage=13.3
[AQ] SHOT fighter=MAGNET weapon=P90 t=5.600
[AQ] HIT source=MAGNET target=ROBOT weapon=P90 damage=13.3
[AQ] CONSUME fighter=MAGNET weapon=P90 reason=sequence-complete
[AQ] SPAWN_SLOT id=3 x=576 y=866 lead=2.00
[AQ] REVEAL id=2 weapon=SMG eta=null lead=2.00 fighter=TIMEOUT force=true
[AQ] REVEAL id=3 weapon=TEC_9 eta=null lead=2.00 fighter=TIMEOUT force=true
[AQ] PICKUP id=2 fighter=ROBOT weapon=SMG
[AQ] USE fighter=ROBOT weapon=SMG
[AQ] SHOT fighter=ROBOT weapon=SMG t=9.533
[AQ] HIT source=ROBOT target=MAGNET weapon=SMG damage=15.8
[AQ] SHOT fighter=ROBOT weapon=SMG t=9.617
[AQ] HIT source=ROBOT target=MAGNET weapon=SMG damage=15.8
[AQ] SHOT fighter=ROBOT weapon=SMG t=9.700
[AQ] HIT source=ROBOT target=MAGNET weapon=SMG damage=15.8
[AQ] SHOT fighter=ROBOT weapon=SMG t=9.783
[AQ] HIT source=ROBOT target=MAGNET weapon=SMG damage=15.8
[AQ] SHOT fighter=ROBOT weapon=SMG t=9.867
[AQ] HIT source=ROBOT target=MAGNET weapon=SMG damage=15.8
[AQ] SHOT fighter=ROBOT weapon=SMG t=9.950
[AQ] HIT source=ROBOT target=MAGNET weapon=SMG damage=15.8
[AQ] SHOT fighter=ROBOT weapon=SMG t=10.033
[AQ] HIT source=ROBOT target=MAGNET weapon=SMG damage=15.8
[AQ] SHOT fighter=ROBOT weapon=SMG t=10.117
[AQ] HIT source=ROBOT target=MAGNET weapon=SMG damage=15.8
[AQ] SPAWN_SLOT id=4 x=140 y=485 lead=2.00
[AQ] CONSUME fighter=ROBOT weapon=SMG reason=sequence-complete
[AQ] PICKUP id=3 fighter=ROBOT weapon=TEC_9
[AQ] USE fighter=ROBOT weapon=TEC_9
[AQ] SHOT fighter=ROBOT weapon=TEC_9 t=12.483
[AQ] HIT source=ROBOT target=MAGNET weapon=TEC_9 damage=21.0
[AQ] SHOT fighter=ROBOT weapon=TEC_9 t=12.567
[AQ] HIT source=ROBOT target=MAGNET weapon=TEC_9 damage=21.0
[AQ] SHOT fighter=ROBOT weapon=TEC_9 t=12.650
[AQ] HIT source=ROBOT target=MAGNET weapon=TEC_9 damage=21.0
[AQ] SHOT fighter=ROBOT weapon=TEC_9 t=12.750
[AQ] HIT source=ROBOT target=MAGNET weapon=TEC_9 damage=21.0
[AQ] SPAWN_HEAL id=5 heal=HEAL_H1 restore=70
[AQ] SHOT fighter=ROBOT weapon=TEC_9 t=12.833
[AQ] HIT source=ROBOT target=MAGNET weapon=TEC_9 damage=21.0
[AQ] CONSUME fighter=ROBOT weapon=TEC_9 reason=sequence-complete
[AQ] SPAWN_SLOT id=6 x=452 y=427 lead=2.00
[AQ] REVEAL id=4 weapon=P90 eta=null lead=2.00 fighter=TIMEOUT force=true
[AQ] PICKUP_HEAL id=5 fighter=ROBOT restore=70
[AQ] PICKUP id=4 fighter=MAGNET weapon=P90
[AQ] USE fighter=MAGNET weapon=P90
[AQ] SHOT fighter=MAGNET weapon=P90 t=15.083
[AQ] SHOT fighter=MAGNET weapon=P90 t=15.133
[AQ] SHOT fighter=MAGNET weapon=P90 t=15.200
[AQ] HIT source=MAGNET target=ROBOT weapon=P90 damage=13.3
[AQ] SHOT fighter=MAGNET weapon=P90 t=15.267
[AQ] HIT source=MAGNET target=ROBOT weapon=P90 damage=13.3
[AQ] SHOT fighter=MAGNET weapon=P90 t=15.333
[AQ] HIT source=MAGNET target=ROBOT weapon=P90 damage=13.3
[AQ] SHOT fighter=MAGNET weapon=P90 t=15.400
[AQ] HIT source=MAGNET target=ROBOT weapon=P90 damage=13.3
[AQ] HIT source=MAGNET target=ROBOT weapon=P90 damage=13.3
[AQ] SHOT fighter=MAGNET weapon=P90 t=15.467
[AQ] HIT source=MAGNET target=ROBOT weapon=P90 damage=13.3
[AQ] SHOT fighter=MAGNET weapon=P90 t=15.533
[AQ] HIT source=MAGNET target=ROBOT weapon=P90 damage=13.3
[AQ] SHOT fighter=MAGNET weapon=P90 t=15.600
[AQ] HIT source=MAGNET target=ROBOT weapon=P90 damage=13.3
[AQ] SHOT fighter=MAGNET weapon=P90 t=15.667
[AQ] HIT source=MAGNET target=ROBOT weapon=P90 damage=13.3
[AQ] CONSUME fighter=MAGNET weapon=P90 reason=sequence-complete
[AQ] SPAWN_SLOT id=7 x=538 y=283 lead=2.00
[AQ] HIT source=MAGNET target=ROBOT weapon=P90 damage=13.3
[AQ] REVEAL id=6 weapon=SMG eta=null lead=2.00 fighter=TIMEOUT force=true
[AQ] PICKUP id=6 fighter=ROBOT weapon=SMG
[AQ] USE fighter=ROBOT weapon=SMG
[AQ] SHOT fighter=ROBOT weapon=SMG t=16.283
[AQ] HIT source=ROBOT target=MAGNET weapon=SMG damage=15.8
[AQ] SHOT fighter=ROBOT weapon=SMG t=16.367
[AQ] HIT source=ROBOT target=MAGNET weapon=SMG damage=15.8
[AQ] SHOT fighter=ROBOT weapon=SMG t=16.450
[AQ] HIT source=ROBOT target=MAGNET weapon=SMG damage=15.8
[AQ] SHOT fighter=ROBOT weapon=SMG t=16.533
[AQ] HIT source=ROBOT target=MAGNET weapon=SMG damage=15.8
[AQ] SHOT fighter=ROBOT weapon=SMG t=16.617
[AQ] HIT source=ROBOT target=MAGNET weapon=SMG damage=15.8
[AQ] SHOT fighter=ROBOT weapon=SMG t=16.700
[AQ] HIT source=ROBOT target=MAGNET weapon=SMG damage=15.8
[AQ] SHOT fighter=ROBOT weapon=SMG t=16.783
[AQ] HIT source=ROBOT target=MAGNET weapon=SMG damage=15.8
[AQ] SHOT fighter=ROBOT weapon=SMG t=16.867
[AQ] HIT source=ROBOT target=MAGNET weapon=SMG damage=15.8
[AQ] CONSUME fighter=ROBOT weapon=SMG reason=sequence-complete
[AQ] SPAWN_SLOT id=8 x=732 y=295 lead=2.00
[AQ] REVEAL id=7 weapon=TEC_9 eta=null lead=2.00 fighter=TIMEOUT force=true
[AQ] REVEAL id=8 weapon=GLOCK_17 eta=null lead=2.00 fighter=TIMEOUT force=true
[AQ] PICKUP id=7 fighter=ROBOT weapon=TEC_9
[AQ] USE fighter=ROBOT weapon=TEC_9
[AQ] SHOT fighter=ROBOT weapon=TEC_9 t=21.233
[AQ] HIT source=ROBOT target=MAGNET weapon=TEC_9 damage=21.0
[AQ] SHOT fighter=ROBOT weapon=TEC_9 t=21.317
[AQ] REJECT_PICKUP fighter=ROBOT id=8 reason=already-armed
[AQ] HIT source=ROBOT target=MAGNET weapon=TEC_9 damage=21.0
[AQ] SHOT fighter=ROBOT weapon=TEC_9 t=21.400
[AQ] HIT source=ROBOT target=MAGNET weapon=TEC_9 damage=21.0
[AQ] SPAWN_SLOT id=9 x=906 y=430 lead=2.00
[AQ] SHOT fighter=ROBOT weapon=TEC_9 t=21.500
[AQ] SHOT fighter=ROBOT weapon=TEC_9 t=21.583
[AQ] CONSUME fighter=ROBOT weapon=TEC_9 reason=sequence-complete
[AQ] REVEAL id=9 weapon=P90 eta=0.07 lead=2.00 fighter=ROBOT force=false
[AQ] PICKUP id=9 fighter=ROBOT weapon=P90
[AQ] SPAWN_HEAL id=10 heal=HEAL_H2 restore=126
[AQ] USE fighter=ROBOT weapon=P90
[AQ] SHOT fighter=ROBOT weapon=P90 t=22.033
[AQ] SHOT fighter=ROBOT weapon=P90 t=22.083
[AQ] SHOT fighter=ROBOT weapon=P90 t=22.150
[AQ] SHOT fighter=ROBOT weapon=P90 t=22.217
[AQ] SHOT fighter=ROBOT weapon=P90 t=22.283
[AQ] SHOT fighter=ROBOT weapon=P90 t=22.350
[AQ] SHOT fighter=ROBOT weapon=P90 t=22.417
[AQ] HIT source=ROBOT target=MAGNET weapon=P90 damage=13.3
[AQ] SHOT fighter=ROBOT weapon=P90 t=22.483
[AQ] HIT source=ROBOT target=MAGNET weapon=P90 damage=13.3
[AQ] SHOT fighter=ROBOT weapon=P90 t=22.550
[AQ] HIT source=ROBOT target=MAGNET weapon=P90 damage=13.3
[AQ] SHOT fighter=ROBOT weapon=P90 t=22.617
[AQ] HIT source=ROBOT target=MAGNET weapon=P90 damage=13.3
[AQ] CONSUME fighter=ROBOT weapon=P90 reason=sequence-complete
[AQ] HIT source=ROBOT target=MAGNET weapon=P90 damage=13.3
[AQ] PICKUP_HEAL id=10 fighter=ROBOT restore=126
[AQ] PICKUP id=8 fighter=MAGNET weapon=GLOCK_17
[AQ] USE fighter=MAGNET weapon=GLOCK_17
[AQ] SHOT fighter=MAGNET weapon=GLOCK_17 t=25.867
[AQ] HIT source=MAGNET target=ROBOT weapon=GLOCK_17 damage=24.5
[AQ] SPAWN_SLOT id=11 x=360 y=564 lead=2.00
[AQ] SHOT fighter=MAGNET weapon=GLOCK_17 t=25.983
[AQ] HIT source=MAGNET target=ROBOT weapon=GLOCK_17 damage=24.5
[AQ] SHOT fighter=MAGNET weapon=GLOCK_17 t=26.100
[AQ] HIT source=MAGNET target=ROBOT weapon=GLOCK_17 damage=24.5
[AQ] SHOT fighter=MAGNET weapon=GLOCK_17 t=26.217
[AQ] HIT source=MAGNET target=ROBOT weapon=GLOCK_17 damage=24.5
[AQ] CONSUME fighter=MAGNET weapon=GLOCK_17 reason=sequence-complete
[AQ] SPAWN_SLOT id=12 x=359 y=755 lead=2.00
[AQ] REVEAL id=11 weapon=TEC_9 eta=null lead=2.00 fighter=TIMEOUT force=true
[AQ] REVEAL id=12 weapon=GLOCK_17 eta=null lead=2.00 fighter=TIMEOUT force=true
[AQ] SPAWN_HEAL id=13 heal=HEAL_H1 restore=70
[AQ] SPAWN_SLOT id=14 x=229 y=879 lead=2.00
[AQ] PICKUP_HEAL id=13 fighter=MAGNET restore=70
[AQ] PICKUP id=11 fighter=ROBOT weapon=TEC_9
[AQ] USE fighter=ROBOT weapon=TEC_9
[AQ] SHOT fighter=ROBOT weapon=TEC_9 t=31.633
[AQ] SHOT fighter=ROBOT weapon=TEC_9 t=31.717
[AQ] HIT source=ROBOT target=MAGNET weapon=TEC_9 damage=21.0
[AQ] SHOT fighter=ROBOT weapon=TEC_9 t=31.800
[AQ] HIT source=ROBOT target=MAGNET weapon=TEC_9 damage=21.0
[AQ] HIT source=ROBOT target=MAGNET weapon=TEC_9 damage=21.0
[AQ] SHOT fighter=ROBOT weapon=TEC_9 t=31.900
[AQ] HIT source=ROBOT target=MAGNET weapon=TEC_9 damage=21.0
[AQ] SHOT fighter=ROBOT weapon=TEC_9 t=31.983
[AQ] HIT source=ROBOT target=MAGNET weapon=TEC_9 damage=21.0
[AQ] CONSUME fighter=ROBOT weapon=TEC_9 reason=sequence-complete
[AQ] PICKUP id=12 fighter=MAGNET weapon=GLOCK_17
[AQ] USE fighter=MAGNET weapon=GLOCK_17
[AQ] SHOT fighter=MAGNET weapon=GLOCK_17 t=33.583
[AQ] SHOT fighter=MAGNET weapon=GLOCK_17 t=33.700
[AQ] HIT source=MAGNET target=ROBOT weapon=GLOCK_17 damage=24.5
[AQ] SHOT fighter=MAGNET weapon=GLOCK_17 t=33.817
[AQ] HIT source=MAGNET target=ROBOT weapon=GLOCK_17 damage=24.5
[AQ] REVEAL id=14 weapon=SMG eta=null lead=2.00 fighter=TIMEOUT force=true
[AQ] SHOT fighter=MAGNET weapon=GLOCK_17 t=33.933
[AQ] HIT source=MAGNET target=ROBOT weapon=GLOCK_17 damage=24.5
[AQ] HIT source=MAGNET target=ROBOT weapon=GLOCK_17 damage=24.5
[AQ] CONSUME fighter=MAGNET weapon=GLOCK_17 reason=sequence-complete
[AQ] SPAWN_SLOT id=15 x=438 y=555 lead=2.00
[AQ] PICKUP id=14 fighter=MAGNET weapon=SMG
[AQ] USE fighter=MAGNET weapon=SMG
[AQ] SHOT fighter=MAGNET weapon=SMG t=37.600
[AQ] SHOT fighter=MAGNET weapon=SMG t=37.683
[AQ] SHOT fighter=MAGNET weapon=SMG t=37.767
[AQ] HIT source=MAGNET target=ROBOT weapon=SMG damage=15.8
[AQ] SHOT fighter=MAGNET weapon=SMG t=37.850
[AQ] HIT source=MAGNET target=ROBOT weapon=SMG damage=15.8
[AQ] SHOT fighter=MAGNET weapon=SMG t=37.933
[AQ] HIT source=MAGNET target=ROBOT weapon=SMG damage=15.8
[AQ] SHOT fighter=MAGNET weapon=SMG t=38.017
[AQ] HIT source=MAGNET target=ROBOT weapon=SMG damage=15.8
[AQ] SHOT fighter=MAGNET weapon=SMG t=38.100
[AQ] HIT source=MAGNET target=ROBOT weapon=SMG damage=15.8
[AQ] HIT source=MAGNET target=ROBOT weapon=SMG damage=15.8
[AQ] SHOT fighter=MAGNET weapon=SMG t=38.183
[AQ] HIT source=MAGNET target=ROBOT weapon=SMG damage=15.8
[AQ] CONSUME fighter=MAGNET weapon=SMG reason=sequence-complete
[AQ] SPAWN_SLOT id=16 x=701 y=833 lead=2.00
[AQ] REVEAL id=15 weapon=TEC_9 eta=null lead=2.00 fighter=TIMEOUT force=true
[AQ] PICKUP id=15 fighter=MAGNET weapon=TEC_9
[AQ] USE fighter=MAGNET weapon=TEC_9
[AQ] SHOT fighter=MAGNET weapon=TEC_9 t=38.767
[AQ] HIT source=MAGNET target=ROBOT weapon=TEC_9 damage=21.0
[AQ] SHOT fighter=MAGNET weapon=TEC_9 t=38.850
[AQ] HIT source=MAGNET target=ROBOT weapon=TEC_9 damage=21.0
[AQ] SHOT fighter=MAGNET weapon=TEC_9 t=38.933
[AQ] HIT source=MAGNET target=ROBOT weapon=TEC_9 damage=21.0
[AQ] SHOT fighter=MAGNET weapon=TEC_9 t=39.033
[AQ] HIT source=MAGNET target=ROBOT weapon=TEC_9 damage=21.0
[AQ] SHOT fighter=MAGNET weapon=TEC_9 t=39.117
[AQ] HIT source=MAGNET target=ROBOT weapon=TEC_9 damage=21.0
[AQ] CONSUME fighter=MAGNET weapon=TEC_9 reason=sequence-complete
[AQ] SPAWN_SLOT id=17 x=222 y=816 lead=2.00
[AQ] SPAWN_HEAL id=18 heal=HEAL_H1 restore=70
[AQ] REVEAL id=16 weapon=P90 eta=null lead=2.00 fighter=TIMEOUT force=true
[AQ] REVEAL id=17 weapon=SMG eta=0.28 lead=2.00 fighter=ROBOT force=false
[AQ] PICKUP id=17 fighter=ROBOT weapon=SMG
[AQ] USE fighter=ROBOT weapon=SMG
[AQ] SHOT fighter=ROBOT weapon=SMG t=41.900
[AQ] SHOT fighter=ROBOT weapon=SMG t=41.983
[AQ] SHOT fighter=ROBOT weapon=SMG t=42.067
[AQ] HIT source=ROBOT target=MAGNET weapon=SMG damage=15.8
[AQ] SHOT fighter=ROBOT weapon=SMG t=42.150
[AQ] HIT source=ROBOT target=MAGNET weapon=SMG damage=15.8
[AQ] SHOT fighter=ROBOT weapon=SMG t=42.233
[AQ] HIT source=ROBOT target=MAGNET weapon=SMG damage=15.8
[AQ] SHOT fighter=ROBOT weapon=SMG t=42.317
[AQ] SHOT fighter=ROBOT weapon=SMG t=42.400
[AQ] PICKUP_HEAL id=18 fighter=MAGNET restore=70
[AQ] HIT source=ROBOT target=MAGNET weapon=SMG damage=15.8
[AQ] SHOT fighter=ROBOT weapon=SMG t=42.483
[AQ] HIT source=ROBOT target=MAGNET weapon=SMG damage=15.8
[AQ] REJECT_PICKUP fighter=ROBOT id=16 reason=already-armed
[AQ] CONSUME fighter=ROBOT weapon=SMG reason=sequence-complete
[AQ] PICKUP id=16 fighter=ROBOT weapon=P90
[AQ] USE fighter=ROBOT weapon=P90
[AQ] SHOT fighter=ROBOT weapon=P90 t=42.917
[AQ] SHOT fighter=ROBOT weapon=P90 t=42.967
[AQ] SHOT fighter=ROBOT weapon=P90 t=43.033
[AQ] SHOT fighter=ROBOT weapon=P90 t=43.100
[AQ] SHOT fighter=ROBOT weapon=P90 t=43.167
[AQ] HIT source=ROBOT target=MAGNET weapon=P90 damage=13.3
[AQ] SHOT fighter=ROBOT weapon=P90 t=43.233
[AQ] SHOT fighter=ROBOT weapon=P90 t=43.300
[AQ] SHOT fighter=ROBOT weapon=P90 t=43.367
[AQ] HIT source=ROBOT target=MAGNET weapon=P90 damage=13.3
[AQ] SHOT fighter=ROBOT weapon=P90 t=43.433
[AQ] HIT source=ROBOT target=MAGNET weapon=P90 damage=13.3
[AQ] HIT source=ROBOT target=MAGNET weapon=P90 damage=13.3
[AQ] SHOT fighter=ROBOT weapon=P90 t=43.500
[AQ] HIT source=ROBOT target=MAGNET weapon=P90 damage=13.3
[AQ] CONSUME fighter=ROBOT weapon=P90 reason=sequence-complete
[AQ] SPAWN_SLOT id=19 x=352 y=281 lead=2.00
[AQ] HIT source=ROBOT target=MAGNET weapon=P90 damage=13.3
[AQ] HIT source=ROBOT target=MAGNET weapon=P90 damage=13.3
[AQ] REVEAL id=19 weapon=TEC_9 eta=null lead=2.00 fighter=TIMEOUT force=true
[AQ] SPAWN_SLOT id=20 x=101 y=508 lead=2.00
[AQ] REVEAL id=20 weapon=GLOCK_17 eta=0.47 lead=2.00 fighter=ROBOT force=false
[AQ] PICKUP id=20 fighter=ROBOT weapon=GLOCK_17
[AQ] USE fighter=ROBOT weapon=GLOCK_17
[AQ] SHOT fighter=ROBOT weapon=GLOCK_17 t=48.667
[AQ] HIT source=ROBOT target=MAGNET weapon=GLOCK_17 damage=24.5
[AQ] SHOT fighter=ROBOT weapon=GLOCK_17 t=48.783
[AQ] SPAWN_HEAL id=21 heal=HEAL_H1 restore=70
[AQ] SHOT fighter=ROBOT weapon=GLOCK_17 t=48.900
[AQ] HIT source=ROBOT target=MAGNET weapon=GLOCK_17 damage=24.5
[AQ] SHOT fighter=ROBOT weapon=GLOCK_17 t=49.017
[AQ] HIT source=ROBOT target=MAGNET weapon=GLOCK_17 damage=24.5
[AQ] PICKUP id=19 fighter=MAGNET weapon=TEC_9
[AQ] CONSUME fighter=ROBOT weapon=GLOCK_17 reason=sequence-complete
[AQ] PICKUP_HEAL id=21 fighter=MAGNET restore=70
[AQ] USE fighter=MAGNET weapon=TEC_9
[AQ] SHOT fighter=MAGNET weapon=TEC_9 t=49.467
[AQ] SHOT fighter=MAGNET weapon=TEC_9 t=49.550
[AQ] HIT source=MAGNET target=ROBOT weapon=TEC_9 damage=21.0
[AQ] SHOT fighter=MAGNET weapon=TEC_9 t=49.633
[AQ] SHOT fighter=MAGNET weapon=TEC_9 t=49.733
[AQ] SHOT fighter=MAGNET weapon=TEC_9 t=49.817
[AQ] HIT source=MAGNET target=ROBOT weapon=TEC_9 damage=21.0
[AQ] CONSUME fighter=MAGNET weapon=TEC_9 reason=sequence-complete
[AQ] SPAWN_SLOT id=22 x=492 y=873 lead=2.00
[AQ] HIT source=MAGNET target=ROBOT weapon=TEC_9 damage=21.0
[AQ] REVEAL id=22 weapon=SMG eta=1.55 lead=2.00 fighter=MAGNET force=false
[AQ] SPAWN_SLOT id=23 x=494 y=533 lead=2.00
[AQ] PICKUP id=22 fighter=MAGNET weapon=SMG
[AQ] USE fighter=MAGNET weapon=SMG
[AQ] SHOT fighter=MAGNET weapon=SMG t=56.950
[AQ] SHOT fighter=MAGNET weapon=SMG t=57.033
[AQ] SHOT fighter=MAGNET weapon=SMG t=57.117
[AQ] HIT source=MAGNET target=ROBOT weapon=SMG damage=15.8
[AQ] SHOT fighter=MAGNET weapon=SMG t=57.200
[AQ] SHOT fighter=MAGNET weapon=SMG t=57.283
[AQ] SHOT fighter=MAGNET weapon=SMG t=57.367
[AQ] REVEAL id=23 weapon=TEC_9 eta=null lead=2.00 fighter=TIMEOUT force=true
[AQ] SHOT fighter=MAGNET weapon=SMG t=57.450
[AQ] SHOT fighter=MAGNET weapon=SMG t=57.533
[AQ] CONSUME fighter=MAGNET weapon=SMG reason=sequence-complete
[AQ] HIT source=MAGNET target=ROBOT weapon=SMG damage=15.8
[AQ] SPAWN_HEAL id=24 heal=HEAL_H1 restore=70
[AQ] PICKUP id=23 fighter=MAGNET weapon=TEC_9
[AQ] USE fighter=MAGNET weapon=TEC_9
[AQ] SHOT fighter=MAGNET weapon=TEC_9 t=58.717
[AQ] SHOT fighter=MAGNET weapon=TEC_9 t=58.800
[AQ] HIT source=MAGNET target=ROBOT weapon=TEC_9 damage=21.0
[AQ] SHOT fighter=MAGNET weapon=TEC_9 t=58.883
[AQ] HIT source=MAGNET target=ROBOT weapon=TEC_9 damage=21.0
[AQ] SPAWN_SLOT id=25 x=472 y=152 lead=2.00
[AQ] HIT source=MAGNET target=ROBOT weapon=TEC_9 damage=21.0
[AQ] SHOT fighter=MAGNET weapon=TEC_9 t=58.983
[AQ] HIT source=MAGNET target=ROBOT weapon=TEC_9 damage=21.0
[AQ] SHOT fighter=MAGNET weapon=TEC_9 t=59.067
[AQ] HIT source=MAGNET target=ROBOT weapon=TEC_9 damage=21.0
[AQ] CONSUME fighter=MAGNET weapon=TEC_9 reason=sequence-complete
[AQ] SPAWN_SLOT id=26 x=202 y=170 lead=2.00
[AQ] KO winner=ROBOT
[AQ] MODE_ENTER mode=ARSENAL_QUEST
[AQ] SPAWN_SLOT id=1 x=413 y=457 lead=2.00
Not implemented: HTMLMediaElement's pause() method
Not implemented: HTMLMediaElement's pause() method
Not implemented: HTMLMediaElement's pause() method
Not implemented: HTMLMediaElement's pause() method
Not implemented: HTMLMediaElement's pause() method
Not implemented: HTMLMediaElement's pause() method
Not implemented: HTMLMediaElement's pause() method
Not implemented: HTMLMediaElement's pause() method
Not implemented: HTMLMediaElement's pause() method
[AQ] REVEAL id=1 weapon=P90 eta=null lead=2.00 fighter=TIMEOUT force=true
[AQ] SPAWN_SLOT id=2 x=407 y=862 lead=2.00
[AQ] PICKUP id=1 fighter=ROBOT weapon=P90
[AQ] USE fighter=ROBOT weapon=P90
[AQ] SHOT fighter=ROBOT weapon=P90 t=5.917
[AQ] SHOT fighter=ROBOT weapon=P90 t=5.967
[AQ] SHOT fighter=ROBOT weapon=P90 t=6.033
[AQ] SHOT fighter=ROBOT weapon=P90 t=6.100
[AQ] SHOT fighter=ROBOT weapon=P90 t=6.167
[AQ] SHOT fighter=ROBOT weapon=P90 t=6.233
[AQ] SHOT fighter=ROBOT weapon=P90 t=6.300
[AQ] SHOT fighter=ROBOT weapon=P90 t=6.367
[AQ] SHOT fighter=ROBOT weapon=P90 t=6.433
[AQ] SHOT fighter=ROBOT weapon=P90 t=6.500
[AQ] CONSUME fighter=ROBOT weapon=P90 reason=sequence-complete
[AQ] SPAWN_SLOT id=3 x=265 y=670 lead=2.00
[AQ] REVEAL id=2 weapon=SMG eta=null lead=2.00 fighter=TIMEOUT force=true
[AQ] PICKUP id=2 fighter=ROBOT weapon=SMG
[AQ] USE fighter=ROBOT weapon=SMG
[AQ] SHOT fighter=ROBOT weapon=SMG t=8.117
[AQ] SHOT fighter=ROBOT weapon=SMG t=8.200
[AQ] SHOT fighter=ROBOT weapon=SMG t=8.283
[AQ] HIT source=ROBOT target=BLACK_HOLE weapon=SMG damage=15.8
[AQ] SHOT fighter=ROBOT weapon=SMG t=8.367
[AQ] HIT source=ROBOT target=BLACK_HOLE weapon=SMG damage=15.8
[AQ] SHOT fighter=ROBOT weapon=SMG t=8.450
[AQ] HIT source=ROBOT target=BLACK_HOLE weapon=SMG damage=15.8
[AQ] SHOT fighter=ROBOT weapon=SMG t=8.533
[AQ] HIT source=ROBOT target=BLACK_HOLE weapon=SMG damage=15.8
[AQ] SHOT fighter=ROBOT weapon=SMG t=8.617
[AQ] HIT source=ROBOT target=BLACK_HOLE weapon=SMG damage=15.8
[AQ] HIT source=ROBOT target=BLACK_HOLE weapon=SMG damage=15.8
[AQ] SHOT fighter=ROBOT weapon=SMG t=8.700
[AQ] HIT source=ROBOT target=BLACK_HOLE weapon=SMG damage=15.8
[AQ] CONSUME fighter=ROBOT weapon=SMG reason=sequence-complete
[AQ] SPAWN_SLOT id=4 x=211 y=371 lead=2.00
[AQ] REVEAL id=3 weapon=TEC_9 eta=null lead=2.00 fighter=TIMEOUT force=true
[AQ] REVEAL id=4 weapon=GLOCK_17 eta=null lead=2.00 fighter=TIMEOUT force=true
[AQ] PICKUP id=4 fighter=ROBOT weapon=GLOCK_17
[AQ] USE fighter=ROBOT weapon=GLOCK_17
[AQ] SHOT fighter=ROBOT weapon=GLOCK_17 t=12.133
[AQ] SHOT fighter=ROBOT weapon=GLOCK_17 t=12.250
[AQ] SHOT fighter=ROBOT weapon=GLOCK_17 t=12.367
[AQ] SHOT fighter=ROBOT weapon=GLOCK_17 t=12.483
[AQ] CONSUME fighter=ROBOT weapon=GLOCK_17 reason=sequence-complete
[AQ] SPAWN_SLOT id=5 x=368 y=386 lead=2.00
[AQ] PICKUP id=3 fighter=BLACK_HOLE weapon=TEC_9
[AQ] USE fighter=BLACK_HOLE weapon=TEC_9
[AQ] SHOT fighter=BLACK_HOLE weapon=TEC_9 t=15.383
[AQ] SHOT fighter=BLACK_HOLE weapon=TEC_9 t=15.467
[AQ] HIT source=BLACK_HOLE target=ROBOT weapon=TEC_9 damage=21.0
[AQ] SHOT fighter=BLACK_HOLE weapon=TEC_9 t=15.550
[AQ] HIT source=BLACK_HOLE target=ROBOT weapon=TEC_9 damage=21.0
[AQ] SHOT fighter=BLACK_HOLE weapon=TEC_9 t=15.650
[AQ] HIT source=BLACK_HOLE target=ROBOT weapon=TEC_9 damage=21.0
[AQ] SHOT fighter=BLACK_HOLE weapon=TEC_9 t=15.733
[AQ] HIT source=BLACK_HOLE target=ROBOT weapon=TEC_9 damage=21.0
[AQ] CONSUME fighter=BLACK_HOLE weapon=TEC_9 reason=sequence-complete
[AQ] SPAWN_SLOT id=6 x=638 y=411 lead=2.00
[AQ] REVEAL id=5 weapon=P90 eta=null lead=2.00 fighter=TIMEOUT force=true
[AQ] PICKUP id=5 fighter=BLACK_HOLE weapon=P90
[AQ] REVEAL id=6 weapon=SMG eta=null lead=2.00 fighter=TIMEOUT force=true
[AQ] USE fighter=BLACK_HOLE weapon=P90
[AQ] SHOT fighter=BLACK_HOLE weapon=P90 t=19.167
[AQ] HIT source=BLACK_HOLE target=ROBOT weapon=P90 damage=13.3
[AQ] SHOT fighter=BLACK_HOLE weapon=P90 t=19.217
[AQ] HIT source=BLACK_HOLE target=ROBOT weapon=P90 damage=13.3
[AQ] SHOT fighter=BLACK_HOLE weapon=P90 t=19.283
[AQ] HIT source=BLACK_HOLE target=ROBOT weapon=P90 damage=13.3
[AQ] SHOT fighter=BLACK_HOLE weapon=P90 t=19.350
[AQ] HIT source=BLACK_HOLE target=ROBOT weapon=P90 damage=13.3
[AQ] SHOT fighter=BLACK_HOLE weapon=P90 t=19.417
[AQ] HIT source=BLACK_HOLE target=ROBOT weapon=P90 damage=13.3
[AQ] SHOT fighter=BLACK_HOLE weapon=P90 t=19.483
[AQ] HIT source=BLACK_HOLE target=ROBOT weapon=P90 damage=13.3
[AQ] SHOT fighter=BLACK_HOLE weapon=P90 t=19.550
[AQ] SHOT fighter=BLACK_HOLE weapon=P90 t=19.617
[AQ] HIT source=BLACK_HOLE target=ROBOT weapon=P90 damage=13.3
[AQ] SHOT fighter=BLACK_HOLE weapon=P90 t=19.683
[AQ] SHOT fighter=BLACK_HOLE weapon=P90 t=19.750
[AQ] CONSUME fighter=BLACK_HOLE weapon=P90 reason=sequence-complete
[AQ] HIT source=BLACK_HOLE target=ROBOT weapon=P90 damage=13.3
[AQ] SPAWN_SLOT id=7 x=896 y=334 lead=2.00
[AQ] PICKUP id=6 fighter=BLACK_HOLE weapon=SMG
[AQ] USE fighter=BLACK_HOLE weapon=SMG
[AQ] SHOT fighter=BLACK_HOLE weapon=SMG t=21.467
[AQ] HIT source=BLACK_HOLE target=ROBOT weapon=SMG damage=15.8
[AQ] SPAWN_HEAL id=8 heal=HEAL_H1 restore=70
[AQ] SHOT fighter=BLACK_HOLE weapon=SMG t=21.550
[AQ] SHOT fighter=BLACK_HOLE weapon=SMG t=21.633
[AQ] HIT source=BLACK_HOLE target=ROBOT weapon=SMG damage=15.8
[AQ] SHOT fighter=BLACK_HOLE weapon=SMG t=21.717
[AQ] HIT source=BLACK_HOLE target=ROBOT weapon=SMG damage=15.8
[AQ] SHOT fighter=BLACK_HOLE weapon=SMG t=21.800
[AQ] HIT source=BLACK_HOLE target=ROBOT weapon=SMG damage=15.8
[AQ] SHOT fighter=BLACK_HOLE weapon=SMG t=21.883
[AQ] SHOT fighter=BLACK_HOLE weapon=SMG t=21.967
[AQ] HIT source=BLACK_HOLE target=ROBOT weapon=SMG damage=15.8
[AQ] SHOT fighter=BLACK_HOLE weapon=SMG t=22.050
[AQ] HIT source=BLACK_HOLE target=ROBOT weapon=SMG damage=15.8
[AQ] CONSUME fighter=BLACK_HOLE weapon=SMG reason=sequence-complete
[AQ] SPAWN_SLOT id=9 x=99 y=790 lead=2.00
[AQ] REVEAL id=7 weapon=GLOCK_17 eta=0.33 lead=2.00 fighter=BLACK_HOLE force=false
[AQ] HIT source=BLACK_HOLE target=ROBOT weapon=SMG damage=15.8
[AQ] PICKUP id=7 fighter=BLACK_HOLE weapon=GLOCK_17
[AQ] USE fighter=BLACK_HOLE weapon=GLOCK_17
[AQ] SHOT fighter=BLACK_HOLE weapon=GLOCK_17 t=22.650
[AQ] HIT source=BLACK_HOLE target=ROBOT weapon=GLOCK_17 damage=24.5
[AQ] SHOT fighter=BLACK_HOLE weapon=GLOCK_17 t=22.767
[AQ] HIT source=BLACK_HOLE target=ROBOT weapon=GLOCK_17 damage=24.5
[AQ] SHOT fighter=BLACK_HOLE weapon=GLOCK_17 t=22.883
[AQ] HIT source=BLACK_HOLE target=ROBOT weapon=GLOCK_17 damage=24.5
[AQ] SHOT fighter=BLACK_HOLE weapon=GLOCK_17 t=23.000
[AQ] HIT source=BLACK_HOLE target=ROBOT weapon=GLOCK_17 damage=24.5
[AQ] CONSUME fighter=BLACK_HOLE weapon=GLOCK_17 reason=sequence-complete
[AQ] SPAWN_SLOT id=10 x=433 y=617 lead=2.00
[AQ] PICKUP_HEAL id=8 fighter=BLACK_HOLE restore=70
[AQ] REVEAL id=9 weapon=P90 eta=1.05 lead=2.00 fighter=ROBOT force=false
[AQ] REVEAL id=10 weapon=SMG eta=0.38 lead=2.00 fighter=ROBOT force=false
[AQ] PICKUP id=10 fighter=ROBOT weapon=SMG
[AQ] USE fighter=ROBOT weapon=SMG
[AQ] SHOT fighter=ROBOT weapon=SMG t=24.867
[AQ] SHOT fighter=ROBOT weapon=SMG t=24.950
[AQ] HIT source=ROBOT target=BLACK_HOLE weapon=SMG damage=15.8
[AQ] SHOT fighter=ROBOT weapon=SMG t=25.033
[AQ] HIT source=ROBOT target=BLACK_HOLE weapon=SMG damage=15.8
[AQ] SHOT fighter=ROBOT weapon=SMG t=25.117
[AQ] SHOT fighter=ROBOT weapon=SMG t=25.200
[AQ] REJECT_PICKUP fighter=ROBOT id=9 reason=already-armed
[AQ] SHOT fighter=ROBOT weapon=SMG t=25.283
[AQ] SHOT fighter=ROBOT weapon=SMG t=25.367
[AQ] SHOT fighter=ROBOT weapon=SMG t=25.450
[AQ] CONSUME fighter=ROBOT weapon=SMG reason=sequence-complete
[AQ] PICKUP id=9 fighter=ROBOT weapon=P90
[AQ] USE fighter=ROBOT weapon=P90
[AQ] SHOT fighter=ROBOT weapon=P90 t=25.883
[AQ] SHOT fighter=ROBOT weapon=P90 t=25.933
[AQ] SHOT fighter=ROBOT weapon=P90 t=26.000
[AQ] SHOT fighter=ROBOT weapon=P90 t=26.067
[AQ] SHOT fighter=ROBOT weapon=P90 t=26.133
[AQ] SHOT fighter=ROBOT weapon=P90 t=26.200
[AQ] SHOT fighter=ROBOT weapon=P90 t=26.267
[AQ] SHOT fighter=ROBOT weapon=P90 t=26.333
[AQ] SHOT fighter=ROBOT weapon=P90 t=26.400
[AQ] SHOT fighter=ROBOT weapon=P90 t=26.467
[AQ] CONSUME fighter=ROBOT weapon=P90 reason=sequence-complete
[AQ] SPAWN_SLOT id=11 x=676 y=151 lead=2.00
[AQ] HIT source=ROBOT target=BLACK_HOLE weapon=P90 damage=13.3
[AQ] REVEAL id=11 weapon=TEC_9 eta=null lead=2.00 fighter=TIMEOUT force=true
[AQ] SPAWN_HEAL id=12 heal=HEAL_H1 restore=70
[AQ] SPAWN_SLOT id=13 x=495 y=702 lead=2.00
[AQ] PICKUP_HEAL id=12 fighter=BLACK_HOLE restore=70
[AQ] REVEAL id=13 weapon=P90 eta=0.35 lead=2.00 fighter=BLACK_HOLE force=false
[AQ] PICKUP id=13 fighter=BLACK_HOLE weapon=P90
[AQ] USE fighter=BLACK_HOLE weapon=P90
[AQ] SHOT fighter=BLACK_HOLE weapon=P90 t=32.617
[AQ] HIT source=BLACK_HOLE target=ROBOT weapon=P90 damage=13.3
[AQ] SHOT fighter=BLACK_HOLE weapon=P90 t=32.667
[AQ] HIT source=BLACK_HOLE target=ROBOT weapon=P90 damage=13.3
[AQ] SHOT fighter=BLACK_HOLE weapon=P90 t=32.733
[AQ] HIT source=BLACK_HOLE target=ROBOT weapon=P90 damage=13.3
[AQ] SHOT fighter=BLACK_HOLE weapon=P90 t=32.800
[AQ] SHOT fighter=BLACK_HOLE weapon=P90 t=32.867
[AQ] HIT source=BLACK_HOLE target=ROBOT weapon=P90 damage=13.3
[AQ] SHOT fighter=BLACK_HOLE weapon=P90 t=32.933
[AQ] HIT source=BLACK_HOLE target=ROBOT weapon=P90 damage=13.3
[AQ] SHOT fighter=BLACK_HOLE weapon=P90 t=33.000
[AQ] HIT source=BLACK_HOLE target=ROBOT weapon=P90 damage=13.3
[AQ] SHOT fighter=BLACK_HOLE weapon=P90 t=33.067
[AQ] SHOT fighter=BLACK_HOLE weapon=P90 t=33.133
[AQ] HIT source=BLACK_HOLE target=ROBOT weapon=P90 damage=13.3
[AQ] SHOT fighter=BLACK_HOLE weapon=P90 t=33.200
[AQ] HIT source=BLACK_HOLE target=ROBOT weapon=P90 damage=13.3
[AQ] CONSUME fighter=BLACK_HOLE weapon=P90 reason=sequence-complete
[AQ] HIT source=BLACK_HOLE target=ROBOT weapon=P90 damage=13.3
[AQ] PICKUP id=11 fighter=BLACK_HOLE weapon=TEC_9
[AQ] USE fighter=BLACK_HOLE weapon=TEC_9
[AQ] SHOT fighter=BLACK_HOLE weapon=TEC_9 t=34.733
[AQ] SHOT fighter=BLACK_HOLE weapon=TEC_9 t=34.817
[AQ] HIT source=BLACK_HOLE target=ROBOT weapon=TEC_9 damage=21.0
[AQ] SHOT fighter=BLACK_HOLE weapon=TEC_9 t=34.900
[AQ] HIT source=BLACK_HOLE target=ROBOT weapon=TEC_9 damage=21.0
[AQ] SHOT fighter=BLACK_HOLE weapon=TEC_9 t=35.000
[AQ] HIT source=BLACK_HOLE target=ROBOT weapon=TEC_9 damage=21.0
[AQ] SHOT fighter=BLACK_HOLE weapon=TEC_9 t=35.083
[AQ] HIT source=BLACK_HOLE target=ROBOT weapon=TEC_9 damage=21.0
[AQ] CONSUME fighter=BLACK_HOLE weapon=TEC_9 reason=sequence-complete
[AQ] SPAWN_SLOT id=14 x=212 y=586 lead=2.00
[AQ] REVEAL id=14 weapon=SMG eta=1.46 lead=2.00 fighter=BLACK_HOLE force=false
[AQ] HIT source=BLACK_HOLE target=ROBOT weapon=TEC_9 damage=21.0
[AQ] PICKUP id=14 fighter=ROBOT weapon=SMG
[AQ] USE fighter=ROBOT weapon=SMG
[AQ] SHOT fighter=ROBOT weapon=SMG t=36.683
[AQ] SHOT fighter=ROBOT weapon=SMG t=36.767
[AQ] SHOT fighter=ROBOT weapon=SMG t=36.850
[AQ] HIT source=ROBOT target=BLACK_HOLE weapon=SMG damage=15.8
[AQ] SHOT fighter=ROBOT weapon=SMG t=36.933
[AQ] HIT source=ROBOT target=BLACK_HOLE weapon=SMG damage=15.8
[AQ] SHOT fighter=ROBOT weapon=SMG t=37.017
[AQ] HIT source=ROBOT target=BLACK_HOLE weapon=SMG damage=15.8
[AQ] HIT source=ROBOT target=BLACK_HOLE weapon=SMG damage=15.8
[AQ] SHOT fighter=ROBOT weapon=SMG t=37.100
[AQ] HIT source=ROBOT target=BLACK_HOLE weapon=SMG damage=15.8
[AQ] SHOT fighter=ROBOT weapon=SMG t=37.183
[AQ] HIT source=ROBOT target=BLACK_HOLE weapon=SMG damage=15.8
[AQ] SHOT fighter=ROBOT weapon=SMG t=37.267
[AQ] HIT source=ROBOT target=BLACK_HOLE weapon=SMG damage=15.8
[AQ] CONSUME fighter=ROBOT weapon=SMG reason=sequence-complete
[AQ] SPAWN_SLOT id=15 x=279 y=420 lead=2.00
[AQ] REVEAL id=15 weapon=TEC_9 eta=0.18 lead=2.00 fighter=BLACK_HOLE force=false
[AQ] PICKUP id=15 fighter=BLACK_HOLE weapon=TEC_9
[AQ] HIT source=ROBOT target=BLACK_HOLE weapon=SMG damage=15.8
[AQ] USE fighter=BLACK_HOLE weapon=TEC_9
[AQ] SHOT fighter=BLACK_HOLE weapon=TEC_9 t=37.700
[AQ] SHOT fighter=BLACK_HOLE weapon=TEC_9 t=37.783
[AQ] HIT source=BLACK_HOLE target=ROBOT weapon=TEC_9 damage=21.0
[AQ] SHOT fighter=BLACK_HOLE weapon=TEC_9 t=37.867
[AQ] HIT source=BLACK_HOLE target=ROBOT weapon=TEC_9 damage=21.0
[AQ] HIT source=BLACK_HOLE target=ROBOT weapon=TEC_9 damage=21.0
[AQ] SHOT fighter=BLACK_HOLE weapon=TEC_9 t=37.967
[AQ] SHOT fighter=BLACK_HOLE weapon=TEC_9 t=38.050
[AQ] HIT source=BLACK_HOLE target=ROBOT weapon=TEC_9 damage=21.0
[AQ] CONSUME fighter=BLACK_HOLE weapon=TEC_9 reason=sequence-complete
[AQ] HIT source=BLACK_HOLE target=ROBOT weapon=TEC_9 damage=21.0
[AQ] SPAWN_SLOT id=16 x=324 y=837 lead=2.00
[AQ] SPAWN_HEAL id=17 heal=HEAL_H1 restore=70
[AQ] REVEAL id=16 weapon=P90 eta=1.37 lead=2.00 fighter=BLACK_HOLE force=false
[AQ] PICKUP id=16 fighter=ROBOT weapon=P90
[AQ] USE fighter=ROBOT weapon=P90
[AQ] SHOT fighter=ROBOT weapon=P90 t=41.383
[AQ] SHOT fighter=ROBOT weapon=P90 t=41.433
[AQ] SHOT fighter=ROBOT weapon=P90 t=41.500
[AQ] SHOT fighter=ROBOT weapon=P90 t=41.567
[AQ] SHOT fighter=ROBOT weapon=P90 t=41.633
[AQ] SHOT fighter=ROBOT weapon=P90 t=41.700
[AQ] SHOT fighter=ROBOT weapon=P90 t=41.767
[AQ] HIT source=ROBOT target=BLACK_HOLE weapon=P90 damage=13.3
[AQ] SHOT fighter=ROBOT weapon=P90 t=41.833
[AQ] HIT source=ROBOT target=BLACK_HOLE weapon=P90 damage=13.3
[AQ] SHOT fighter=ROBOT weapon=P90 t=41.900
[AQ] SHOT fighter=ROBOT weapon=P90 t=41.967
[AQ] HIT source=ROBOT target=BLACK_HOLE weapon=P90 damage=13.3
[AQ] CONSUME fighter=ROBOT weapon=P90 reason=sequence-complete
[AQ] SPAWN_SLOT id=18 x=632 y=902 lead=2.00
[AQ] HIT source=ROBOT target=BLACK_HOLE weapon=P90 damage=13.3
[AQ] HIT source=ROBOT target=BLACK_HOLE weapon=P90 damage=13.3
[AQ] PICKUP_HEAL id=17 fighter=ROBOT restore=70
[AQ] REVEAL id=18 weapon=SMG eta=null lead=2.00 fighter=TIMEOUT force=true
[AQ] SPAWN_SLOT id=19 x=553 y=326 lead=2.00
[AQ] SPAWN_HEAL id=20 heal=HEAL_H1 restore=70
[AQ] REVEAL id=19 weapon=GLOCK_17 eta=null lead=2.00 fighter=TIMEOUT force=true
[AQ] PICKUP id=18 fighter=ROBOT weapon=SMG
[AQ] USE fighter=ROBOT weapon=SMG
[AQ] SHOT fighter=ROBOT weapon=SMG t=50.100
[AQ] HIT source=ROBOT target=BLACK_HOLE weapon=SMG damage=15.8
[AQ] SHOT fighter=ROBOT weapon=SMG t=50.183
[AQ] HIT source=ROBOT target=BLACK_HOLE weapon=SMG damage=15.8
[AQ] SHOT fighter=ROBOT weapon=SMG t=50.267
[AQ] HIT source=ROBOT target=BLACK_HOLE weapon=SMG damage=15.8
[AQ] SHOT fighter=ROBOT weapon=SMG t=50.350
[AQ] HIT source=ROBOT target=BLACK_HOLE weapon=SMG damage=15.8
[AQ] SHOT fighter=ROBOT weapon=SMG t=50.433
[AQ] HIT source=ROBOT target=BLACK_HOLE weapon=SMG damage=15.8
[AQ] SHOT fighter=ROBOT weapon=SMG t=50.517
[AQ] HIT source=ROBOT target=BLACK_HOLE weapon=SMG damage=15.8
[AQ] SHOT fighter=ROBOT weapon=SMG t=50.600
[AQ] HIT source=ROBOT target=BLACK_HOLE weapon=SMG damage=15.8
[AQ] SHOT fighter=ROBOT weapon=SMG t=50.683
[AQ] HIT source=ROBOT target=BLACK_HOLE weapon=SMG damage=15.8
[AQ] CONSUME fighter=ROBOT weapon=SMG reason=sequence-complete
[AQ] SPAWN_SLOT id=21 x=365 y=419 lead=2.00
[AQ] REVEAL id=21 weapon=P90 eta=0.21 lead=2.00 fighter=BLACK_HOLE force=false
[AQ] PICKUP id=21 fighter=BLACK_HOLE weapon=P90
[AQ] USE fighter=BLACK_HOLE weapon=P90
[AQ] SHOT fighter=BLACK_HOLE weapon=P90 t=51.383
[AQ] HIT source=BLACK_HOLE target=ROBOT weapon=P90 damage=13.3
[AQ] SHOT fighter=BLACK_HOLE weapon=P90 t=51.433
[AQ] HIT source=BLACK_HOLE target=ROBOT weapon=P90 damage=13.3
[AQ] REJECT_PICKUP fighter=BLACK_HOLE id=19 reason=already-armed
[AQ] SHOT fighter=BLACK_HOLE weapon=P90 t=51.500
[AQ] HIT source=BLACK_HOLE target=ROBOT weapon=P90 damage=13.3
[AQ] SHOT fighter=BLACK_HOLE weapon=P90 t=51.567
[AQ] HIT source=BLACK_HOLE target=ROBOT weapon=P90 damage=13.3
[AQ] SHOT fighter=BLACK_HOLE weapon=P90 t=51.633
[AQ] HIT source=BLACK_HOLE target=ROBOT weapon=P90 damage=13.3
[AQ] SHOT fighter=BLACK_HOLE weapon=P90 t=51.700
[AQ] HIT source=BLACK_HOLE target=ROBOT weapon=P90 damage=13.3
[AQ] SHOT fighter=BLACK_HOLE weapon=P90 t=51.767
[AQ] HIT source=BLACK_HOLE target=ROBOT weapon=P90 damage=13.3
[AQ] SHOT fighter=BLACK_HOLE weapon=P90 t=51.833
[AQ] HIT source=BLACK_HOLE target=ROBOT weapon=P90 damage=13.3
[AQ] SHOT fighter=BLACK_HOLE weapon=P90 t=51.900
[AQ] HIT source=BLACK_HOLE target=ROBOT weapon=P90 damage=13.3
[AQ] SHOT fighter=BLACK_HOLE weapon=P90 t=51.967
[AQ] HIT source=BLACK_HOLE target=ROBOT weapon=P90 damage=13.3
[AQ] CONSUME fighter=BLACK_HOLE weapon=P90 reason=sequence-complete
[AQ] PICKUP id=19 fighter=BLACK_HOLE weapon=GLOCK_17
[AQ] PICKUP_HEAL id=20 fighter=BLACK_HOLE restore=70
[AQ] USE fighter=BLACK_HOLE weapon=GLOCK_17
[AQ] SHOT fighter=BLACK_HOLE weapon=GLOCK_17 t=53.083
[AQ] SHOT fighter=BLACK_HOLE weapon=GLOCK_17 t=53.200
[AQ] SHOT fighter=BLACK_HOLE weapon=GLOCK_17 t=53.317
[AQ] SHOT fighter=BLACK_HOLE weapon=GLOCK_17 t=53.433
[AQ] CONSUME fighter=BLACK_HOLE weapon=GLOCK_17 reason=sequence-complete
[AQ] SPAWN_SLOT id=22 x=528 y=157 lead=2.00
[AQ] REVEAL id=22 weapon=SMG eta=null lead=2.00 fighter=TIMEOUT force=true
[AQ] SPAWN_HEAL id=23 heal=HEAL_H1 restore=70
[AQ] SPAWN_SLOT id=24 x=479 y=784 lead=2.00
[AQ] PICKUP_HEAL id=23 fighter=BLACK_HOLE restore=70
[AQ] KO winner=ROBOT
[AQ] MODE_ENTER mode=ARSENAL_QUEST
[AQ] SPAWN_SLOT id=1 x=660 y=398 lead=2.00
Not implemented: HTMLMediaElement's pause() method
Not implemented: HTMLMediaElement's pause() method
Not implemented: HTMLMediaElement's pause() method
Not implemented: HTMLMediaElement's pause() method
Not implemented: HTMLMediaElement's pause() method
Not implemented: HTMLMediaElement's pause() method
Not implemented: HTMLMediaElement's pause() method
Not implemented: HTMLMediaElement's pause() method
Not implemented: HTMLMediaElement's pause() method
[AQ] REVEAL id=1 weapon=GLOCK_17 eta=null lead=2.00 fighter=TIMEOUT force=true
[AQ] SPAWN_SLOT id=2 x=618 y=709 lead=2.00
[AQ] REVEAL id=2 weapon=P90 eta=null lead=2.00 fighter=TIMEOUT force=true
[AQ] SPAWN_SLOT id=3 x=483 y=477 lead=2.00
[AQ] PICKUP id=2 fighter=ROBOT weapon=P90
[AQ] USE fighter=ROBOT weapon=P90
[AQ] SHOT fighter=ROBOT weapon=P90 t=9.567
[AQ] SHOT fighter=ROBOT weapon=P90 t=9.617
[AQ] SHOT fighter=ROBOT weapon=P90 t=9.683
[AQ] HIT source=ROBOT target=WITCH weapon=P90 damage=13.3
[AQ] SHOT fighter=ROBOT weapon=P90 t=9.750
[AQ] HIT source=ROBOT target=WITCH weapon=P90 damage=13.3
[AQ] SHOT fighter=ROBOT weapon=P90 t=9.817
[AQ] HIT source=ROBOT target=WITCH weapon=P90 damage=13.3
[AQ] HIT source=ROBOT target=WITCH weapon=P90 damage=13.3
[AQ] SHOT fighter=ROBOT weapon=P90 t=9.883
[AQ] HIT source=ROBOT target=WITCH weapon=P90 damage=13.3
[AQ] SHOT fighter=ROBOT weapon=P90 t=9.950
[AQ] HIT source=ROBOT target=WITCH weapon=P90 damage=13.3
[AQ] SHOT fighter=ROBOT weapon=P90 t=10.017
[AQ] HIT source=ROBOT target=WITCH weapon=P90 damage=13.3
[AQ] SHOT fighter=ROBOT weapon=P90 t=10.083
[AQ] HIT source=ROBOT target=WITCH weapon=P90 damage=13.3
[AQ] SHOT fighter=ROBOT weapon=P90 t=10.150
[AQ] HIT source=ROBOT target=WITCH weapon=P90 damage=13.3
[AQ] CONSUME fighter=ROBOT weapon=P90 reason=sequence-complete
[AQ] HIT source=ROBOT target=WITCH weapon=P90 damage=13.3
[AQ] REVEAL id=3 weapon=SMG eta=null lead=2.00 fighter=TIMEOUT force=true
[AQ] PICKUP id=1 fighter=WITCH weapon=GLOCK_17
[AQ] USE fighter=WITCH weapon=GLOCK_17
[AQ] SHOT fighter=WITCH weapon=GLOCK_17 t=12.700
[AQ] HIT source=WITCH target=ROBOT weapon=GLOCK_17 damage=24.5
[AQ] SHOT fighter=WITCH weapon=GLOCK_17 t=12.817
[AQ] HIT source=WITCH target=ROBOT weapon=GLOCK_17 damage=24.5
[AQ] SHOT fighter=WITCH weapon=GLOCK_17 t=12.933
[AQ] HIT source=WITCH target=ROBOT weapon=GLOCK_17 damage=24.5
[AQ] SHOT fighter=WITCH weapon=GLOCK_17 t=13.050
[AQ] HIT source=WITCH target=ROBOT weapon=GLOCK_17 damage=24.5
[AQ] CONSUME fighter=WITCH weapon=GLOCK_17 reason=sequence-complete
[AQ] SPAWN_SLOT id=4 x=619 y=614 lead=2.00
[AQ] PICKUP id=3 fighter=WITCH weapon=SMG
[AQ] USE fighter=WITCH weapon=SMG
[AQ] SHOT fighter=WITCH weapon=SMG t=14.600
[AQ] SHOT fighter=WITCH weapon=SMG t=14.683
[AQ] HIT source=WITCH target=ROBOT weapon=SMG damage=15.8
[AQ] SHOT fighter=WITCH weapon=SMG t=14.767
[AQ] HIT source=WITCH target=ROBOT weapon=SMG damage=15.8
[AQ] SHOT fighter=WITCH weapon=SMG t=14.850
[AQ] SHOT fighter=WITCH weapon=SMG t=14.933
[AQ] SHOT fighter=WITCH weapon=SMG t=15.017
[AQ] SHOT fighter=WITCH weapon=SMG t=15.100
[AQ] SHOT fighter=WITCH weapon=SMG t=15.183
[AQ] CONSUME fighter=WITCH weapon=SMG reason=sequence-complete
[AQ] SPAWN_SLOT id=5 x=910 y=784 lead=2.00
[AQ] HIT source=WITCH target=ROBOT weapon=SMG damage=15.8
[AQ] REVEAL id=4 weapon=TEC_9 eta=1.22 lead=2.00 fighter=ROBOT force=false
[AQ] HIT source=WITCH target=ROBOT weapon=SMG damage=15.8
[AQ] SPAWN_HEAL id=6 heal=HEAL_H1 restore=70
[AQ] PICKUP_HEAL id=6 fighter=WITCH restore=70
[AQ] REVEAL id=5 weapon=P90 eta=null lead=2.00 fighter=TIMEOUT force=true
[AQ] SPAWN_SLOT id=7 x=173 y=604 lead=2.00
[AQ] PICKUP id=4 fighter=WITCH weapon=TEC_9
[AQ] USE fighter=WITCH weapon=TEC_9
[AQ] SHOT fighter=WITCH weapon=TEC_9 t=21.400
[AQ] SHOT fighter=WITCH weapon=TEC_9 t=21.483
[AQ] HIT source=WITCH target=ROBOT weapon=TEC_9 damage=21.0
[AQ] SHOT fighter=WITCH weapon=TEC_9 t=21.567
[AQ] HIT source=WITCH target=ROBOT weapon=TEC_9 damage=21.0
[AQ] SHOT fighter=WITCH weapon=TEC_9 t=21.667
[AQ] HIT source=WITCH target=ROBOT weapon=TEC_9 damage=21.0
[AQ] SHOT fighter=WITCH weapon=TEC_9 t=21.750
[AQ] HIT source=WITCH target=ROBOT weapon=TEC_9 damage=21.0
[AQ] HIT source=WITCH target=ROBOT weapon=TEC_9 damage=21.0
[AQ] CONSUME fighter=WITCH weapon=TEC_9 reason=sequence-complete
[AQ] REVEAL id=7 weapon=SMG eta=null lead=2.00 fighter=TIMEOUT force=true
[AQ] SPAWN_SLOT id=8 x=792 y=351 lead=2.00
[AQ] SPAWN_HEAL id=9 heal=HEAL_H1 restore=70
[AQ] PICKUP id=5 fighter=WITCH weapon=P90
[AQ] USE fighter=WITCH weapon=P90
[AQ] SHOT fighter=WITCH weapon=P90 t=24.783
[AQ] SHOT fighter=WITCH weapon=P90 t=24.833
[AQ] SHOT fighter=WITCH weapon=P90 t=24.900
[AQ] SHOT fighter=WITCH weapon=P90 t=24.967
[AQ] SHOT fighter=WITCH weapon=P90 t=25.033
[AQ] SHOT fighter=WITCH weapon=P90 t=25.100
[AQ] HIT source=WITCH target=ROBOT weapon=P90 damage=13.3
[AQ] SHOT fighter=WITCH weapon=P90 t=25.167
[AQ] SHOT fighter=WITCH weapon=P90 t=25.233
[AQ] SHOT fighter=WITCH weapon=P90 t=25.300
[AQ] HIT source=WITCH target=ROBOT weapon=P90 damage=13.3
[AQ] SHOT fighter=WITCH weapon=P90 t=25.367
[AQ] HIT source=WITCH target=ROBOT weapon=P90 damage=13.3
[AQ] PICKUP id=7 fighter=ROBOT weapon=SMG
[AQ] CONSUME fighter=WITCH weapon=P90 reason=sequence-complete
[AQ] HIT source=WITCH target=ROBOT weapon=P90 damage=13.3
[AQ] HIT source=WITCH target=ROBOT weapon=P90 damage=13.3
[AQ] USE fighter=ROBOT weapon=SMG
[AQ] SHOT fighter=ROBOT weapon=SMG t=25.767
[AQ] SHOT fighter=ROBOT weapon=SMG t=25.850
[AQ] SHOT fighter=ROBOT weapon=SMG t=25.933
[AQ] SHOT fighter=ROBOT weapon=SMG t=26.017
[AQ] SHOT fighter=ROBOT weapon=SMG t=26.100
[AQ] SHOT fighter=ROBOT weapon=SMG t=26.183
[AQ] SHOT fighter=ROBOT weapon=SMG t=26.267
[AQ] SHOT fighter=ROBOT weapon=SMG t=26.350
[AQ] CONSUME fighter=ROBOT weapon=SMG reason=sequence-complete
[AQ] SPAWN_SLOT id=10 x=658 y=843 lead=2.00
[AQ] HIT source=ROBOT target=WITCH weapon=SMG damage=15.8
[AQ] PICKUP_HEAL id=9 fighter=ROBOT restore=70
[AQ] REVEAL id=8 weapon=GLOCK_17 eta=null lead=2.00 fighter=TIMEOUT force=true
[AQ] PICKUP id=8 fighter=ROBOT weapon=GLOCK_17
[AQ] USE fighter=ROBOT weapon=GLOCK_17
[AQ] SHOT fighter=ROBOT weapon=GLOCK_17 t=29.233
[AQ] HIT source=ROBOT target=WITCH weapon=GLOCK_17 damage=24.5
[AQ] SHOT fighter=ROBOT weapon=GLOCK_17 t=29.350
[AQ] HIT source=ROBOT target=WITCH weapon=GLOCK_17 damage=24.5
[AQ] REVEAL id=10 weapon=P90 eta=null lead=2.00 fighter=TIMEOUT force=true
[AQ] PICKUP id=10 fighter=WITCH weapon=P90
[AQ] SHOT fighter=ROBOT weapon=GLOCK_17 t=29.467
[AQ] SHOT fighter=ROBOT weapon=GLOCK_17 t=29.583
[AQ] HIT source=ROBOT target=WITCH weapon=GLOCK_17 damage=24.5
[AQ] CONSUME fighter=ROBOT weapon=GLOCK_17 reason=sequence-complete
[AQ] HIT source=ROBOT target=WITCH weapon=GLOCK_17 damage=24.5
[AQ] USE fighter=WITCH weapon=P90
[AQ] SHOT fighter=WITCH weapon=P90 t=29.800
[AQ] SHOT fighter=WITCH weapon=P90 t=29.850
[AQ] SHOT fighter=WITCH weapon=P90 t=29.917
[AQ] HIT source=WITCH target=ROBOT weapon=P90 damage=13.3
[AQ] SHOT fighter=WITCH weapon=P90 t=29.983
[AQ] HIT source=WITCH target=ROBOT weapon=P90 damage=13.3
[AQ] SHOT fighter=WITCH weapon=P90 t=30.050
[AQ] HIT source=WITCH target=ROBOT weapon=P90 damage=13.3
[AQ] SHOT fighter=WITCH weapon=P90 t=30.117
[AQ] SHOT fighter=WITCH weapon=P90 t=30.183
[AQ] SHOT fighter=WITCH weapon=P90 t=30.250
[AQ] SHOT fighter=WITCH weapon=P90 t=30.317
[AQ] HIT source=WITCH target=ROBOT weapon=P90 damage=13.3
[AQ] SHOT fighter=WITCH weapon=P90 t=30.383
[AQ] HIT source=WITCH target=ROBOT weapon=P90 damage=13.3
[AQ] CONSUME fighter=WITCH weapon=P90 reason=sequence-complete
[AQ] SPAWN_SLOT id=11 x=729 y=157 lead=2.00
[AQ] HIT source=WITCH target=ROBOT weapon=P90 damage=13.3
[AQ] HIT source=WITCH target=ROBOT weapon=P90 damage=13.3
[AQ] REVEAL id=11 weapon=SMG eta=1.48 lead=2.00 fighter=WITCH force=false
[AQ] PICKUP id=11 fighter=WITCH weapon=SMG
[AQ] USE fighter=WITCH weapon=SMG
[AQ] SHOT fighter=WITCH weapon=SMG t=33.317
[AQ] SPAWN_HEAL id=12 heal=HEAL_H1 restore=70
[AQ] SHOT fighter=WITCH weapon=SMG t=33.400
[AQ] SHOT fighter=WITCH weapon=SMG t=33.483
[AQ] SHOT fighter=WITCH weapon=SMG t=33.567
[AQ] SHOT fighter=WITCH weapon=SMG t=33.650
[AQ] HIT source=WITCH target=ROBOT weapon=SMG damage=15.8
[AQ] SHOT fighter=WITCH weapon=SMG t=33.733
[AQ] HIT source=WITCH target=ROBOT weapon=SMG damage=15.8
[AQ] SHOT fighter=WITCH weapon=SMG t=33.817
[AQ] HIT source=WITCH target=ROBOT weapon=SMG damage=15.8
[AQ] SHOT fighter=WITCH weapon=SMG t=33.900
[AQ] HIT source=WITCH target=ROBOT weapon=SMG damage=15.8
[AQ] CONSUME fighter=WITCH weapon=SMG reason=sequence-complete
[AQ] HIT source=WITCH target=ROBOT weapon=SMG damage=15.8
[AQ] SPAWN_SLOT id=13 x=573 y=525 lead=2.00
[AQ] HIT source=WITCH target=ROBOT weapon=SMG damage=15.8
[AQ] PICKUP_HEAL id=12 fighter=ROBOT restore=70
[AQ] REVEAL id=13 weapon=GLOCK_17 eta=null lead=2.00 fighter=TIMEOUT force=true
[AQ] PICKUP id=13 fighter=ROBOT weapon=GLOCK_17
[AQ] SPAWN_SLOT id=14 x=254 y=215 lead=2.00
[AQ] USE fighter=ROBOT weapon=GLOCK_17
[AQ] SHOT fighter=ROBOT weapon=GLOCK_17 t=38.583
[AQ] SHOT fighter=ROBOT weapon=GLOCK_17 t=38.700
[AQ] SHOT fighter=ROBOT weapon=GLOCK_17 t=38.817
[AQ] SHOT fighter=ROBOT weapon=GLOCK_17 t=38.933
[AQ] CONSUME fighter=ROBOT weapon=GLOCK_17 reason=sequence-complete
[AQ] SPAWN_SLOT id=15 x=780 y=116 lead=2.00
[AQ] REVEAL id=15 weapon=P90 eta=0.06 lead=2.00 fighter=WITCH force=false
[AQ] PICKUP id=15 fighter=WITCH weapon=P90
[AQ] USE fighter=WITCH weapon=P90
[AQ] SHOT fighter=WITCH weapon=P90 t=41.150
[AQ] HIT source=WITCH target=ROBOT weapon=P90 damage=13.3
[AQ] SHOT fighter=WITCH weapon=P90 t=41.200
[AQ] HIT source=WITCH target=ROBOT weapon=P90 damage=13.3
[AQ] SHOT fighter=WITCH weapon=P90 t=41.267
[AQ] HIT source=WITCH target=ROBOT weapon=P90 damage=13.3
[AQ] SHOT fighter=WITCH weapon=P90 t=41.333
[AQ] HIT source=WITCH target=ROBOT weapon=P90 damage=13.3
[AQ] SHOT fighter=WITCH weapon=P90 t=41.400
[AQ] HIT source=WITCH target=ROBOT weapon=P90 damage=13.3
[AQ] SHOT fighter=WITCH weapon=P90 t=41.467
[AQ] HIT source=WITCH target=ROBOT weapon=P90 damage=13.3
[AQ] REVEAL id=14 weapon=SMG eta=null lead=2.00 fighter=TIMEOUT force=true
[AQ] SHOT fighter=WITCH weapon=P90 t=41.533
[AQ] HIT source=WITCH target=ROBOT weapon=P90 damage=13.3
[AQ] SHOT fighter=WITCH weapon=P90 t=41.600
[AQ] HIT source=WITCH target=ROBOT weapon=P90 damage=13.3
[AQ] SHOT fighter=WITCH weapon=P90 t=41.667
[AQ] SHOT fighter=WITCH weapon=P90 t=41.733
[AQ] HIT source=WITCH target=ROBOT weapon=P90 damage=13.3
[AQ] CONSUME fighter=WITCH weapon=P90 reason=sequence-complete
[AQ] HIT source=WITCH target=ROBOT weapon=P90 damage=13.3
[AQ] SPAWN_HEAL id=16 heal=HEAL_H1 restore=70
[AQ] PICKUP_HEAL id=16 fighter=WITCH restore=70
[AQ] SPAWN_SLOT id=17 x=145 y=389 lead=2.00
[AQ] REVEAL id=17 weapon=GLOCK_17 eta=null lead=2.00 fighter=TIMEOUT force=true
[AQ] SPAWN_SLOT id=18 x=349 y=368 lead=2.00
[AQ] PICKUP id=17 fighter=WITCH weapon=GLOCK_17
[AQ] USE fighter=WITCH weapon=GLOCK_17
[AQ] SHOT fighter=WITCH weapon=GLOCK_17 t=48.433
[AQ] SHOT fighter=WITCH weapon=GLOCK_17 t=48.550
[AQ] HIT source=WITCH target=ROBOT weapon=GLOCK_17 damage=24.5
[AQ] SHOT fighter=WITCH weapon=GLOCK_17 t=48.667
[AQ] HIT source=WITCH target=ROBOT weapon=GLOCK_17 damage=24.5
[AQ] HIT source=WITCH target=ROBOT weapon=GLOCK_17 damage=24.5
[AQ] SHOT fighter=WITCH weapon=GLOCK_17 t=48.783
[AQ] HIT source=WITCH target=ROBOT weapon=GLOCK_17 damage=24.5
[AQ] CONSUME fighter=WITCH weapon=GLOCK_17 reason=sequence-complete
[AQ] REVEAL id=18 weapon=P90 eta=0.55 lead=2.00 fighter=ROBOT force=false
[AQ] PICKUP id=14 fighter=WITCH weapon=SMG
[AQ] USE fighter=WITCH weapon=SMG
[AQ] SHOT fighter=WITCH weapon=SMG t=49.483
[AQ] HIT source=WITCH target=ROBOT weapon=SMG damage=15.8
[AQ] PICKUP id=18 fighter=ROBOT weapon=P90
[AQ] SHOT fighter=WITCH weapon=SMG t=49.567
[AQ] HIT source=WITCH target=ROBOT weapon=SMG damage=15.8
[AQ] SHOT fighter=WITCH weapon=SMG t=49.650
[AQ] HIT source=WITCH target=ROBOT weapon=SMG damage=15.8
[AQ] SHOT fighter=WITCH weapon=SMG t=49.733
[AQ] HIT source=WITCH target=ROBOT weapon=SMG damage=15.8
[AQ] SHOT fighter=WITCH weapon=SMG t=49.817
[AQ] HIT source=WITCH target=ROBOT weapon=SMG damage=15.8
[AQ] USE fighter=ROBOT weapon=P90
[AQ] SHOT fighter=ROBOT weapon=P90 t=49.850
[AQ] HIT source=ROBOT target=WITCH weapon=P90 damage=13.3
[AQ] SHOT fighter=ROBOT weapon=P90 t=49.900
[AQ] SHOT fighter=WITCH weapon=SMG t=49.900
[AQ] HIT source=WITCH target=ROBOT weapon=SMG damage=15.8
[AQ] HIT source=ROBOT target=WITCH weapon=P90 damage=13.3
[AQ] SHOT fighter=ROBOT weapon=P90 t=49.967
[AQ] HIT source=ROBOT target=WITCH weapon=P90 damage=13.3
[AQ] SHOT fighter=WITCH weapon=SMG t=49.983
[AQ] HIT source=WITCH target=ROBOT weapon=SMG damage=15.8
[AQ] SHOT fighter=ROBOT weapon=P90 t=50.033
[AQ] HIT source=ROBOT target=WITCH weapon=P90 damage=13.3
[AQ] SHOT fighter=WITCH weapon=SMG t=50.067
[AQ] HIT source=WITCH target=ROBOT weapon=SMG damage=15.8
[AQ] SHOT fighter=ROBOT weapon=P90 t=50.100
[AQ] HIT source=ROBOT target=WITCH weapon=P90 damage=13.3
[AQ] CONSUME fighter=WITCH weapon=SMG reason=sequence-complete
[AQ] SHOT fighter=ROBOT weapon=P90 t=50.167
[AQ] HIT source=ROBOT target=WITCH weapon=P90 damage=13.3
[AQ] SHOT fighter=ROBOT weapon=P90 t=50.233
[AQ] HIT source=ROBOT target=WITCH weapon=P90 damage=13.3
[AQ] SHOT fighter=ROBOT weapon=P90 t=50.300
[AQ] HIT source=ROBOT target=WITCH weapon=P90 damage=13.3
[AQ] SHOT fighter=ROBOT weapon=P90 t=50.367
[AQ] HIT source=ROBOT target=WITCH weapon=P90 damage=13.3
[AQ] SHOT fighter=ROBOT weapon=P90 t=50.433
[AQ] HIT source=ROBOT target=WITCH weapon=P90 damage=13.3
[AQ] CONSUME fighter=ROBOT weapon=P90 reason=sequence-complete
[AQ] SPAWN_SLOT id=19 x=415 y=685 lead=2.00
[AQ] SPAWN_HEAL id=20 heal=HEAL_H2 restore=126
[AQ] PICKUP_HEAL id=20 fighter=ROBOT restore=126
[AQ] REVEAL id=19 weapon=TEC_9 eta=null lead=2.00 fighter=TIMEOUT force=true
[AQ] SPAWN_SLOT id=21 x=751 y=110 lead=2.00
[AQ] REVEAL id=21 weapon=GLOCK_17 eta=0.05 lead=2.00 fighter=ROBOT force=false
[AQ] PICKUP id=21 fighter=ROBOT weapon=GLOCK_17
[AQ] USE fighter=ROBOT weapon=GLOCK_17
[AQ] SHOT fighter=ROBOT weapon=GLOCK_17 t=55.350
[AQ] SHOT fighter=ROBOT weapon=GLOCK_17 t=55.467
[AQ] HIT source=ROBOT target=WITCH weapon=GLOCK_17 damage=24.5
[AQ] SHOT fighter=ROBOT weapon=GLOCK_17 t=55.583
[AQ] HIT source=ROBOT target=WITCH weapon=GLOCK_17 damage=24.5
[AQ] SHOT fighter=ROBOT weapon=GLOCK_17 t=55.700
[AQ] HIT source=ROBOT target=WITCH weapon=GLOCK_17 damage=24.5
[AQ] HIT source=ROBOT target=WITCH weapon=GLOCK_17 damage=24.5
[AQ] CONSUME fighter=ROBOT weapon=GLOCK_17 reason=sequence-complete
[AQ] PICKUP id=19 fighter=WITCH weapon=TEC_9
[AQ] USE fighter=WITCH weapon=TEC_9
[AQ] SHOT fighter=WITCH weapon=TEC_9 t=58.550
[AQ] SHOT fighter=WITCH weapon=TEC_9 t=58.633
[AQ] SHOT fighter=WITCH weapon=TEC_9 t=58.717
[AQ] HIT source=WITCH target=ROBOT weapon=TEC_9 damage=21.0
[AQ] SHOT fighter=WITCH weapon=TEC_9 t=58.817
[AQ] HIT source=WITCH target=ROBOT weapon=TEC_9 damage=21.0
[AQ] SHOT fighter=WITCH weapon=TEC_9 t=58.900
[AQ] CONSUME fighter=WITCH weapon=TEC_9 reason=sequence-complete
[AQ] HIT source=WITCH target=ROBOT weapon=TEC_9 damage=21.0
[AQ] SPAWN_SLOT id=22 x=326 y=181 lead=2.00
[AQ] REVEAL id=22 weapon=P90 eta=0.22 lead=2.00 fighter=ROBOT force=false
[AQ] PICKUP id=22 fighter=ROBOT weapon=P90
[AQ] HIT source=WITCH target=ROBOT weapon=TEC_9 damage=21.0
[AQ] USE fighter=ROBOT weapon=P90
[AQ] SHOT fighter=ROBOT weapon=P90 t=59.383
[AQ] SHOT fighter=ROBOT weapon=P90 t=59.433
[AQ] SHOT fighter=ROBOT weapon=P90 t=59.500
[AQ] SHOT fighter=ROBOT weapon=P90 t=59.567
[AQ] SHOT fighter=ROBOT weapon=P90 t=59.633
[AQ] SHOT fighter=ROBOT weapon=P90 t=59.700
[AQ] SHOT fighter=ROBOT weapon=P90 t=59.767
[AQ] SHOT fighter=ROBOT weapon=P90 t=59.833
[AQ] SHOT fighter=ROBOT weapon=P90 t=59.900
[AQ] SHOT fighter=ROBOT weapon=P90 t=59.967
[AQ] CONSUME fighter=ROBOT weapon=P90 reason=sequence-complete
[AQ] KO winner=ROBOT
[AQ] MODE_ENTER mode=ARSENAL_QUEST
[AQ] SPAWN_SLOT id=1 x=604 y=416 lead=2.00
Not implemented: HTMLMediaElement's pause() method
Not implemented: HTMLMediaElement's pause() method
Not implemented: HTMLMediaElement's pause() method
Not implemented: HTMLMediaElement's pause() method
Not implemented: HTMLMediaElement's pause() method
Not implemented: HTMLMediaElement's pause() method
Not implemented: HTMLMediaElement's pause() method
Not implemented: HTMLMediaElement's pause() method
Not implemented: HTMLMediaElement's pause() method
[AQ] REVEAL id=1 weapon=SMG eta=null lead=2.00 fighter=TIMEOUT force=true
[AQ] PICKUP id=1 fighter=ROBOT weapon=SMG
[AQ] SPAWN_SLOT id=2 x=245 y=647 lead=2.00
[AQ] USE fighter=ROBOT weapon=SMG
[AQ] SHOT fighter=ROBOT weapon=SMG t=4.750
[AQ] SHOT fighter=ROBOT weapon=SMG t=4.833
[AQ] HIT source=ROBOT target=TIME weapon=SMG damage=15.8
[AQ] SHOT fighter=ROBOT weapon=SMG t=4.917
[AQ] SHOT fighter=ROBOT weapon=SMG t=5.000
[AQ] HIT source=ROBOT target=TIME weapon=SMG damage=15.8
[AQ] SHOT fighter=ROBOT weapon=SMG t=5.083
[AQ] HIT source=ROBOT target=TIME weapon=SMG damage=15.8
[AQ] SHOT fighter=ROBOT weapon=SMG t=5.167
[AQ] HIT source=ROBOT target=TIME weapon=SMG damage=15.8
[AQ] SHOT fighter=ROBOT weapon=SMG t=5.250
[AQ] SHOT fighter=ROBOT weapon=SMG t=5.333
[AQ] HIT source=ROBOT target=TIME weapon=SMG damage=15.8
[AQ] CONSUME fighter=ROBOT weapon=SMG reason=sequence-complete
[AQ] SPAWN_SLOT id=3 x=854 y=745 lead=2.00
[AQ] HIT source=ROBOT target=TIME weapon=SMG damage=15.8
[AQ] HIT source=ROBOT target=TIME weapon=SMG damage=15.8
[AQ] REVEAL id=2 weapon=TEC_9 eta=null lead=2.00 fighter=TIMEOUT force=true
[AQ] REVEAL id=3 weapon=GLOCK_17 eta=null lead=2.00 fighter=TIMEOUT force=true
[AQ] PICKUP id=3 fighter=TIME weapon=GLOCK_17
[AQ] USE fighter=TIME weapon=GLOCK_17
[AQ] SHOT fighter=TIME weapon=GLOCK_17 t=8.767
[AQ] SHOT fighter=TIME weapon=GLOCK_17 t=8.883
[AQ] HIT source=TIME target=ROBOT weapon=GLOCK_17 damage=24.5
[AQ] SHOT fighter=TIME weapon=GLOCK_17 t=9.000
[AQ] HIT source=TIME target=ROBOT weapon=GLOCK_17 damage=24.5
[AQ] SHOT fighter=TIME weapon=GLOCK_17 t=9.117
[AQ] HIT source=TIME target=ROBOT weapon=GLOCK_17 damage=24.5
[AQ] CONSUME fighter=TIME weapon=GLOCK_17 reason=sequence-complete
[AQ] HIT source=TIME target=ROBOT weapon=GLOCK_17 damage=24.5
[AQ] SPAWN_SLOT id=4 x=627 y=353 lead=2.00
[AQ] PICKUP id=2 fighter=TIME weapon=TEC_9
[AQ] USE fighter=TIME weapon=TEC_9
[AQ] SHOT fighter=TIME weapon=TEC_9 t=12.767
[AQ] SHOT fighter=TIME weapon=TEC_9 t=12.850
[AQ] HIT source=TIME target=ROBOT weapon=TEC_9 damage=21.0
[AQ] REVEAL id=4 weapon=P90 eta=null lead=2.00 fighter=TIMEOUT force=true
[AQ] SHOT fighter=TIME weapon=TEC_9 t=12.933
[AQ] HIT source=TIME target=ROBOT weapon=TEC_9 damage=21.0
[AQ] SHOT fighter=TIME weapon=TEC_9 t=13.033
[AQ] HIT source=TIME target=ROBOT weapon=TEC_9 damage=21.0
[AQ] SHOT fighter=TIME weapon=TEC_9 t=13.117
[AQ] HIT source=TIME target=ROBOT weapon=TEC_9 damage=21.0
[AQ] CONSUME fighter=TIME weapon=TEC_9 reason=sequence-complete
[AQ] HIT source=TIME target=ROBOT weapon=TEC_9 damage=21.0
[AQ] SPAWN_HEAL id=5 heal=HEAL_H2 restore=126
[AQ] SPAWN_SLOT id=6 x=284 y=295 lead=2.00
[AQ] PICKUP id=4 fighter=TIME weapon=P90
[AQ] PICKUP_HEAL id=5 fighter=TIME restore=105.84000000000003
[AQ] USE fighter=TIME weapon=P90
[AQ] SHOT fighter=TIME weapon=P90 t=15.267
[AQ] SHOT fighter=TIME weapon=P90 t=15.317
[AQ] HIT source=TIME target=ROBOT weapon=P90 damage=13.3
[AQ] SHOT fighter=TIME weapon=P90 t=15.383
[AQ] SHOT fighter=TIME weapon=P90 t=15.450
[AQ] HIT source=TIME target=ROBOT weapon=P90 damage=13.3
[AQ] SHOT fighter=TIME weapon=P90 t=15.517
[AQ] HIT source=TIME target=ROBOT weapon=P90 damage=13.3
[AQ] SHOT fighter=TIME weapon=P90 t=15.583
[AQ] HIT source=TIME target=ROBOT weapon=P90 damage=13.3
[AQ] SHOT fighter=TIME weapon=P90 t=15.650
[AQ] HIT source=TIME target=ROBOT weapon=P90 damage=13.3
[AQ] SHOT fighter=TIME weapon=P90 t=15.717
[AQ] HIT source=TIME target=ROBOT weapon=P90 damage=13.3
[AQ] SHOT fighter=TIME weapon=P90 t=15.783
[AQ] HIT source=TIME target=ROBOT weapon=P90 damage=13.3
[AQ] SHOT fighter=TIME weapon=P90 t=15.850
[AQ] HIT source=TIME target=ROBOT weapon=P90 damage=13.3
[AQ] CONSUME fighter=TIME weapon=P90 reason=sequence-complete
[AQ] SPAWN_SLOT id=7 x=98 y=862 lead=2.00
[AQ] HIT source=TIME target=ROBOT weapon=P90 damage=13.3
[AQ] REVEAL id=6 weapon=TEC_9 eta=null lead=2.00 fighter=TIMEOUT force=true
[AQ] REVEAL id=7 weapon=GLOCK_17 eta=null lead=2.00 fighter=TIMEOUT force=true
[AQ] PICKUP id=6 fighter=ROBOT weapon=TEC_9
[AQ] USE fighter=ROBOT weapon=TEC_9
[AQ] SHOT fighter=ROBOT weapon=TEC_9 t=20.133
[AQ] SHOT fighter=ROBOT weapon=TEC_9 t=20.217
[AQ] HIT source=ROBOT target=TIME weapon=TEC_9 damage=21.0
[AQ] SHOT fighter=ROBOT weapon=TEC_9 t=20.300
[AQ] HIT source=ROBOT target=TIME weapon=TEC_9 damage=21.0
[AQ] SHOT fighter=ROBOT weapon=TEC_9 t=20.400
[AQ] HIT source=ROBOT target=TIME weapon=TEC_9 damage=21.0
[AQ] SPAWN_SLOT id=8 x=445 y=760 lead=2.00
[AQ] SHOT fighter=ROBOT weapon=TEC_9 t=20.483
[AQ] HIT source=ROBOT target=TIME weapon=TEC_9 damage=21.0
[AQ] CONSUME fighter=ROBOT weapon=TEC_9 reason=sequence-complete
[AQ] SPAWN_HEAL id=9 heal=HEAL_H1 restore=70
[AQ] REVEAL id=8 weapon=SMG eta=0.85 lead=2.00 fighter=ROBOT force=false
[AQ] PICKUP id=8 fighter=ROBOT weapon=SMG
[AQ] USE fighter=ROBOT weapon=SMG
[AQ] SHOT fighter=ROBOT weapon=SMG t=23.883
[AQ] SHOT fighter=ROBOT weapon=SMG t=23.967
[AQ] SHOT fighter=ROBOT weapon=SMG t=24.050
[AQ] HIT source=ROBOT target=TIME weapon=SMG damage=15.8
[AQ] SHOT fighter=ROBOT weapon=SMG t=24.133
[AQ] HIT source=ROBOT target=TIME weapon=SMG damage=15.8
[AQ] SHOT fighter=ROBOT weapon=SMG t=24.217
[AQ] HIT source=ROBOT target=TIME weapon=SMG damage=15.8
[AQ] SHOT fighter=ROBOT weapon=SMG t=24.300
[AQ] HIT source=ROBOT target=TIME weapon=SMG damage=15.8
[AQ] HIT source=ROBOT target=TIME weapon=SMG damage=15.8
[AQ] SHOT fighter=ROBOT weapon=SMG t=24.383
[AQ] HIT source=ROBOT target=TIME weapon=SMG damage=15.8
[AQ] SHOT fighter=ROBOT weapon=SMG t=24.467
[AQ] HIT source=ROBOT target=TIME weapon=SMG damage=15.8
[AQ] CONSUME fighter=ROBOT weapon=SMG reason=sequence-complete
[AQ] HIT source=ROBOT target=TIME weapon=SMG damage=15.8
[AQ] SPAWN_SLOT id=10 x=669 y=706 lead=2.00
[AQ] PICKUP id=7 fighter=TIME weapon=GLOCK_17
[AQ] USE fighter=TIME weapon=GLOCK_17
[AQ] SHOT fighter=TIME weapon=GLOCK_17 t=26.433
[AQ] SHOT fighter=TIME weapon=GLOCK_17 t=26.550
[AQ] HIT source=TIME target=ROBOT weapon=GLOCK_17 damage=24.5
[AQ] SHOT fighter=TIME weapon=GLOCK_17 t=26.667
[AQ] HIT source=TIME target=ROBOT weapon=GLOCK_17 damage=24.5
[AQ] SHOT fighter=TIME weapon=GLOCK_17 t=26.783
[AQ] HIT source=TIME target=ROBOT weapon=GLOCK_17 damage=24.5
[AQ] CONSUME fighter=TIME weapon=GLOCK_17 reason=sequence-complete
[AQ] HIT source=TIME target=ROBOT weapon=GLOCK_17 damage=24.5
[AQ] SPAWN_SLOT id=11 x=137 y=288 lead=2.00
[AQ] REVEAL id=10 weapon=TEC_9 eta=null lead=2.00 fighter=TIMEOUT force=true
[AQ] PICKUP id=10 fighter=TIME weapon=TEC_9
[AQ] USE fighter=TIME weapon=TEC_9
[AQ] SHOT fighter=TIME weapon=TEC_9 t=28.667
[AQ] HIT source=TIME target=ROBOT weapon=TEC_9 damage=21.0
[AQ] SHOT fighter=TIME weapon=TEC_9 t=28.750
[AQ] HIT source=TIME target=ROBOT weapon=TEC_9 damage=21.0
[AQ] SHOT fighter=TIME weapon=TEC_9 t=28.833
[AQ] HIT source=TIME target=ROBOT weapon=TEC_9 damage=21.0
[AQ] SHOT fighter=TIME weapon=TEC_9 t=28.933
[AQ] HIT source=TIME target=ROBOT weapon=TEC_9 damage=21.0
[AQ] SHOT fighter=TIME weapon=TEC_9 t=29.017
[AQ] HIT source=TIME target=ROBOT weapon=TEC_9 damage=21.0
[AQ] CONSUME fighter=TIME weapon=TEC_9 reason=sequence-complete
[AQ] SPAWN_SLOT id=12 x=859 y=216 lead=2.00
[AQ] REVEAL id=11 weapon=GLOCK_17 eta=null lead=2.00 fighter=TIMEOUT force=true
[AQ] REVEAL id=12 weapon=P90 eta=null lead=2.00 fighter=TIMEOUT force=true
[AQ] PICKUP_HEAL id=9 fighter=ROBOT restore=70
[AQ] SPAWN_HEAL id=13 heal=HEAL_H2 restore=126
[AQ] PICKUP id=11 fighter=ROBOT weapon=GLOCK_17
[AQ] USE fighter=ROBOT weapon=GLOCK_17
[AQ] SHOT fighter=ROBOT weapon=GLOCK_17 t=32.833
[AQ] SHOT fighter=ROBOT weapon=GLOCK_17 t=32.950
[AQ] SHOT fighter=ROBOT weapon=GLOCK_17 t=33.067
[AQ] SHOT fighter=ROBOT weapon=GLOCK_17 t=33.183
[AQ] CONSUME fighter=ROBOT weapon=GLOCK_17 reason=sequence-complete
[AQ] SPAWN_SLOT id=14 x=664 y=827 lead=2.00
[AQ] PICKUP id=12 fighter=ROBOT weapon=P90
[AQ] USE fighter=ROBOT weapon=P90
[AQ] SHOT fighter=ROBOT weapon=P90 t=35.800
[AQ] SHOT fighter=ROBOT weapon=P90 t=35.850
[AQ] HIT source=ROBOT target=TIME weapon=P90 damage=13.3
[AQ] SHOT fighter=ROBOT weapon=P90 t=35.917
[AQ] HIT source=ROBOT target=TIME weapon=P90 damage=13.3
[AQ] SHOT fighter=ROBOT weapon=P90 t=35.983
[AQ] HIT source=ROBOT target=TIME weapon=P90 damage=13.3
[AQ] SHOT fighter=ROBOT weapon=P90 t=36.050
[AQ] HIT source=ROBOT target=TIME weapon=P90 damage=13.3
[AQ] SHOT fighter=ROBOT weapon=P90 t=36.117
[AQ] HIT source=ROBOT target=TIME weapon=P90 damage=13.3
[AQ] SHOT fighter=ROBOT weapon=P90 t=36.183
[AQ] HIT source=ROBOT target=TIME weapon=P90 damage=13.3
[AQ] SHOT fighter=ROBOT weapon=P90 t=36.250
[AQ] HIT source=ROBOT target=TIME weapon=P90 damage=13.3
[AQ] SHOT fighter=ROBOT weapon=P90 t=36.317
[AQ] HIT source=ROBOT target=TIME weapon=P90 damage=13.3
[AQ] HIT source=ROBOT target=TIME weapon=P90 damage=13.3
[AQ] SHOT fighter=ROBOT weapon=P90 t=36.383
[AQ] CONSUME fighter=ROBOT weapon=P90 reason=sequence-complete
[AQ] HIT source=ROBOT target=TIME weapon=P90 damage=13.3
[AQ] SPAWN_SLOT id=15 x=149 y=871 lead=2.00
[AQ] REVEAL id=14 weapon=TEC_9 eta=null lead=2.00 fighter=TIMEOUT force=true
[AQ] REVEAL id=15 weapon=GLOCK_17 eta=null lead=2.00 fighter=TIMEOUT force=true
[AQ] HIT source=TIME target=ROBOT weapon=TEC_9 damage=21.0
[AQ] SPAWN_SLOT id=16 x=226 y=171 lead=2.00
[AQ] REVEAL id=16 weapon=P90 eta=0.00 lead=2.00 fighter=ROBOT force=false
[AQ] PICKUP id=16 fighter=ROBOT weapon=P90
[AQ] PICKUP_HEAL id=13 fighter=TIME restore=126
[AQ] USE fighter=ROBOT weapon=P90
[AQ] SHOT fighter=ROBOT weapon=P90 t=41.300
[AQ] SHOT fighter=ROBOT weapon=P90 t=41.350
[AQ] SHOT fighter=ROBOT weapon=P90 t=41.417
[AQ] HIT source=ROBOT target=TIME weapon=P90 damage=13.3
[AQ] HIT source=ROBOT target=TIME weapon=P90 damage=13.3
[AQ] SPAWN_HEAL id=17 heal=HEAL_H2 restore=126
[AQ] SHOT fighter=ROBOT weapon=P90 t=41.483
[AQ] SHOT fighter=ROBOT weapon=P90 t=41.550
[AQ] HIT source=ROBOT target=TIME weapon=P90 damage=13.3
[AQ] PICKUP_HEAL id=17 fighter=TIME restore=113.904
[AQ] SHOT fighter=ROBOT weapon=P90 t=41.617
[AQ] HIT source=ROBOT target=TIME weapon=P90 damage=13.3
[AQ] SHOT fighter=ROBOT weapon=P90 t=41.683
[AQ] HIT source=ROBOT target=TIME weapon=P90 damage=13.3
[AQ] SHOT fighter=ROBOT weapon=P90 t=41.750
[AQ] HIT source=ROBOT target=TIME weapon=P90 damage=13.3
[AQ] SHOT fighter=ROBOT weapon=P90 t=41.817
[AQ] HIT source=ROBOT target=TIME weapon=P90 damage=13.3
[AQ] SHOT fighter=ROBOT weapon=P90 t=41.883
[AQ] CONSUME fighter=ROBOT weapon=P90 reason=sequence-complete
[AQ] HIT source=ROBOT target=TIME weapon=P90 damage=13.3
[AQ] PICKUP id=14 fighter=ROBOT weapon=TEC_9
[AQ] USE fighter=ROBOT weapon=TEC_9
[AQ] SHOT fighter=ROBOT weapon=TEC_9 t=45.267
[AQ] SHOT fighter=ROBOT weapon=TEC_9 t=45.350
[AQ] SHOT fighter=ROBOT weapon=TEC_9 t=45.433
[AQ] HIT source=ROBOT target=TIME weapon=TEC_9 damage=21.0
[AQ] SPAWN_SLOT id=18 x=753 y=342 lead=2.00
[AQ] SHOT fighter=ROBOT weapon=TEC_9 t=45.533
[AQ] HIT source=ROBOT target=TIME weapon=TEC_9 damage=21.0
[AQ] COUNTER_RESERVED id=18 for=TIME shield=SWIRL_SHIELD vs=TEC_9
[AQ] USE fighter=TIME weapon=SWIRL_SHIELD
[AQ] PICKUP id=18 fighter=TIME weapon=SWIRL_SHIELD
[AQ] REFLECT fighter=TIME weapon=SWIRL_SHIELD projectileFrom=ROBOT
[AQ] SHOT fighter=ROBOT weapon=TEC_9 t=45.617
[AQ] HIT source=TIME target=ROBOT weapon=TEC_9 damage=21.0
[AQ] REFLECT fighter=TIME weapon=SWIRL_SHIELD projectileFrom=ROBOT
[AQ] CONSUME fighter=ROBOT weapon=TEC_9 reason=sequence-complete
[AQ] REFLECT fighter=TIME weapon=SWIRL_SHIELD projectileFrom=ROBOT
[AQ] CONSUME fighter=TIME weapon=SWIRL_SHIELD reason=bound-over
[AQ] HIT source=TIME target=ROBOT weapon=TEC_9 damage=21.0
[AQ] HIT source=TIME target=ROBOT weapon=TEC_9 damage=21.0
[AQ] PICKUP id=15 fighter=ROBOT weapon=GLOCK_17
[AQ] USE fighter=ROBOT weapon=GLOCK_17
[AQ] SHOT fighter=ROBOT weapon=GLOCK_17 t=49.233
[AQ] SHOT fighter=ROBOT weapon=GLOCK_17 t=49.350
[AQ] HIT source=ROBOT target=TIME weapon=GLOCK_17 damage=24.5
[AQ] SHOT fighter=ROBOT weapon=GLOCK_17 t=49.467
[AQ] HIT source=ROBOT target=TIME weapon=GLOCK_17 damage=24.5
[AQ] HIT source=ROBOT target=TIME weapon=GLOCK_17 damage=24.5
[AQ] SHOT fighter=ROBOT weapon=GLOCK_17 t=49.583
[AQ] HIT source=ROBOT target=TIME weapon=GLOCK_17 damage=24.5
[AQ] CONSUME fighter=ROBOT weapon=GLOCK_17 reason=sequence-complete
[AQ] SPAWN_SLOT id=19 x=852 y=528 lead=2.00
[AQ] SPAWN_HEAL id=20 heal=HEAL_H1 restore=70
[AQ] PICKUP_HEAL id=20 fighter=TIME restore=70
[AQ] REVEAL id=19 weapon=GLOCK_17 eta=null lead=2.00 fighter=TIMEOUT force=true
[AQ] SPAWN_SLOT id=21 x=797 y=693 lead=2.00
[AQ] PICKUP id=19 fighter=TIME weapon=GLOCK_17
[AQ] USE fighter=TIME weapon=GLOCK_17
[AQ] SHOT fighter=TIME weapon=GLOCK_17 t=55.367
[AQ] SHOT fighter=TIME weapon=GLOCK_17 t=55.483
[AQ] HIT source=TIME target=ROBOT weapon=GLOCK_17 damage=24.5
[AQ] SHOT fighter=TIME weapon=GLOCK_17 t=55.600
[AQ] HIT source=TIME target=ROBOT weapon=GLOCK_17 damage=24.5
[AQ] HIT source=TIME target=ROBOT weapon=GLOCK_17 damage=24.5
[AQ] SHOT fighter=TIME weapon=GLOCK_17 t=55.717
[AQ] HIT source=TIME target=ROBOT weapon=GLOCK_17 damage=24.5
[AQ] CONSUME fighter=TIME weapon=GLOCK_17 reason=sequence-complete
[AQ] SPAWN_SLOT id=22 x=268 y=231 lead=2.00
[AQ] HIT source=TIME target=ROBOT weapon=GLOCK_17 damage=24.5
[AQ] REVEAL id=21 weapon=P90 eta=null lead=2.00 fighter=TIMEOUT force=true
[AQ] HIT source=TIME target=ROBOT weapon=GLOCK_17 damage=24.5
[AQ] HIT source=TIME target=ROBOT weapon=GLOCK_17 damage=24.5
[AQ] HIT source=TIME target=ROBOT weapon=GLOCK_17 damage=24.5
[AQ] REVEAL id=22 weapon=SMG eta=null lead=2.00 fighter=TIMEOUT force=true
[AQ] SPAWN_HEAL id=23 heal=HEAL_H1 restore=70
[AQ] PICKUP id=22 fighter=TIME weapon=SMG
[AQ] KO winner=ROBOT
[AQ] MODE_ENTER mode=ARSENAL_QUEST
[AQ] SPAWN_SLOT id=1 x=877 y=596 lead=2.00
Not implemented: HTMLMediaElement's pause() method
Not implemented: HTMLMediaElement's pause() method
Not implemented: HTMLMediaElement's pause() method
Not implemented: HTMLMediaElement's pause() method
Not implemented: HTMLMediaElement's pause() method
Not implemented: HTMLMediaElement's pause() method
Not implemented: HTMLMediaElement's pause() method
Not implemented: HTMLMediaElement's pause() method
Not implemented: HTMLMediaElement's pause() method
[AQ] REVEAL id=1 weapon=GLOCK_17 eta=null lead=2.00 fighter=TIMEOUT force=true
[AQ] SPAWN_SLOT id=2 x=361 y=636 lead=2.00
[AQ] REVEAL id=2 weapon=P90 eta=0.49 lead=2.00 fighter=KUNGFU force=false
[AQ] PICKUP id=2 fighter=KUNGFU weapon=P90
[AQ] USE fighter=KUNGFU weapon=P90
[AQ] SHOT fighter=KUNGFU weapon=P90 t=5.500
[AQ] SHOT fighter=KUNGFU weapon=P90 t=5.550
[AQ] HIT source=KUNGFU target=ROBOT weapon=P90 damage=13.3
[AQ] SHOT fighter=KUNGFU weapon=P90 t=5.617
[AQ] HIT source=KUNGFU target=ROBOT weapon=P90 damage=13.3
[AQ] SHOT fighter=KUNGFU weapon=P90 t=5.683
[AQ] HIT source=KUNGFU target=ROBOT weapon=P90 damage=13.3
[AQ] SHOT fighter=KUNGFU weapon=P90 t=5.750
[AQ] SHOT fighter=KUNGFU weapon=P90 t=5.817
[AQ] HIT source=KUNGFU target=ROBOT weapon=P90 damage=13.3
[AQ] SHOT fighter=KUNGFU weapon=P90 t=5.883
[AQ] HIT source=KUNGFU target=ROBOT weapon=P90 damage=13.3
[AQ] SHOT fighter=KUNGFU weapon=P90 t=5.950
[AQ] HIT source=KUNGFU target=ROBOT weapon=P90 damage=13.3
[AQ] SHOT fighter=KUNGFU weapon=P90 t=6.017
[AQ] HIT source=KUNGFU target=ROBOT weapon=P90 damage=13.3
[AQ] SHOT fighter=KUNGFU weapon=P90 t=6.083
[AQ] HIT source=KUNGFU target=ROBOT weapon=P90 damage=13.3
[AQ] HIT source=KUNGFU target=ROBOT weapon=P90 damage=13.3
[AQ] CONSUME fighter=KUNGFU weapon=P90 reason=sequence-complete
[AQ] PICKUP id=1 fighter=KUNGFU weapon=GLOCK_17
[AQ] USE fighter=KUNGFU weapon=GLOCK_17
[AQ] SHOT fighter=KUNGFU weapon=GLOCK_17 t=6.567
[AQ] HIT source=KUNGFU target=ROBOT weapon=GLOCK_17 damage=24.5
[AQ] SHOT fighter=KUNGFU weapon=GLOCK_17 t=6.683
[AQ] HIT source=KUNGFU target=ROBOT weapon=GLOCK_17 damage=24.5
[AQ] SPAWN_HEAL id=3 heal=HEAL_H2 restore=126
[AQ] REJECT_HEAL fighter=KUNGFU id=3 reason=full-health
[AQ] SHOT fighter=KUNGFU weapon=GLOCK_17 t=6.800
[AQ] HIT source=KUNGFU target=ROBOT weapon=GLOCK_17 damage=24.5
[AQ] SHOT fighter=KUNGFU weapon=GLOCK_17 t=6.917
[AQ] HIT source=KUNGFU target=ROBOT weapon=GLOCK_17 damage=24.5
[AQ] CONSUME fighter=KUNGFU weapon=GLOCK_17 reason=sequence-complete
[AQ] SPAWN_SLOT id=4 x=134 y=628 lead=2.00
[AQ] PICKUP_HEAL id=3 fighter=ROBOT restore=126
[AQ] REVEAL id=4 weapon=TEC_9 eta=0.52 lead=2.00 fighter=KUNGFU force=false
[AQ] PICKUP id=4 fighter=KUNGFU weapon=TEC_9
[AQ] USE fighter=KUNGFU weapon=TEC_9
[AQ] SHOT fighter=KUNGFU weapon=TEC_9 t=10.650
[AQ] SHOT fighter=KUNGFU weapon=TEC_9 t=10.733
[AQ] HIT source=KUNGFU target=ROBOT weapon=TEC_9 damage=21.0
[AQ] SHOT fighter=KUNGFU weapon=TEC_9 t=10.817
[AQ] HIT source=KUNGFU target=ROBOT weapon=TEC_9 damage=21.0
[AQ] SHOT fighter=KUNGFU weapon=TEC_9 t=10.917
[AQ] SHOT fighter=KUNGFU weapon=TEC_9 t=11.000
[AQ] HIT source=KUNGFU target=ROBOT weapon=TEC_9 damage=21.0
[AQ] CONSUME fighter=KUNGFU weapon=TEC_9 reason=sequence-complete
[AQ] SPAWN_SLOT id=5 x=688 y=902 lead=2.00
[AQ] HIT source=KUNGFU target=ROBOT weapon=TEC_9 damage=21.0
[AQ] REVEAL id=5 weapon=GLOCK_17 eta=null lead=2.00 fighter=TIMEOUT force=true
[AQ] PICKUP id=5 fighter=KUNGFU weapon=GLOCK_17
[AQ] USE fighter=KUNGFU weapon=GLOCK_17
[AQ] SHOT fighter=KUNGFU weapon=GLOCK_17 t=14.733
[AQ] HIT source=KUNGFU target=ROBOT weapon=GLOCK_17 damage=24.5
[AQ] SHOT fighter=KUNGFU weapon=GLOCK_17 t=14.850
[AQ] HIT source=KUNGFU target=ROBOT weapon=GLOCK_17 damage=24.5
[AQ] SHOT fighter=KUNGFU weapon=GLOCK_17 t=14.967
[AQ] HIT source=KUNGFU target=ROBOT weapon=GLOCK_17 damage=24.5
[AQ] SHOT fighter=KUNGFU weapon=GLOCK_17 t=15.083
[AQ] HIT source=KUNGFU target=ROBOT weapon=GLOCK_17 damage=24.5
[AQ] CONSUME fighter=KUNGFU weapon=GLOCK_17 reason=sequence-complete
[AQ] SPAWN_SLOT id=6 x=230 y=289 lead=2.00
[AQ] SPAWN_HEAL id=7 heal=HEAL_H1 restore=70
[AQ] REJECT_HEAL fighter=KUNGFU id=7 reason=full-health
[AQ] REVEAL id=6 weapon=SMG eta=null lead=2.00 fighter=TIMEOUT force=true
[AQ] PICKUP_HEAL id=7 fighter=ROBOT restore=70
[AQ] SPAWN_SLOT id=8 x=772 y=199 lead=2.00
[AQ] PICKUP id=6 fighter=ROBOT weapon=SMG
[AQ] USE fighter=ROBOT weapon=SMG
[AQ] SHOT fighter=ROBOT weapon=SMG t=21.683
[AQ] SHOT fighter=ROBOT weapon=SMG t=21.767
[AQ] SHOT fighter=ROBOT weapon=SMG t=21.850
[AQ] SHOT fighter=ROBOT weapon=SMG t=21.933
[AQ] SHOT fighter=ROBOT weapon=SMG t=22.017
[AQ] HIT source=ROBOT target=KUNGFU weapon=SMG damage=15.8
[AQ] SHOT fighter=ROBOT weapon=SMG t=22.100
[AQ] SHOT fighter=ROBOT weapon=SMG t=22.183
[AQ] HIT source=ROBOT target=KUNGFU weapon=SMG damage=15.8
[AQ] SHOT fighter=ROBOT weapon=SMG t=22.267
[AQ] CONSUME fighter=ROBOT weapon=SMG reason=sequence-complete
[AQ] SPAWN_SLOT id=9 x=251 y=180 lead=2.00
[AQ] REVEAL id=9 weapon=TEC_9 eta=0.00 lead=2.00 fighter=ROBOT force=false
[AQ] PICKUP id=9 fighter=ROBOT weapon=TEC_9
[AQ] HIT source=ROBOT target=KUNGFU weapon=SMG damage=15.8
[AQ] USE fighter=ROBOT weapon=TEC_9
[AQ] SHOT fighter=ROBOT weapon=TEC_9 t=22.700
[AQ] REVEAL id=8 weapon=GLOCK_17 eta=null lead=2.00 fighter=TIMEOUT force=true
[AQ] HIT source=ROBOT target=KUNGFU weapon=TEC_9 damage=21.0
[AQ] SHOT fighter=ROBOT weapon=TEC_9 t=22.783
[AQ] HIT source=ROBOT target=KUNGFU weapon=TEC_9 damage=21.0
[AQ] SHOT fighter=ROBOT weapon=TEC_9 t=22.867
[AQ] HIT source=ROBOT target=KUNGFU weapon=TEC_9 damage=21.0
[AQ] SHOT fighter=ROBOT weapon=TEC_9 t=22.967
[AQ] HIT source=ROBOT target=KUNGFU weapon=TEC_9 damage=21.0
[AQ] SHOT fighter=ROBOT weapon=TEC_9 t=23.050
[AQ] HIT source=ROBOT target=KUNGFU weapon=TEC_9 damage=21.0
[AQ] CONSUME fighter=ROBOT weapon=TEC_9 reason=sequence-complete
[AQ] SPAWN_HEAL id=10 heal=HEAL_H1 restore=70
[AQ] PICKUP_HEAL id=10 fighter=KUNGFU restore=70
[AQ] SPAWN_SLOT id=11 x=336 y=826 lead=2.00
[AQ] PICKUP id=8 fighter=ROBOT weapon=GLOCK_17
[AQ] USE fighter=ROBOT weapon=GLOCK_17
[AQ] SHOT fighter=ROBOT weapon=GLOCK_17 t=28.000
[AQ] HIT source=ROBOT target=KUNGFU weapon=GLOCK_17 damage=24.5
[AQ] SHOT fighter=ROBOT weapon=GLOCK_17 t=28.117
[AQ] HIT source=ROBOT target=KUNGFU weapon=GLOCK_17 damage=24.5
[AQ] SHOT fighter=ROBOT weapon=GLOCK_17 t=28.233
[AQ] HIT source=ROBOT target=KUNGFU weapon=GLOCK_17 damage=24.5
[AQ] SHOT fighter=ROBOT weapon=GLOCK_17 t=28.350
[AQ] HIT source=ROBOT target=KUNGFU weapon=GLOCK_17 damage=24.5
[AQ] CONSUME fighter=ROBOT weapon=GLOCK_17 reason=sequence-complete
[AQ] SPAWN_SLOT id=12 x=619 y=631 lead=2.00
[AQ] REVEAL id=11 weapon=SMG eta=null lead=2.00 fighter=TIMEOUT force=true
[AQ] PICKUP id=11 fighter=ROBOT weapon=SMG
[AQ] USE fighter=ROBOT weapon=SMG
[AQ] SHOT fighter=ROBOT weapon=SMG t=30.900
[AQ] HIT source=ROBOT target=KUNGFU weapon=SMG damage=15.8
[AQ] SHOT fighter=ROBOT weapon=SMG t=30.983
[AQ] HIT source=ROBOT target=KUNGFU weapon=SMG damage=15.8
[AQ] SHOT fighter=ROBOT weapon=SMG t=31.067
[AQ] HIT source=ROBOT target=KUNGFU weapon=SMG damage=15.8
[AQ] SHOT fighter=ROBOT weapon=SMG t=31.150
[AQ] HIT source=ROBOT target=KUNGFU weapon=SMG damage=15.8
[AQ] SHOT fighter=ROBOT weapon=SMG t=31.233
[AQ] HIT source=ROBOT target=KUNGFU weapon=SMG damage=15.8
[AQ] SHOT fighter=ROBOT weapon=SMG t=31.317
[AQ] HIT source=ROBOT target=KUNGFU weapon=SMG damage=15.8
[AQ] SHOT fighter=ROBOT weapon=SMG t=31.400
[AQ] HIT source=ROBOT target=KUNGFU weapon=SMG damage=15.8
[AQ] SHOT fighter=ROBOT weapon=SMG t=31.483
[AQ] REVEAL id=12 weapon=TEC_9 eta=null lead=2.00 fighter=TIMEOUT force=true
[AQ] REJECT_PICKUP fighter=ROBOT id=12 reason=already-armed
[AQ] PICKUP id=12 fighter=KUNGFU weapon=TEC_9
[AQ] HIT source=ROBOT target=KUNGFU weapon=SMG damage=15.8
[AQ] CONSUME fighter=ROBOT weapon=SMG reason=sequence-complete
[AQ] USE fighter=KUNGFU weapon=TEC_9
[AQ] SHOT fighter=KUNGFU weapon=TEC_9 t=31.833
[AQ] HIT source=KUNGFU target=ROBOT weapon=TEC_9 damage=21.0
[AQ] SHOT fighter=KUNGFU weapon=TEC_9 t=31.917
[AQ] HIT source=KUNGFU target=ROBOT weapon=TEC_9 damage=21.0
[AQ] SHOT fighter=KUNGFU weapon=TEC_9 t=32.000
[AQ] HIT source=KUNGFU target=ROBOT weapon=TEC_9 damage=21.0
[AQ] SHOT fighter=KUNGFU weapon=TEC_9 t=32.100
[AQ] HIT source=KUNGFU target=ROBOT weapon=TEC_9 damage=21.0
[AQ] SHOT fighter=KUNGFU weapon=TEC_9 t=32.183
[AQ] HIT source=KUNGFU target=ROBOT weapon=TEC_9 damage=21.0
[AQ] CONSUME fighter=KUNGFU weapon=TEC_9 reason=sequence-complete
[AQ] SPAWN_SLOT id=13 x=702 y=479 lead=2.00
[AQ] SPAWN_HEAL id=14 heal=HEAL_H1 restore=70
[AQ] REVEAL id=13 weapon=P90 eta=null lead=2.00 fighter=TIMEOUT force=true
[AQ] PICKUP_HEAL id=14 fighter=ROBOT restore=70
[AQ] PICKUP id=13 fighter=KUNGFU weapon=P90
[AQ] SPAWN_SLOT id=15 x=568 y=523 lead=2.00
[AQ] USE fighter=KUNGFU weapon=P90
[AQ] SHOT fighter=KUNGFU weapon=P90 t=36.933
[AQ] SHOT fighter=KUNGFU weapon=P90 t=36.983
[AQ] HIT source=KUNGFU target=ROBOT weapon=P90 damage=13.3
[AQ] SHOT fighter=KUNGFU weapon=P90 t=37.050
[AQ] HIT source=KUNGFU target=ROBOT weapon=P90 damage=13.3
[AQ] SHOT fighter=KUNGFU weapon=P90 t=37.117
[AQ] HIT source=KUNGFU target=ROBOT weapon=P90 damage=13.3
[AQ] SHOT fighter=KUNGFU weapon=P90 t=37.183
[AQ] SHOT fighter=KUNGFU weapon=P90 t=37.250
[AQ] HIT source=KUNGFU target=ROBOT weapon=P90 damage=13.3
[AQ] SHOT fighter=KUNGFU weapon=P90 t=37.317
[AQ] HIT source=KUNGFU target=ROBOT weapon=P90 damage=13.3
[AQ] SHOT fighter=KUNGFU weapon=P90 t=37.383
[AQ] HIT source=KUNGFU target=ROBOT weapon=P90 damage=13.3
[AQ] SHOT fighter=KUNGFU weapon=P90 t=37.450
[AQ] HIT source=KUNGFU target=ROBOT weapon=P90 damage=13.3
[AQ] SHOT fighter=KUNGFU weapon=P90 t=37.517
[AQ] HIT source=KUNGFU target=ROBOT weapon=P90 damage=13.3
[AQ] CONSUME fighter=KUNGFU weapon=P90 reason=sequence-complete
[AQ] SPAWN_SLOT id=16 x=312 y=381 lead=2.00
[AQ] REVEAL id=16 weapon=SMG eta=0.13 lead=2.00 fighter=ROBOT force=false
[AQ] PICKUP id=16 fighter=ROBOT weapon=SMG
[AQ] HIT source=KUNGFU target=ROBOT weapon=P90 damage=13.3
[AQ] USE fighter=ROBOT weapon=SMG
[AQ] SHOT fighter=ROBOT weapon=SMG t=37.933
[AQ] HIT source=ROBOT target=KUNGFU weapon=SMG damage=15.8
[AQ] SHOT fighter=ROBOT weapon=SMG t=38.017
[AQ] HIT source=ROBOT target=KUNGFU weapon=SMG damage=15.8
[AQ] SHOT fighter=ROBOT weapon=SMG t=38.100
[AQ] HIT source=ROBOT target=KUNGFU weapon=SMG damage=15.8
[AQ] SHOT fighter=ROBOT weapon=SMG t=38.183
[AQ] HIT source=ROBOT target=KUNGFU weapon=SMG damage=15.8
[AQ] SHOT fighter=ROBOT weapon=SMG t=38.267
[AQ] HIT source=ROBOT target=KUNGFU weapon=SMG damage=15.8
[AQ] SHOT fighter=ROBOT weapon=SMG t=38.350
[AQ] HIT source=ROBOT target=KUNGFU weapon=SMG damage=15.8
[AQ] SHOT fighter=ROBOT weapon=SMG t=38.433
[AQ] HIT source=ROBOT target=KUNGFU weapon=SMG damage=15.8
[AQ] SHOT fighter=ROBOT weapon=SMG t=38.517
[AQ] HIT source=ROBOT target=KUNGFU weapon=SMG damage=15.8
[AQ] CONSUME fighter=ROBOT weapon=SMG reason=sequence-complete
[AQ] SPAWN_SLOT id=17 x=757 y=850 lead=2.00
[AQ] REVEAL id=15 weapon=TEC_9 eta=null lead=2.00 fighter=TIMEOUT force=true
[AQ] PICKUP id=15 fighter=KUNGFU weapon=TEC_9
[AQ] USE fighter=KUNGFU weapon=TEC_9
[AQ] SHOT fighter=KUNGFU weapon=TEC_9 t=41.517
[AQ] SHOT fighter=KUNGFU weapon=TEC_9 t=41.600
[AQ] HIT source=KUNGFU target=ROBOT weapon=TEC_9 damage=21.0
[AQ] REVEAL id=17 weapon=GLOCK_17 eta=null lead=2.00 fighter=TIMEOUT force=true
[AQ] SHOT fighter=KUNGFU weapon=TEC_9 t=41.683
[AQ] HIT source=KUNGFU target=ROBOT weapon=TEC_9 damage=21.0
[AQ] SHOT fighter=KUNGFU weapon=TEC_9 t=41.783
[AQ] SHOT fighter=KUNGFU weapon=TEC_9 t=41.867
[AQ] CONSUME fighter=KUNGFU weapon=TEC_9 reason=sequence-complete
[AQ] PICKUP id=17 fighter=KUNGFU weapon=GLOCK_17
[AQ] USE fighter=KUNGFU weapon=GLOCK_17
[AQ] SHOT fighter=KUNGFU weapon=GLOCK_17 t=42.317
[AQ] SHOT fighter=KUNGFU weapon=GLOCK_17 t=42.433
[AQ] SHOT fighter=KUNGFU weapon=GLOCK_17 t=42.550
[AQ] SHOT fighter=KUNGFU weapon=GLOCK_17 t=42.667
[AQ] SPAWN_HEAL id=18 heal=HEAL_H1 restore=70
[AQ] CONSUME fighter=KUNGFU weapon=GLOCK_17 reason=sequence-complete
[AQ] SPAWN_SLOT id=19 x=658 y=504 lead=2.00
[AQ] REVEAL id=19 weapon=SMG eta=null lead=2.00 fighter=TIMEOUT force=true
[AQ] SPAWN_SLOT id=20 x=210 y=115 lead=2.00
[AQ] REVEAL id=20 weapon=TEC_9 eta=0.01 lead=2.00 fighter=KUNGFU force=false
[AQ] PICKUP id=20 fighter=KUNGFU weapon=TEC_9
[AQ] PICKUP_HEAL id=18 fighter=ROBOT restore=70
[AQ] USE fighter=KUNGFU weapon=TEC_9
[AQ] SHOT fighter=KUNGFU weapon=TEC_9 t=47.633
[AQ] HIT source=KUNGFU target=ROBOT weapon=TEC_9 damage=21.0
[AQ] SHOT fighter=KUNGFU weapon=TEC_9 t=47.717
[AQ] HIT source=KUNGFU target=ROBOT weapon=TEC_9 damage=21.0
[AQ] SHOT fighter=KUNGFU weapon=TEC_9 t=47.800
[AQ] HIT source=KUNGFU target=ROBOT weapon=TEC_9 damage=21.0
[AQ] SHOT fighter=KUNGFU weapon=TEC_9 t=47.900
[AQ] HIT source=KUNGFU target=ROBOT weapon=TEC_9 damage=21.0
[AQ] SHOT fighter=KUNGFU weapon=TEC_9 t=47.983
[AQ] HIT source=KUNGFU target=ROBOT weapon=TEC_9 damage=21.0
[AQ] CONSUME fighter=KUNGFU weapon=TEC_9 reason=sequence-complete
[AQ] PICKUP id=19 fighter=ROBOT weapon=SMG
[AQ] USE fighter=ROBOT weapon=SMG
[AQ] SHOT fighter=ROBOT weapon=SMG t=49.333
[AQ] SHOT fighter=ROBOT weapon=SMG t=49.417
[AQ] SHOT fighter=ROBOT weapon=SMG t=49.500
[AQ] SHOT fighter=ROBOT weapon=SMG t=49.583
[AQ] SHOT fighter=ROBOT weapon=SMG t=49.667
[AQ] SHOT fighter=ROBOT weapon=SMG t=49.750
[AQ] SHOT fighter=ROBOT weapon=SMG t=49.833
[AQ] SHOT fighter=ROBOT weapon=SMG t=49.917
[AQ] CONSUME fighter=ROBOT weapon=SMG reason=sequence-complete
[AQ] SPAWN_SLOT id=21 x=479 y=431 lead=2.00
[AQ] SPAWN_HEAL id=22 heal=HEAL_H1 restore=70
[AQ] REVEAL id=21 weapon=P90 eta=null lead=2.00 fighter=TIMEOUT force=true
[AQ] SPAWN_SLOT id=23 x=244 y=747 lead=2.00
[AQ] REVEAL id=23 weapon=SMG eta=0.76 lead=2.00 fighter=KUNGFU force=false
[AQ] PICKUP id=21 fighter=ROBOT weapon=P90
[AQ] USE fighter=ROBOT weapon=P90
[AQ] SHOT fighter=ROBOT weapon=P90 t=54.933
[AQ] SHOT fighter=ROBOT weapon=P90 t=54.983
[AQ] SHOT fighter=ROBOT weapon=P90 t=55.050
[AQ] SHOT fighter=ROBOT weapon=P90 t=55.117
[AQ] HIT source=ROBOT target=KUNGFU weapon=P90 damage=13.3
[AQ] SHOT fighter=ROBOT weapon=P90 t=55.183
[AQ] SHOT fighter=ROBOT weapon=P90 t=55.250
[AQ] SHOT fighter=ROBOT weapon=P90 t=55.317
[AQ] HIT source=ROBOT target=KUNGFU weapon=P90 damage=13.3
[AQ] SHOT fighter=ROBOT weapon=P90 t=55.383
[AQ] SHOT fighter=ROBOT weapon=P90 t=55.450
[AQ] SHOT fighter=ROBOT weapon=P90 t=55.517
[AQ] CONSUME fighter=ROBOT weapon=P90 reason=sequence-complete
[AQ] HIT source=ROBOT target=KUNGFU weapon=P90 damage=13.3
[AQ] PICKUP id=23 fighter=ROBOT weapon=SMG
[AQ] USE fighter=ROBOT weapon=SMG
[AQ] SHOT fighter=ROBOT weapon=SMG t=57.233
[AQ] SHOT fighter=ROBOT weapon=SMG t=57.317
[AQ] SHOT fighter=ROBOT weapon=SMG t=57.400
[AQ] SHOT fighter=ROBOT weapon=SMG t=57.483
[AQ] SHOT fighter=ROBOT weapon=SMG t=57.567
[AQ] SHOT fighter=ROBOT weapon=SMG t=57.650
[AQ] SHOT fighter=ROBOT weapon=SMG t=57.733
[AQ] SHOT fighter=ROBOT weapon=SMG t=57.817
[AQ] HIT source=ROBOT target=KUNGFU weapon=SMG damage=15.8
[AQ] CONSUME fighter=ROBOT weapon=SMG reason=sequence-complete
[AQ] SPAWN_SLOT id=24 x=877 y=107 lead=2.00
[AQ] PICKUP_HEAL id=22 fighter=ROBOT restore=70
[AQ] KO winner=ROBOT
PASS  quest-every-stage-resolves  — {"rows":[{"n":1,"opp":"PAINTER","live":"PAINTER","over":"ROBOT","natural":false},{"n":2,"opp":"DRUM","live":"DRUM","over":"ROBOT","natural":false},{"n":3,"opp":"CARD","live":"CARD","over":"ROBOT","natural":false},{"n":4,"opp":"ICE","live":"ICE","over":"ROBOT","natural":false},{"n":5,"opp":"MATH","live":"MATH","over":"ROBOT","natural":false},{"n":6,"opp":"BLADE","live":"BLADE","over":"ROBOT","natural":false},{"n":7,"opp":"TOXIC","live":"TOXIC","over":"ROBOT","natural":false},{"n":8,"opp":"ORBIT","live":"ORBIT","over":"ROBOT","natural":false},{"n":9,"opp":"FLASH","live":"FLASH","over":"ROBOT","natural":false},{"n":10,"opp":"ELECTRIC","live":"ELECTRIC","over":"ROBOT","natural":false},{"n":11,"opp":"VAMPIRE","live":"VAMPIRE","over":"ROBOT","natural":false},{"n":12,"opp":"SAW","live":"SAW","over":"ROBOT","natural":false},{"n":13,"opp":"HUNTER","live":"HUNTER","over":"HUNTER","natural":true},{"n":14,"opp":"WOLF","live":"WOLF","over":"ROBOT","natural":false},{"n":15,"opp":"CRYSTAL","live":"CRYSTAL","over":"ROBOT","natural":false},{"n":16,"opp":"MAGNET","live":"MAGNET","over":"ROBOT","natural":false},{"n":17,"opp":"BLACK_HOLE","live":"BLACK_HOLE","over":"ROBOT","natural":false},{"n":18,"opp":"WITCH","live":"WITCH","over":"ROBOT","natural":false},{"n":19,"opp":"TIME","live":"TIME","over":"ROBOT","natural":false},{"n":20,"opp":"MONK","live":"KUNGFU","over":"ROBOT","natural":false}]}
PASS  quest-canonical-bosses-run-rework-encounters  — [{"n":4,"opp":"ICE","rework":true,"nativeFromOpp":0},{"n":13,"opp":"HUNTER","rework":true,"nativeFromOpp":0},{"n":15,"opp":"CRYSTAL","rework":true,"nativeFromOpp":0},{"n":16,"opp":"MAGNET","rework":true,"nativeFromOpp":0},{"n":17,"opp":"BLACK_HOLE","rework":true,"nativeFromOpp":0},{"n":19,"opp":"TIME","rework":true,"nativeFromOpp":0}]
PASS  quest-legacy-bosses-keep-encounter-identities  — [{"n":1,"opp":"PAINTER","live":"PAINTER","rework":false},{"n":2,"opp":"DRUM","live":"DRUM","rework":false},{"n":3,"opp":"CARD","live":"CARD","rework":false},{"n":5,"opp":"MATH","live":"MATH","rework":false},{"n":6,"opp":"BLADE","live":"BLADE","rework":false},{"n":7,"opp":"TOXIC","live":"TOXIC","rework":false},{"n":8,"opp":"ORBIT","live":"ORBIT","rework":false},{"n":9,"opp":"FLASH","live":"FLASH","rework":false},{"n":10,"opp":"ELECTRIC","live":"ELECTRIC","rework":false},{"n":11,"opp":"VAMPIRE","live":"VAMPIRE","rework":false},{"n":12,"opp":"SAW","live":"SAW","rework":false},{"n":14,"opp":"WOLF","live":"WOLF","rework":false},{"n":18,"opp":"WITCH","live":"WITCH","rework":false},{"n":20,"opp":"MONK","live":"KUNGFU","rework":false}]
PASS  quest-stage-result-actions-correct  — [{"n":1,"mode":"quest-win","actions":["NEXT","REPLAY","QUEST MAP"]},{"n":2,"mode":"quest-win","actions":["NEXT","REPLAY","QUEST MAP"]},{"n":3,"mode":"quest-win","actions":["NEXT","REPLAY","QUEST MAP"]},{"n":4,"mode":"quest-win","actions":["NEXT","REPLAY","QUEST MAP"]},{"n":5,"mode":"quest-win","actions":["NEXT","REPLAY","QUEST MAP"]},{"n":6,"mode":"quest-win","actions":["NEXT","REPLAY","QUEST MAP"]},{"n":7,"mode":"quest-win","actions":["NEXT","REPLAY","QUEST MAP"]},{"n":8,"mode":"quest-win","actions":["NEXT","REPLAY","QUEST MAP"]},{"n":9,"mode":"quest-win","actions":["NEXT","REPLAY","QUEST MAP"]},{"n":10,"mode":"quest-win","actions":["NEXT","REPLAY","QUEST MAP"]},{"n":11,"mode":"quest-win","actions":["NEXT","REPLAY","QUEST MAP"]},{"n":12,"mode":"quest-win","actions":["NEXT","REPLAY","QUEST MAP"]},{"n":13,"mode":"quest-loss","actions":["RETRY","QUEST MAP"]},{"n":14,"mode":"quest-win","actions":["NEXT","REPLAY","QUEST MAP"]},{"n":15,"mode":"quest-win","actions":["NEXT","REPLAY","QUEST MAP"]},{"n":16,"mode":"quest-win","actions":["NEXT","REPLAY","QUEST MAP"]},{"n":17,"mode":"quest-win","actions":["NEXT","REPLAY","QUEST MAP"]},{"n":18,"mode":"quest-win","actions":["NEXT","REPLAY","QUEST MAP"]},{"n":19,"mode":"quest-win","actions":["NEXT","REPLAY","QUEST MAP"]},{"n":20,"mode":"quest-win","actions":["REPLAY","QUEST MAP"]}]
PASS  quest-p1-wins-recorded-to-save  — {"wins":19,"naturalWins":0,"saved":19}

==== ARSENAL QUEST HEADLESS TEST SUMMARY ====
{
  "total": 334,
  "passed": 333,
  "failed": [
    "postc-robot-dash-to-revealed"
  ]
}
non-fatal boot runtime load errors: [
  {
    "file": "/game/fighters/soccerChampionRuntime.js",
    "error": "image.addEventListener is not a function"
  }
]
report+evidence written under docs/arsenal-quest/evidence/
 ELIFECYCLE  Command failed with exit code 1.
